problem,solver,seed,tau,query_to_target,normalized_queries
HIMMELP3,zob_gda,1,0.1,11800.0,3933.3333333333335
HIMMELP3,zob_gda,1,0.01,13400.0,4466.666666666667
HIMMELP3,zob_gda,1,0.001,13600.0,4533.333333333333
HIMMELP3,zob_gda,2,0.1,11800.0,3933.3333333333335
HIMMELP3,zob_gda,2,0.01,13400.0,4466.666666666667
HIMMELP3,zob_gda,2,0.001,13600.0,4533.333333333333
HIMMELP3,zob_gda,3,0.1,11800.0,3933.3333333333335
HIMMELP3,zob_gda,3,0.01,13400.0,4466.666666666667
HIMMELP3,zob_gda,3,0.001,13600.0,4533.333333333333
HIMMELP3,zob_gda,4,0.1,11800.0,3933.3333333333335
HIMMELP3,zob_gda,4,0.01,13400.0,4466.666666666667
HIMMELP3,zob_gda,4,0.001,13600.0,4533.333333333333
HIMMELP3,zob_gda,5,0.1,11800.0,3933.3333333333335
HIMMELP3,zob_gda,5,0.01,13400.0,4466.666666666667
HIMMELP3,zob_gda,5,0.001,13600.0,4533.333333333333
HIMMELP3,zob_gda,6,0.1,11800.0,3933.3333333333335
HIMMELP3,zob_gda,6,0.01,13400.0,4466.666666666667
HIMMELP3,zob_gda,6,0.001,13600.0,4533.333333333333
HIMMELP3,zob_gda,7,0.1,11800.0,3933.3333333333335
HIMMELP3,zob_gda,7,0.01,13400.0,4466.666666666667
HIMMELP3,zob_gda,7,0.001,13600.0,4533.333333333333
HIMMELP3,zob_gda,8,0.1,11800.0,3933.3333333333335
HIMMELP3,zob_gda,8,0.01,13400.0,4466.666666666667
HIMMELP3,zob_gda,8,0.001,13600.0,4533.333333333333
HIMMELP3,zob_gda,9,0.1,11800.0,3933.3333333333335
HIMMELP3,zob_gda,9,0.01,13400.0,4466.666666666667
HIMMELP3,zob_gda,9,0.001,13600.0,4533.333333333333
HIMMELP3,zob_gda,10,0.1,11800.0,3933.3333333333335
HIMMELP3,zob_gda,10,0.01,13400.0,4466.666666666667
HIMMELP3,zob_gda,10,0.001,13600.0,4533.333333333333
HIMMELP6,zob_gda,1,0.1,6900.0,2300.0
HIMMELP6,zob_gda,1,0.01,10050.0,3350.0
HIMMELP6,zob_gda,1,0.001,10700.0,3566.6666666666665
HIMMELP6,zob_gda,2,0.1,6900.0,2300.0
HIMMELP6,zob_gda,2,0.01,10050.0,3350.0
HIMMELP6,zob_gda,2,0.001,10700.0,3566.6666666666665
HIMMELP6,zob_gda,3,0.1,6900.0,2300.0
HIMMELP6,zob_gda,3,0.01,10050.0,3350.0
HIMMELP6,zob_gda,3,0.001,10700.0,3566.6666666666665
HIMMELP6,zob_gda,4,0.1,6900.0,2300.0
HIMMELP6,zob_gda,4,0.01,10050.0,3350.0
HIMMELP6,zob_gda,4,0.001,10700.0,3566.6666666666665
HIMMELP6,zob_gda,5,0.1,6900.0,2300.0
HIMMELP6,zob_gda,5,0.01,10050.0,3350.0
HIMMELP6,zob_gda,5,0.001,10700.0,3566.6666666666665
HIMMELP6,zob_gda,6,0.1,6900.0,2300.0
HIMMELP6,zob_gda,6,0.01,10050.0,3350.0
HIMMELP6,zob_gda,6,0.001,10700.0,3566.6666666666665
HIMMELP6,zob_gda,7,0.1,6900.0,2300.0
HIMMELP6,zob_gda,7,0.01,10050.0,3350.0
HIMMELP6,zob_gda,7,0.001,10700.0,3566.6666666666665
HIMMELP6,zob_gda,8,0.1,6900.0,2300.0
HIMMELP6,zob_gda,8,0.01,10050.0,3350.0
HIMMELP6,zob_gda,8,0.001,10700.0,3566.6666666666665
HIMMELP6,zob_gda,9,0.1,6900.0,2300.0
HIMMELP6,zob_gda,9,0.01,10050.0,3350.0
HIMMELP6,zob_gda,9,0.001,10700.0,3566.6666666666665
HIMMELP6,zob_gda,10,0.1,6900.0,2300.0
HIMMELP6,zob_gda,10,0.01,10050.0,3350.0
HIMMELP6,zob_gda,10,0.001,10700.0,3566.6666666666665
MADSEN,zob_gda,1,0.1,650.0,162.5
MADSEN,zob_gda,1,0.01,3950.0,987.5
MADSEN,zob_gda,1,0.001,5700.0,1425.0
MADSEN,zob_gda,2,0.1,4000.0,1000.0
MADSEN,zob_gda,2,0.01,4050.0,1012.5
MADSEN,zob_gda,2,0.001,5550.0,1387.5
MADSEN,zob_gda,3,0.1,3700.0,925.0
MADSEN,zob_gda,3,0.01,3750.0,937.5
MADSEN,zob_gda,3,0.001,17150.0,4287.5
MADSEN,zob_gda,4,0.1,3850.0,962.5
MADSEN,zob_gda,4,0.01,3850.0,962.5
MADSEN,zob_gda,4,0.001,6650.0,1662.5
MADSEN,zob_gda,5,0.1,3850.0,962.5
MADSEN,zob_gda,5,0.01,3850.0,962.5
MADSEN,zob_gda,5,0.001,8050.0,2012.5
MADSEN,zob_gda,6,0.1,3650.0,912.5
MADSEN,zob_gda,6,0.01,3650.0,912.5
MADSEN,zob_gda,6,0.001,7650.0,1912.5
MADSEN,zob_gda,7,0.1,4100.0,1025.0
MADSEN,zob_gda,7,0.01,4100.0,1025.0
MADSEN,zob_gda,7,0.001,5700.0,1425.0
MADSEN,zob_gda,8,0.1,4150.0,1037.5
MADSEN,zob_gda,8,0.01,5350.0,1337.5
MADSEN,zob_gda,8,0.001,8700.0,2175.0
MADSEN,zob_gda,9,0.1,700.0,175.0
MADSEN,zob_gda,9,0.01,5000.0,1250.0
MADSEN,zob_gda,9,0.001,7900.0,1975.0
MADSEN,zob_gda,10,0.1,1000.0,250.0
MADSEN,zob_gda,10,0.01,5500.0,1375.0
MADSEN,zob_gda,10,0.001,7100.0,1775.0
MAKELA2,zob_gda,1,0.1,3000.0,750.0
MAKELA2,zob_gda,1,0.01,3000.0,750.0
MAKELA2,zob_gda,1,0.001,31950.0,7987.5
MAKELA2,zob_gda,2,0.1,2950.0,737.5
MAKELA2,zob_gda,2,0.01,2950.0,737.5
MAKELA2,zob_gda,2,0.001,39150.0,9787.5
MAKELA2,zob_gda,3,0.1,3050.0,762.5
MAKELA2,zob_gda,3,0.01,3050.0,762.5
MAKELA2,zob_gda,3,0.001,inf,inf
MAKELA2,zob_gda,4,0.1,3050.0,762.5
MAKELA2,zob_gda,4,0.01,3050.0,762.5
MAKELA2,zob_gda,4,0.001,46600.0,11650.0
MAKELA2,zob_gda,5,0.1,3000.0,750.0
MAKELA2,zob_gda,5,0.01,10300.0,2575.0
MAKELA2,zob_gda,5,0.001,21200.0,5300.0
MAKELA2,zob_gda,6,0.1,2950.0,737.5
MAKELA2,zob_gda,6,0.01,2950.0,737.5
MAKELA2,zob_gda,6,0.001,43300.0,10825.0
MAKELA2,zob_gda,7,0.1,3050.0,762.5
MAKELA2,zob_gda,7,0.01,10350.0,2587.5
MAKELA2,zob_gda,7,0.001,39250.0,9812.5
MAKELA2,zob_gda,8,0.1,2950.0,737.5
MAKELA2,zob_gda,8,0.01,6650.0,1662.5
MAKELA2,zob_gda,8,0.001,24550.0,6137.5
MAKELA2,zob_gda,9,0.1,3050.0,762.5
MAKELA2,zob_gda,9,0.01,10300.0,2575.0
MAKELA2,zob_gda,9,0.001,39250.0,9812.5
MAKELA2,zob_gda,10,0.1,3050.0,762.5
MAKELA2,zob_gda,10,0.01,10300.0,2575.0
MAKELA2,zob_gda,10,0.001,39250.0,9812.5
GIGOMEZ2,zob_gda,1,0.1,3150.0,787.5
GIGOMEZ2,zob_gda,1,0.01,3150.0,787.5
GIGOMEZ2,zob_gda,1,0.001,3150.0,787.5
GIGOMEZ2,zob_gda,2,0.1,3050.0,762.5
GIGOMEZ2,zob_gda,2,0.01,3050.0,762.5
GIGOMEZ2,zob_gda,2,0.001,3050.0,762.5
GIGOMEZ2,zob_gda,3,0.1,2900.0,725.0
GIGOMEZ2,zob_gda,3,0.01,2900.0,725.0
GIGOMEZ2,zob_gda,3,0.001,2900.0,725.0
GIGOMEZ2,zob_gda,4,0.1,3100.0,775.0
GIGOMEZ2,zob_gda,4,0.01,3100.0,775.0
GIGOMEZ2,zob_gda,4,0.001,3100.0,775.0
GIGOMEZ2,zob_gda,5,0.1,3050.0,762.5
GIGOMEZ2,zob_gda,5,0.01,3050.0,762.5
GIGOMEZ2,zob_gda,5,0.001,3050.0,762.5
GIGOMEZ2,zob_gda,6,0.1,3050.0,762.5
GIGOMEZ2,zob_gda,6,0.01,3050.0,762.5
GIGOMEZ2,zob_gda,6,0.001,3050.0,762.5
GIGOMEZ2,zob_gda,7,0.1,3050.0,762.5
GIGOMEZ2,zob_gda,7,0.01,3050.0,762.5
GIGOMEZ2,zob_gda,7,0.001,3050.0,762.5
GIGOMEZ2,zob_gda,8,0.1,3000.0,750.0
GIGOMEZ2,zob_gda,8,0.01,3000.0,750.0
GIGOMEZ2,zob_gda,8,0.001,3000.0,750.0
GIGOMEZ2,zob_gda,9,0.1,3000.0,750.0
GIGOMEZ2,zob_gda,9,0.01,3000.0,750.0
GIGOMEZ2,zob_gda,9,0.001,3000.0,750.0
GIGOMEZ2,zob_gda,10,0.1,2950.0,737.5
GIGOMEZ2,zob_gda,10,0.01,2950.0,737.5
GIGOMEZ2,zob_gda,10,0.001,2950.0,737.5
CANTILVR,zob_gda,1,0.1,inf,inf
CANTILVR,zob_gda,1,0.01,inf,inf
CANTILVR,zob_gda,1,0.001,inf,inf
CANTILVR,zob_gda,2,0.1,inf,inf
CANTILVR,zob_gda,2,0.01,inf,inf
CANTILVR,zob_gda,2,0.001,inf,inf
CANTILVR,zob_gda,3,0.1,inf,inf
CANTILVR,zob_gda,3,0.01,inf,inf
CANTILVR,zob_gda,3,0.001,inf,inf
CANTILVR,zob_gda,4,0.1,inf,inf
CANTILVR,zob_gda,4,0.01,inf,inf
CANTILVR,zob_gda,4,0.001,inf,inf
CANTILVR,zob_gda,5,0.1,inf,inf
CANTILVR,zob_gda,5,0.01,inf,inf
CANTILVR,zob_gda,5,0.001,inf,inf
CANTILVR,zob_gda,6,0.1,inf,inf
CANTILVR,zob_gda,6,0.01,inf,inf
CANTILVR,zob_gda,6,0.001,inf,inf
CANTILVR,zob_gda,7,0.1,inf,inf
CANTILVR,zob_gda,7,0.01,inf,inf
CANTILVR,zob_gda,7,0.001,inf,inf
CANTILVR,zob_gda,8,0.1,inf,inf
CANTILVR,zob_gda,8,0.01,inf,inf
CANTILVR,zob_gda,8,0.001,inf,inf
CANTILVR,zob_gda,9,0.1,inf,inf
CANTILVR,zob_gda,9,0.01,inf,inf
CANTILVR,zob_gda,9,0.001,inf,inf
CANTILVR,zob_gda,10,0.1,inf,inf
CANTILVR,zob_gda,10,0.01,inf,inf
CANTILVR,zob_gda,10,0.001,inf,inf
POLAK6,zob_gda,1,0.1,3250.0,541.6666666666666
POLAK6,zob_gda,1,0.01,14900.0,2483.3333333333335
POLAK6,zob_gda,1,0.001,inf,inf
POLAK6,zob_gda,2,0.1,6700.0,1116.6666666666667
POLAK6,zob_gda,2,0.01,14850.0,2475.0
POLAK6,zob_gda,2,0.001,inf,inf
POLAK6,zob_gda,3,0.1,6750.0,1125.0
POLAK6,zob_gda,3,0.01,9350.0,1558.3333333333333
POLAK6,zob_gda,3,0.001,inf,inf
POLAK6,zob_gda,4,0.1,3200.0,533.3333333333334
POLAK6,zob_gda,4,0.01,14900.0,2483.3333333333335
POLAK6,zob_gda,4,0.001,inf,inf
POLAK6,zob_gda,5,0.1,6900.0,1150.0
POLAK6,zob_gda,5,0.01,9450.0,1575.0
POLAK6,zob_gda,5,0.001,inf,inf
POLAK6,zob_gda,6,0.1,3250.0,541.6666666666666
POLAK6,zob_gda,6,0.01,9300.0,1550.0
POLAK6,zob_gda,6,0.001,inf,inf
POLAK6,zob_gda,7,0.1,3400.0,566.6666666666666
POLAK6,zob_gda,7,0.01,15000.0,2500.0
POLAK6,zob_gda,7,0.001,inf,inf
POLAK6,zob_gda,8,0.1,3450.0,575.0
POLAK6,zob_gda,8,0.01,9500.0,1583.3333333333333
POLAK6,zob_gda,8,0.001,inf,inf
POLAK6,zob_gda,9,0.1,3400.0,566.6666666666666
POLAK6,zob_gda,9,0.01,20850.0,3475.0
POLAK6,zob_gda,9,0.001,inf,inf
POLAK6,zob_gda,10,0.1,6800.0,1133.3333333333333
POLAK6,zob_gda,10,0.01,15000.0,2500.0
POLAK6,zob_gda,10,0.001,inf,inf
CRESC4,zob_gda,1,0.1,inf,inf
CRESC4,zob_gda,1,0.01,inf,inf
CRESC4,zob_gda,1,0.001,inf,inf
CRESC4,zob_gda,2,0.1,inf,inf
CRESC4,zob_gda,2,0.01,inf,inf
CRESC4,zob_gda,2,0.001,inf,inf
CRESC4,zob_gda,3,0.1,inf,inf
CRESC4,zob_gda,3,0.01,inf,inf
CRESC4,zob_gda,3,0.001,inf,inf
CRESC4,zob_gda,4,0.1,inf,inf
CRESC4,zob_gda,4,0.01,inf,inf
CRESC4,zob_gda,4,0.001,inf,inf
CRESC4,zob_gda,5,0.1,18200.0,2600.0
CRESC4,zob_gda,5,0.01,inf,inf
CRESC4,zob_gda,5,0.001,inf,inf
CRESC4,zob_gda,6,0.1,inf,inf
CRESC4,zob_gda,6,0.01,inf,inf
CRESC4,zob_gda,6,0.001,inf,inf
CRESC4,zob_gda,7,0.1,45300.0,6471.428571428572
CRESC4,zob_gda,7,0.01,inf,inf
CRESC4,zob_gda,7,0.001,inf,inf
CRESC4,zob_gda,8,0.1,inf,inf
CRESC4,zob_gda,8,0.01,inf,inf
CRESC4,zob_gda,8,0.001,inf,inf
CRESC4,zob_gda,9,0.1,inf,inf
CRESC4,zob_gda,9,0.01,inf,inf
CRESC4,zob_gda,9,0.001,inf,inf
CRESC4,zob_gda,10,0.1,inf,inf
CRESC4,zob_gda,10,0.01,inf,inf
CRESC4,zob_gda,10,0.001,inf,inf
HALDMADS,zob_gda,1,0.1,inf,inf
HALDMADS,zob_gda,1,0.01,inf,inf
HALDMADS,zob_gda,1,0.001,inf,inf
HALDMADS,zob_gda,2,0.1,inf,inf
HALDMADS,zob_gda,2,0.01,inf,inf
HALDMADS,zob_gda,2,0.001,inf,inf
HALDMADS,zob_gda,3,0.1,inf,inf
HALDMADS,zob_gda,3,0.01,inf,inf
HALDMADS,zob_gda,3,0.001,inf,inf
HALDMADS,zob_gda,4,0.1,48950.0,6992.857142857143
HALDMADS,zob_gda,4,0.01,inf,inf
HALDMADS,zob_gda,4,0.001,inf,inf
HALDMADS,zob_gda,5,0.1,inf,inf
HALDMADS,zob_gda,5,0.01,inf,inf
HALDMADS,zob_gda,5,0.001,inf,inf
HALDMADS,zob_gda,6,0.1,inf,inf
HALDMADS,zob_gda,6,0.01,inf,inf
HALDMADS,zob_gda,6,0.001,inf,inf
HALDMADS,zob_gda,7,0.1,inf,inf
HALDMADS,zob_gda,7,0.01,inf,inf
HALDMADS,zob_gda,7,0.001,inf,inf
HALDMADS,zob_gda,8,0.1,inf,inf
HALDMADS,zob_gda,8,0.01,inf,inf
HALDMADS,zob_gda,8,0.001,inf,inf
HALDMADS,zob_gda,9,0.1,21650.0,3092.8571428571427
HALDMADS,zob_gda,9,0.01,inf,inf
HALDMADS,zob_gda,9,0.001,inf,inf
HALDMADS,zob_gda,10,0.1,inf,inf
HALDMADS,zob_gda,10,0.01,inf,inf
HALDMADS,zob_gda,10,0.001,inf,inf
MATRIX2,zob_gda,1,0.1,600.0,85.71428571428571
MATRIX2,zob_gda,1,0.01,600.0,85.71428571428571
MATRIX2,zob_gda,1,0.001,600.0,85.71428571428571
MATRIX2,zob_gda,2,0.1,550.0,78.57142857142857
MATRIX2,zob_gda,2,0.01,550.0,78.57142857142857
MATRIX2,zob_gda,2,0.001,550.0,78.57142857142857
MATRIX2,zob_gda,3,0.1,650.0,92.85714285714286
MATRIX2,zob_gda,3,0.01,650.0,92.85714285714286
MATRIX2,zob_gda,3,0.001,650.0,92.85714285714286
MATRIX2,zob_gda,4,0.1,550.0,78.57142857142857
MATRIX2,zob_gda,4,0.01,550.0,78.57142857142857
MATRIX2,zob_gda,4,0.001,550.0,78.57142857142857
MATRIX2,zob_gda,5,0.1,600.0,85.71428571428571
MATRIX2,zob_gda,5,0.01,600.0,85.71428571428571
MATRIX2,zob_gda,5,0.001,600.0,85.71428571428571
MATRIX2,zob_gda,6,0.1,550.0,78.57142857142857
MATRIX2,zob_gda,6,0.01,550.0,78.57142857142857
MATRIX2,zob_gda,6,0.001,550.0,78.57142857142857
MATRIX2,zob_gda,7,0.1,550.0,78.57142857142857
MATRIX2,zob_gda,7,0.01,550.0,78.57142857142857
MATRIX2,zob_gda,7,0.001,550.0,78.57142857142857
MATRIX2,zob_gda,8,0.1,550.0,78.57142857142857
MATRIX2,zob_gda,8,0.01,550.0,78.57142857142857
MATRIX2,zob_gda,8,0.001,550.0,78.57142857142857
MATRIX2,zob_gda,9,0.1,600.0,85.71428571428571
MATRIX2,zob_gda,9,0.01,600.0,85.71428571428571
MATRIX2,zob_gda,9,0.001,600.0,85.71428571428571
MATRIX2,zob_gda,10,0.1,550.0,78.57142857142857
MATRIX2,zob_gda,10,0.01,550.0,78.57142857142857
MATRIX2,zob_gda,10,0.001,550.0,78.57142857142857
PENTAGON,zob_gda,1,0.1,200.0,28.571428571428573
PENTAGON,zob_gda,1,0.01,200.0,28.571428571428573
PENTAGON,zob_gda,1,0.001,650.0,92.85714285714286
PENTAGON,zob_gda,2,0.1,150.0,21.428571428571427
PENTAGON,zob_gda,2,0.01,150.0,21.428571428571427
PENTAGON,zob_gda,2,0.001,500.0,71.42857142857143
PENTAGON,zob_gda,3,0.1,150.0,21.428571428571427
PENTAGON,zob_gda,3,0.01,150.0,21.428571428571427
PENTAGON,zob_gda,3,0.001,550.0,78.57142857142857
PENTAGON,zob_gda,4,0.1,150.0,21.428571428571427
PENTAGON,zob_gda,4,0.01,150.0,21.428571428571427
PENTAGON,zob_gda,4,0.001,600.0,85.71428571428571
PENTAGON,zob_gda,5,0.1,150.0,21.428571428571427
PENTAGON,zob_gda,5,0.01,150.0,21.428571428571427
PENTAGON,zob_gda,5,0.001,550.0,78.57142857142857
PENTAGON,zob_gda,6,0.1,150.0,21.428571428571427
PENTAGON,zob_gda,6,0.01,150.0,21.428571428571427
PENTAGON,zob_gda,6,0.001,500.0,71.42857142857143
PENTAGON,zob_gda,7,0.1,150.0,21.428571428571427
PENTAGON,zob_gda,7,0.01,150.0,21.428571428571427
PENTAGON,zob_gda,7,0.001,500.0,71.42857142857143
PENTAGON,zob_gda,8,0.1,150.0,21.428571428571427
PENTAGON,zob_gda,8,0.01,150.0,21.428571428571427
PENTAGON,zob_gda,8,0.001,550.0,78.57142857142857
PENTAGON,zob_gda,9,0.1,200.0,28.571428571428573
PENTAGON,zob_gda,9,0.01,200.0,28.571428571428573
PENTAGON,zob_gda,9,0.001,500.0,71.42857142857143
PENTAGON,zob_gda,10,0.1,150.0,21.428571428571427
PENTAGON,zob_gda,10,0.01,150.0,21.428571428571427
PENTAGON,zob_gda,10,0.001,550.0,78.57142857142857
HS100,zob_gda,1,0.1,1.0,0.125
HS100,zob_gda,1,0.01,4600.0,575.0
HS100,zob_gda,1,0.001,12750.0,1593.75
HS100,zob_gda,2,0.1,1.0,0.125
HS100,zob_gda,2,0.01,4400.0,550.0
HS100,zob_gda,2,0.001,12550.0,1568.75
HS100,zob_gda,3,0.1,1.0,0.125
HS100,zob_gda,3,0.01,4350.0,543.75
HS100,zob_gda,3,0.001,11450.0,1431.25
HS100,zob_gda,4,0.1,1.0,0.125
HS100,zob_gda,4,0.01,4550.0,568.75
HS100,zob_gda,4,0.001,11350.0,1418.75
HS100,zob_gda,5,0.1,1.0,0.125
HS100,zob_gda,5,0.01,4400.0,550.0
HS100,zob_gda,5,0.001,11750.0,1468.75
HS100,zob_gda,6,0.1,1.0,0.125
HS100,zob_gda,6,0.01,4700.0,587.5
HS100,zob_gda,6,0.001,12300.0,1537.5
HS100,zob_gda,7,0.1,1.0,0.125
HS100,zob_gda,7,0.01,4450.0,556.25
HS100,zob_gda,7,0.001,12500.0,1562.5
HS100,zob_gda,8,0.1,1.0,0.125
HS100,zob_gda,8,0.01,4500.0,562.5
HS100,zob_gda,8,0.001,12250.0,1531.25
HS100,zob_gda,9,0.1,1.0,0.125
HS100,zob_gda,9,0.01,4550.0,568.75
HS100,zob_gda,9,0.001,12600.0,1575.0
HS100,zob_gda,10,0.1,1.0,0.125
HS100,zob_gda,10,0.01,4450.0,556.25
HS100,zob_gda,10,0.001,11900.0,1487.5
HS101,zob_gda,1,0.1,inf,inf
HS101,zob_gda,1,0.01,inf,inf
HS101,zob_gda,1,0.001,inf,inf
HS101,zob_gda,2,0.1,inf,inf
HS101,zob_gda,2,0.01,inf,inf
HS101,zob_gda,2,0.001,inf,inf
HS101,zob_gda,3,0.1,inf,inf
HS101,zob_gda,3,0.01,inf,inf
HS101,zob_gda,3,0.001,inf,inf
HS101,zob_gda,4,0.1,inf,inf
HS101,zob_gda,4,0.01,inf,inf
HS101,zob_gda,4,0.001,inf,inf
HS101,zob_gda,5,0.1,inf,inf
HS101,zob_gda,5,0.01,inf,inf
HS101,zob_gda,5,0.001,inf,inf
HS101,zob_gda,6,0.1,inf,inf
HS101,zob_gda,6,0.01,inf,inf
HS101,zob_gda,6,0.001,inf,inf
HS101,zob_gda,7,0.1,inf,inf
HS101,zob_gda,7,0.01,inf,inf
HS101,zob_gda,7,0.001,inf,inf
HS101,zob_gda,8,0.1,inf,inf
HS101,zob_gda,8,0.01,inf,inf
HS101,zob_gda,8,0.001,inf,inf
HS101,zob_gda,9,0.1,inf,inf
HS101,zob_gda,9,0.01,inf,inf
HS101,zob_gda,9,0.001,inf,inf
HS101,zob_gda,10,0.1,inf,inf
HS101,zob_gda,10,0.01,inf,inf
HS101,zob_gda,10,0.001,inf,inf
HS106,zob_gda,1,0.1,inf,inf
HS106,zob_gda,1,0.01,inf,inf
HS106,zob_gda,1,0.001,inf,inf
HS106,zob_gda,2,0.1,inf,inf
HS106,zob_gda,2,0.01,inf,inf
HS106,zob_gda,2,0.001,inf,inf
HS106,zob_gda,3,0.1,inf,inf
HS106,zob_gda,3,0.01,inf,inf
HS106,zob_gda,3,0.001,inf,inf
HS106,zob_gda,4,0.1,inf,inf
HS106,zob_gda,4,0.01,inf,inf
HS106,zob_gda,4,0.001,inf,inf
HS106,zob_gda,5,0.1,inf,inf
HS106,zob_gda,5,0.01,inf,inf
HS106,zob_gda,5,0.001,inf,inf
HS106,zob_gda,6,0.1,inf,inf
HS106,zob_gda,6,0.01,inf,inf
HS106,zob_gda,6,0.001,inf,inf
HS106,zob_gda,7,0.1,inf,inf
HS106,zob_gda,7,0.01,inf,inf
HS106,zob_gda,7,0.001,inf,inf
HS106,zob_gda,8,0.1,inf,inf
HS106,zob_gda,8,0.01,inf,inf
HS106,zob_gda,8,0.001,inf,inf
HS106,zob_gda,9,0.1,inf,inf
HS106,zob_gda,9,0.01,inf,inf
HS106,zob_gda,9,0.001,inf,inf
HS106,zob_gda,10,0.1,inf,inf
HS106,zob_gda,10,0.01,inf,inf
HS106,zob_gda,10,0.001,inf,inf
HS104,zob_gda,1,0.1,1650.0,183.33333333333334
HS104,zob_gda,1,0.01,inf,inf
HS104,zob_gda,1,0.001,inf,inf
HS104,zob_gda,2,0.1,1600.0,177.77777777777777
HS104,zob_gda,2,0.01,7800.0,866.6666666666666
HS104,zob_gda,2,0.001,49500.0,5500.0
HS104,zob_gda,3,0.1,1600.0,177.77777777777777
HS104,zob_gda,3,0.01,7300.0,811.1111111111111
HS104,zob_gda,3,0.001,inf,inf
HS104,zob_gda,4,0.1,3350.0,372.22222222222223
HS104,zob_gda,4,0.01,45450.0,5050.0
HS104,zob_gda,4,0.001,45450.0,5050.0
HS104,zob_gda,5,0.1,1600.0,177.77777777777777
HS104,zob_gda,5,0.01,45250.0,5027.777777777777
HS104,zob_gda,5,0.001,45250.0,5027.777777777777
HS104,zob_gda,6,0.1,1600.0,177.77777777777777
HS104,zob_gda,6,0.01,41700.0,4633.333333333333
HS104,zob_gda,6,0.001,inf,inf
HS104,zob_gda,7,0.1,1650.0,183.33333333333334
HS104,zob_gda,7,0.01,37500.0,4166.666666666667
HS104,zob_gda,7,0.001,45000.0,5000.0
HS104,zob_gda,8,0.1,1650.0,183.33333333333334
HS104,zob_gda,8,0.01,12750.0,1416.6666666666667
HS104,zob_gda,8,0.001,inf,inf
HS104,zob_gda,9,0.1,1600.0,177.77777777777777
HS104,zob_gda,9,0.01,42000.0,4666.666666666667
HS104,zob_gda,9,0.001,42000.0,4666.666666666667
HS104,zob_gda,10,0.1,1600.0,177.77777777777777
HS104,zob_gda,10,0.01,45700.0,5077.777777777777
HS104,zob_gda,10,0.001,45700.0,5077.777777777777
HS108,zob_gda,1,0.1,inf,inf
HS108,zob_gda,1,0.01,inf,inf
HS108,zob_gda,1,0.001,inf,inf
HS108,zob_gda,2,0.1,2500.0,250.0
HS108,zob_gda,2,0.01,inf,inf
HS108,zob_gda,2,0.001,inf,inf
HS108,zob_gda,3,0.1,1250.0,125.0
HS108,zob_gda,3,0.01,inf,inf
HS108,zob_gda,3,0.001,inf,inf
HS108,zob_gda,4,0.1,3850.0,385.0
HS108,zob_gda,4,0.01,inf,inf
HS108,zob_gda,4,0.001,inf,inf
HS108,zob_gda,5,0.1,1050.0,105.0
HS108,zob_gda,5,0.01,inf,inf
HS108,zob_gda,5,0.001,inf,inf
HS108,zob_gda,6,0.1,1600.0,160.0
HS108,zob_gda,6,0.01,inf,inf
HS108,zob_gda,6,0.001,inf,inf
HS108,zob_gda,7,0.1,2350.0,235.0
HS108,zob_gda,7,0.01,inf,inf
HS108,zob_gda,7,0.001,inf,inf
HS108,zob_gda,8,0.1,2700.0,270.0
HS108,zob_gda,8,0.01,inf,inf
HS108,zob_gda,8,0.001,inf,inf
HS108,zob_gda,9,0.1,2150.0,215.0
HS108,zob_gda,9,0.01,inf,inf
HS108,zob_gda,9,0.001,inf,inf
HS108,zob_gda,10,0.1,1350.0,135.0
HS108,zob_gda,10,0.01,inf,inf
HS108,zob_gda,10,0.001,inf,inf
HS113,zob_gda,1,0.1,11050.0,1004.5454545454545
HS113,zob_gda,1,0.01,34450.0,3131.818181818182
HS113,zob_gda,1,0.001,inf,inf
HS113,zob_gda,2,0.1,10900.0,990.9090909090909
HS113,zob_gda,2,0.01,32100.0,2918.181818181818
HS113,zob_gda,2,0.001,inf,inf
HS113,zob_gda,3,0.1,11050.0,1004.5454545454545
HS113,zob_gda,3,0.01,32400.0,2945.4545454545455
HS113,zob_gda,3,0.001,inf,inf
HS113,zob_gda,4,0.1,11000.0,1000.0
HS113,zob_gda,4,0.01,34550.0,3140.909090909091
HS113,zob_gda,4,0.001,inf,inf
HS113,zob_gda,5,0.1,10850.0,986.3636363636364
HS113,zob_gda,5,0.01,37750.0,3431.818181818182
HS113,zob_gda,5,0.001,inf,inf
HS113,zob_gda,6,0.1,11050.0,1004.5454545454545
HS113,zob_gda,6,0.01,32250.0,2931.818181818182
HS113,zob_gda,6,0.001,inf,inf
HS113,zob_gda,7,0.1,11150.0,1013.6363636363636
HS113,zob_gda,7,0.01,37300.0,3390.909090909091
HS113,zob_gda,7,0.001,inf,inf
HS113,zob_gda,8,0.1,10700.0,972.7272727272727
HS113,zob_gda,8,0.01,32300.0,2936.3636363636365
HS113,zob_gda,8,0.001,inf,inf
HS113,zob_gda,9,0.1,10900.0,990.9090909090909
HS113,zob_gda,9,0.01,34400.0,3127.2727272727275
HS113,zob_gda,9,0.001,inf,inf
HS113,zob_gda,10,0.1,10800.0,981.8181818181819
HS113,zob_gda,10,0.01,32300.0,2936.3636363636365
HS113,zob_gda,10,0.001,inf,inf
POLAK3,zob_gda,1,0.1,22350.0,1719.2307692307693
POLAK3,zob_gda,1,0.01,38200.0,2938.4615384615386
POLAK3,zob_gda,1,0.001,inf,inf
POLAK3,zob_gda,2,0.1,22750.0,1750.0
POLAK3,zob_gda,2,0.01,31000.0,2384.6153846153848
POLAK3,zob_gda,2,0.001,inf,inf
POLAK3,zob_gda,3,0.1,22450.0,1726.923076923077
POLAK3,zob_gda,3,0.01,30750.0,2365.3846153846152
POLAK3,zob_gda,3,0.001,inf,inf
POLAK3,zob_gda,4,0.1,14200.0,1092.3076923076924
POLAK3,zob_gda,4,0.01,inf,inf
POLAK3,zob_gda,4,0.001,inf,inf
POLAK3,zob_gda,5,0.1,22600.0,1738.4615384615386
POLAK3,zob_gda,5,0.01,inf,inf
POLAK3,zob_gda,5,0.001,inf,inf
POLAK3,zob_gda,6,0.1,22300.0,1715.3846153846155
POLAK3,zob_gda,6,0.01,inf,inf
POLAK3,zob_gda,6,0.001,inf,inf
POLAK3,zob_gda,7,0.1,14250.0,1096.1538461538462
POLAK3,zob_gda,7,0.01,inf,inf
POLAK3,zob_gda,7,0.001,inf,inf
POLAK3,zob_gda,8,0.1,22400.0,1723.076923076923
POLAK3,zob_gda,8,0.01,inf,inf
POLAK3,zob_gda,8,0.001,inf,inf
POLAK3,zob_gda,9,0.1,22450.0,1726.923076923077
POLAK3,zob_gda,9,0.01,inf,inf
POLAK3,zob_gda,9,0.001,inf,inf
POLAK3,zob_gda,10,0.1,21950.0,1688.4615384615386
POLAK3,zob_gda,10,0.01,29750.0,2288.4615384615386
POLAK3,zob_gda,10,0.001,inf,inf
HS116,zob_gda,1,0.1,inf,inf
HS116,zob_gda,1,0.01,inf,inf
HS116,zob_gda,1,0.001,inf,inf
HS116,zob_gda,2,0.1,inf,inf
HS116,zob_gda,2,0.01,inf,inf
HS116,zob_gda,2,0.001,inf,inf
HS116,zob_gda,3,0.1,inf,inf
HS116,zob_gda,3,0.01,inf,inf
HS116,zob_gda,3,0.001,inf,inf
HS116,zob_gda,4,0.1,inf,inf
HS116,zob_gda,4,0.01,inf,inf
HS116,zob_gda,4,0.001,inf,inf
HS116,zob_gda,5,0.1,inf,inf
HS116,zob_gda,5,0.01,inf,inf
HS116,zob_gda,5,0.001,inf,inf
HS116,zob_gda,6,0.1,inf,inf
HS116,zob_gda,6,0.01,inf,inf
HS116,zob_gda,6,0.001,inf,inf
HS116,zob_gda,7,0.1,inf,inf
HS116,zob_gda,7,0.01,inf,inf
HS116,zob_gda,7,0.001,inf,inf
HS116,zob_gda,8,0.1,inf,inf
HS116,zob_gda,8,0.01,inf,inf
HS116,zob_gda,8,0.001,inf,inf
HS116,zob_gda,9,0.1,inf,inf
HS116,zob_gda,9,0.01,inf,inf
HS116,zob_gda,9,0.001,inf,inf
HS116,zob_gda,10,0.1,inf,inf
HS116,zob_gda,10,0.01,inf,inf
HS116,zob_gda,10,0.001,inf,inf
HAIFAS,zob_gda,1,0.1,550.0,39.285714285714285
HAIFAS,zob_gda,1,0.01,29500.0,2107.1428571428573
HAIFAS,zob_gda,1,0.001,inf,inf
HAIFAS,zob_gda,2,0.1,600.0,42.857142857142854
HAIFAS,zob_gda,2,0.01,1500.0,107.14285714285714
HAIFAS,zob_gda,2,0.001,7250.0,517.8571428571429
HAIFAS,zob_gda,3,0.1,550.0,39.285714285714285
HAIFAS,zob_gda,3,0.01,1700.0,121.42857142857143
HAIFAS,zob_gda,3,0.001,inf,inf
HAIFAS,zob_gda,4,0.1,800.0,57.142857142857146
HAIFAS,zob_gda,4,0.01,1650.0,117.85714285714286
HAIFAS,zob_gda,4,0.001,inf,inf
HAIFAS,zob_gda,5,0.1,400.0,28.571428571428573
HAIFAS,zob_gda,5,0.01,3300.0,235.71428571428572
HAIFAS,zob_gda,5,0.001,inf,inf
HAIFAS,zob_gda,6,0.1,1000.0,71.42857142857143
HAIFAS,zob_gda,6,0.01,5500.0,392.85714285714283
HAIFAS,zob_gda,6,0.001,inf,inf
HAIFAS,zob_gda,7,0.1,500.0,35.714285714285715
HAIFAS,zob_gda,7,0.01,2950.0,210.71428571428572
HAIFAS,zob_gda,7,0.001,inf,inf
HAIFAS,zob_gda,8,0.1,500.0,35.714285714285715
HAIFAS,zob_gda,8,0.01,650.0,46.42857142857143
HAIFAS,zob_gda,8,0.001,inf,inf
HAIFAS,zob_gda,9,0.1,650.0,46.42857142857143
HAIFAS,zob_gda,9,0.01,9000.0,642.8571428571429
HAIFAS,zob_gda,9,0.001,inf,inf
HAIFAS,zob_gda,10,0.1,600.0,42.857142857142854
HAIFAS,zob_gda,10,0.01,3000.0,214.28571428571428
HAIFAS,zob_gda,10,0.001,17850.0,1275.0
HS117,zob_gda,1,0.1,inf,inf
HS117,zob_gda,1,0.01,inf,inf
HS117,zob_gda,1,0.001,inf,inf
HS117,zob_gda,2,0.1,inf,inf
HS117,zob_gda,2,0.01,inf,inf
HS117,zob_gda,2,0.001,inf,inf
HS117,zob_gda,3,0.1,inf,inf
HS117,zob_gda,3,0.01,inf,inf
HS117,zob_gda,3,0.001,inf,inf
HS117,zob_gda,4,0.1,inf,inf
HS117,zob_gda,4,0.01,inf,inf
HS117,zob_gda,4,0.001,inf,inf
HS117,zob_gda,5,0.1,inf,inf
HS117,zob_gda,5,0.01,inf,inf
HS117,zob_gda,5,0.001,inf,inf
HS117,zob_gda,6,0.1,inf,inf
HS117,zob_gda,6,0.01,inf,inf
HS117,zob_gda,6,0.001,inf,inf
HS117,zob_gda,7,0.1,inf,inf
HS117,zob_gda,7,0.01,inf,inf
HS117,zob_gda,7,0.001,inf,inf
HS117,zob_gda,8,0.1,inf,inf
HS117,zob_gda,8,0.01,inf,inf
HS117,zob_gda,8,0.001,inf,inf
HS117,zob_gda,9,0.1,inf,inf
HS117,zob_gda,9,0.01,inf,inf
HS117,zob_gda,9,0.001,inf,inf
HS117,zob_gda,10,0.1,inf,inf
HS117,zob_gda,10,0.01,inf,inf
HS117,zob_gda,10,0.001,inf,inf
MAKELA3,zob_gda,1,0.1,17400.0,790.9090909090909
MAKELA3,zob_gda,1,0.01,47450.0,2156.818181818182
MAKELA3,zob_gda,1,0.001,inf,inf
MAKELA3,zob_gda,2,0.1,18350.0,834.0909090909091
MAKELA3,zob_gda,2,0.01,41200.0,1872.7272727272727
MAKELA3,zob_gda,2,0.001,inf,inf
MAKELA3,zob_gda,3,0.1,16550.0,752.2727272727273
MAKELA3,zob_gda,3,0.01,38450.0,1747.7272727272727
MAKELA3,zob_gda,3,0.001,inf,inf
MAKELA3,zob_gda,4,0.1,20700.0,940.9090909090909
MAKELA3,zob_gda,4,0.01,41800.0,1900.0
MAKELA3,zob_gda,4,0.001,inf,inf
MAKELA3,zob_gda,5,0.1,17050.0,775.0
MAKELA3,zob_gda,5,0.01,44250.0,2011.3636363636363
MAKELA3,zob_gda,5,0.001,inf,inf
MAKELA3,zob_gda,6,0.1,17750.0,806.8181818181819
MAKELA3,zob_gda,6,0.01,39800.0,1809.090909090909
MAKELA3,zob_gda,6,0.001,inf,inf
MAKELA3,zob_gda,7,0.1,17600.0,800.0
MAKELA3,zob_gda,7,0.01,31850.0,1447.7272727272727
MAKELA3,zob_gda,7,0.001,inf,inf
MAKELA3,zob_gda,8,0.1,21100.0,959.0909090909091
MAKELA3,zob_gda,8,0.01,inf,inf
MAKELA3,zob_gda,8,0.001,inf,inf
MAKELA3,zob_gda,9,0.1,16700.0,759.0909090909091
MAKELA3,zob_gda,9,0.01,49800.0,2263.6363636363635
MAKELA3,zob_gda,9,0.001,inf,inf
MAKELA3,zob_gda,10,0.1,20900.0,950.0
MAKELA3,zob_gda,10,0.01,42450.0,1929.5454545454545
MAKELA3,zob_gda,10,0.001,inf,inf
OPTPRLOC,zob_gda,1,0.1,1850.0,59.67741935483871
OPTPRLOC,zob_gda,1,0.01,inf,inf
OPTPRLOC,zob_gda,1,0.001,inf,inf
OPTPRLOC,zob_gda,2,0.1,inf,inf
OPTPRLOC,zob_gda,2,0.01,inf,inf
OPTPRLOC,zob_gda,2,0.001,inf,inf
OPTPRLOC,zob_gda,3,0.1,inf,inf
OPTPRLOC,zob_gda,3,0.01,inf,inf
OPTPRLOC,zob_gda,3,0.001,inf,inf
OPTPRLOC,zob_gda,4,0.1,inf,inf
OPTPRLOC,zob_gda,4,0.01,inf,inf
OPTPRLOC,zob_gda,4,0.001,inf,inf
OPTPRLOC,zob_gda,5,0.1,inf,inf
OPTPRLOC,zob_gda,5,0.01,inf,inf
OPTPRLOC,zob_gda,5,0.001,inf,inf
OPTPRLOC,zob_gda,6,0.1,inf,inf
OPTPRLOC,zob_gda,6,0.01,inf,inf
OPTPRLOC,zob_gda,6,0.001,inf,inf
OPTPRLOC,zob_gda,7,0.1,inf,inf
OPTPRLOC,zob_gda,7,0.01,inf,inf
OPTPRLOC,zob_gda,7,0.001,inf,inf
OPTPRLOC,zob_gda,8,0.1,inf,inf
OPTPRLOC,zob_gda,8,0.01,inf,inf
OPTPRLOC,zob_gda,8,0.001,inf,inf
OPTPRLOC,zob_gda,9,0.1,inf,inf
OPTPRLOC,zob_gda,9,0.01,inf,inf
OPTPRLOC,zob_gda,9,0.001,inf,inf
OPTPRLOC,zob_gda,10,0.1,inf,inf
OPTPRLOC,zob_gda,10,0.01,inf,inf
OPTPRLOC,zob_gda,10,0.001,inf,inf
AIRPORT,zob_gda,1,0.1,inf,inf
AIRPORT,zob_gda,1,0.01,inf,inf
AIRPORT,zob_gda,1,0.001,inf,inf
AIRPORT,zob_gda,2,0.1,inf,inf
AIRPORT,zob_gda,2,0.01,inf,inf
AIRPORT,zob_gda,2,0.001,inf,inf
AIRPORT,zob_gda,3,0.1,inf,inf
AIRPORT,zob_gda,3,0.01,inf,inf
AIRPORT,zob_gda,3,0.001,inf,inf
AIRPORT,zob_gda,4,0.1,inf,inf
AIRPORT,zob_gda,4,0.01,inf,inf
AIRPORT,zob_gda,4,0.001,inf,inf
AIRPORT,zob_gda,5,0.1,inf,inf
AIRPORT,zob_gda,5,0.01,inf,inf
AIRPORT,zob_gda,5,0.001,inf,inf
AIRPORT,zob_gda,6,0.1,inf,inf
AIRPORT,zob_gda,6,0.01,inf,inf
AIRPORT,zob_gda,6,0.001,inf,inf
AIRPORT,zob_gda,7,0.1,inf,inf
AIRPORT,zob_gda,7,0.01,inf,inf
AIRPORT,zob_gda,7,0.001,inf,inf
AIRPORT,zob_gda,8,0.1,inf,inf
AIRPORT,zob_gda,8,0.01,inf,inf
AIRPORT,zob_gda,8,0.001,inf,inf
AIRPORT,zob_gda,9,0.1,inf,inf
AIRPORT,zob_gda,9,0.01,inf,inf
AIRPORT,zob_gda,9,0.001,inf,inf
AIRPORT,zob_gda,10,0.1,inf,inf
AIRPORT,zob_gda,10,0.01,inf,inf
AIRPORT,zob_gda,10,0.001,inf,inf
HAIFAM,zob_gda,1,0.1,2400.0,24.0
HAIFAM,zob_gda,1,0.01,inf,inf
HAIFAM,zob_gda,1,0.001,inf,inf
HAIFAM,zob_gda,2,0.1,1850.0,18.5
HAIFAM,zob_gda,2,0.01,inf,inf
HAIFAM,zob_gda,2,0.001,inf,inf
HAIFAM,zob_gda,3,0.1,2350.0,23.5
HAIFAM,zob_gda,3,0.01,inf,inf
HAIFAM,zob_gda,3,0.001,inf,inf
HAIFAM,zob_gda,4,0.1,2150.0,21.5
HAIFAM,zob_gda,4,0.01,inf,inf
HAIFAM,zob_gda,4,0.001,inf,inf
HAIFAM,zob_gda,5,0.1,6050.0,60.5
HAIFAM,zob_gda,5,0.01,inf,inf
HAIFAM,zob_gda,5,0.001,inf,inf
HAIFAM,zob_gda,6,0.1,5600.0,56.0
HAIFAM,zob_gda,6,0.01,inf,inf
HAIFAM,zob_gda,6,0.001,inf,inf
HAIFAM,zob_gda,7,0.1,3600.0,36.0
HAIFAM,zob_gda,7,0.01,inf,inf
HAIFAM,zob_gda,7,0.001,inf,inf
HAIFAM,zob_gda,8,0.1,2600.0,26.0
HAIFAM,zob_gda,8,0.01,inf,inf
HAIFAM,zob_gda,8,0.001,inf,inf
HAIFAM,zob_gda,9,0.1,1700.0,17.0
HAIFAM,zob_gda,9,0.01,inf,inf
HAIFAM,zob_gda,9,0.001,inf,inf
HAIFAM,zob_gda,10,0.1,2150.0,21.5
HAIFAM,zob_gda,10,0.01,inf,inf
HAIFAM,zob_gda,10,0.001,inf,inf
HIMMELBI,zob_gda,1,0.1,inf,inf
HIMMELBI,zob_gda,1,0.01,inf,inf
HIMMELBI,zob_gda,1,0.001,inf,inf
HIMMELBI,zob_gda,2,0.1,inf,inf
HIMMELBI,zob_gda,2,0.01,inf,inf
HIMMELBI,zob_gda,2,0.001,inf,inf
HIMMELBI,zob_gda,3,0.1,inf,inf
HIMMELBI,zob_gda,3,0.01,inf,inf
HIMMELBI,zob_gda,3,0.001,inf,inf
HIMMELBI,zob_gda,4,0.1,inf,inf
HIMMELBI,zob_gda,4,0.01,inf,inf
HIMMELBI,zob_gda,4,0.001,inf,inf
HIMMELBI,zob_gda,5,0.1,inf,inf
HIMMELBI,zob_gda,5,0.01,inf,inf
HIMMELBI,zob_gda,5,0.001,inf,inf
HIMMELBI,zob_gda,6,0.1,inf,inf
HIMMELBI,zob_gda,6,0.01,inf,inf
HIMMELBI,zob_gda,6,0.001,inf,inf
HIMMELBI,zob_gda,7,0.1,inf,inf
HIMMELBI,zob_gda,7,0.01,inf,inf
HIMMELBI,zob_gda,7,0.001,inf,inf
HIMMELBI,zob_gda,8,0.1,inf,inf
HIMMELBI,zob_gda,8,0.01,inf,inf
HIMMELBI,zob_gda,8,0.001,inf,inf
HIMMELBI,zob_gda,9,0.1,inf,inf
HIMMELBI,zob_gda,9,0.01,inf,inf
HIMMELBI,zob_gda,9,0.001,inf,inf
HIMMELBI,zob_gda,10,0.1,inf,inf
HIMMELBI,zob_gda,10,0.01,inf,inf
HIMMELBI,zob_gda,10,0.001,inf,inf
MADSSCHJ,zob_gda,1,0.1,inf,inf
MADSSCHJ,zob_gda,1,0.01,inf,inf
MADSSCHJ,zob_gda,1,0.001,inf,inf
MADSSCHJ,zob_gda,2,0.1,inf,inf
MADSSCHJ,zob_gda,2,0.01,inf,inf
MADSSCHJ,zob_gda,2,0.001,inf,inf
MADSSCHJ,zob_gda,3,0.1,inf,inf
MADSSCHJ,zob_gda,3,0.01,inf,inf
MADSSCHJ,zob_gda,3,0.001,inf,inf
MADSSCHJ,zob_gda,4,0.1,inf,inf
MADSSCHJ,zob_gda,4,0.01,inf,inf
MADSSCHJ,zob_gda,4,0.001,inf,inf
MADSSCHJ,zob_gda,5,0.1,inf,inf
MADSSCHJ,zob_gda,5,0.01,inf,inf
MADSSCHJ,zob_gda,5,0.001,inf,inf
MADSSCHJ,zob_gda,6,0.1,inf,inf
MADSSCHJ,zob_gda,6,0.01,inf,inf
MADSSCHJ,zob_gda,6,0.001,inf,inf
MADSSCHJ,zob_gda,7,0.1,inf,inf
MADSSCHJ,zob_gda,7,0.01,inf,inf
MADSSCHJ,zob_gda,7,0.001,inf,inf
MADSSCHJ,zob_gda,8,0.1,inf,inf
MADSSCHJ,zob_gda,8,0.01,inf,inf
MADSSCHJ,zob_gda,8,0.001,inf,inf
MADSSCHJ,zob_gda,9,0.1,inf,inf
MADSSCHJ,zob_gda,9,0.01,inf,inf
MADSSCHJ,zob_gda,9,0.001,inf,inf
MADSSCHJ,zob_gda,10,0.1,inf,inf
MADSSCHJ,zob_gda,10,0.01,inf,inf
MADSSCHJ,zob_gda,10,0.001,inf,inf
HAIFAL,zob_gda,1,0.1,1.0,0.0029069767441860465
HAIFAL,zob_gda,1,0.01,inf,inf
HAIFAL,zob_gda,1,0.001,inf,inf
HAIFAL,zob_gda,2,0.1,1.0,0.0029069767441860465
HAIFAL,zob_gda,2,0.01,inf,inf
HAIFAL,zob_gda,2,0.001,inf,inf
HAIFAL,zob_gda,3,0.1,1.0,0.0029069767441860465
HAIFAL,zob_gda,3,0.01,inf,inf
HAIFAL,zob_gda,3,0.001,inf,inf
HAIFAL,zob_gda,4,0.1,1.0,0.0029069767441860465
HAIFAL,zob_gda,4,0.01,inf,inf
HAIFAL,zob_gda,4,0.001,inf,inf
HAIFAL,zob_gda,5,0.1,1.0,0.0029069767441860465
HAIFAL,zob_gda,5,0.01,inf,inf
HAIFAL,zob_gda,5,0.001,inf,inf
HAIFAL,zob_gda,6,0.1,1.0,0.0029069767441860465
HAIFAL,zob_gda,6,0.01,inf,inf
HAIFAL,zob_gda,6,0.001,inf,inf
HAIFAL,zob_gda,7,0.1,1.0,0.0029069767441860465
HAIFAL,zob_gda,7,0.01,inf,inf
HAIFAL,zob_gda,7,0.001,inf,inf
HAIFAL,zob_gda,8,0.1,1.0,0.0029069767441860465
HAIFAL,zob_gda,8,0.01,inf,inf
HAIFAL,zob_gda,8,0.001,inf,inf
HAIFAL,zob_gda,9,0.1,1.0,0.0029069767441860465
HAIFAL,zob_gda,9,0.01,inf,inf
HAIFAL,zob_gda,9,0.001,inf,inf
HAIFAL,zob_gda,10,0.1,1.0,0.0029069767441860465
HAIFAL,zob_gda,10,0.01,inf,inf
HAIFAL,zob_gda,10,0.001,inf,inf
CAMSHAPE,zob_gda,1,0.1,inf,inf
CAMSHAPE,zob_gda,1,0.01,inf,inf
CAMSHAPE,zob_gda,1,0.001,inf,inf
CAMSHAPE,zob_gda,2,0.1,inf,inf
CAMSHAPE,zob_gda,2,0.01,inf,inf
CAMSHAPE,zob_gda,2,0.001,inf,inf
CAMSHAPE,zob_gda,3,0.1,inf,inf
CAMSHAPE,zob_gda,3,0.01,inf,inf
CAMSHAPE,zob_gda,3,0.001,inf,inf
CAMSHAPE,zob_gda,4,0.1,inf,inf
CAMSHAPE,zob_gda,4,0.01,inf,inf
CAMSHAPE,zob_gda,4,0.001,inf,inf
CAMSHAPE,zob_gda,5,0.1,inf,inf
CAMSHAPE,zob_gda,5,0.01,inf,inf
CAMSHAPE,zob_gda,5,0.001,inf,inf
CAMSHAPE,zob_gda,6,0.1,inf,inf
CAMSHAPE,zob_gda,6,0.01,inf,inf
CAMSHAPE,zob_gda,6,0.001,inf,inf
CAMSHAPE,zob_gda,7,0.1,inf,inf
CAMSHAPE,zob_gda,7,0.01,inf,inf
CAMSHAPE,zob_gda,7,0.001,inf,inf
CAMSHAPE,zob_gda,8,0.1,inf,inf
CAMSHAPE,zob_gda,8,0.01,inf,inf
CAMSHAPE,zob_gda,8,0.001,inf,inf
CAMSHAPE,zob_gda,9,0.1,inf,inf
CAMSHAPE,zob_gda,9,0.01,inf,inf
CAMSHAPE,zob_gda,9,0.001,inf,inf
CAMSHAPE,zob_gda,10,0.1,inf,inf
CAMSHAPE,zob_gda,10,0.01,inf,inf
CAMSHAPE,zob_gda,10,0.001,inf,inf
ROSEPETAL,zob_gda,1,0.1,30000.0,29.97002997002997
ROSEPETAL,zob_gda,1,0.01,30700.0,30.66933066933067
ROSEPETAL,zob_gda,1,0.001,45950.0,45.904095904095904
ROSEPETAL,zob_gda,2,0.1,29800.0,29.77022977022977
ROSEPETAL,zob_gda,2,0.01,30250.0,30.21978021978022
ROSEPETAL,zob_gda,2,0.001,45350.0,45.30469530469531
ROSEPETAL,zob_gda,3,0.1,30400.0,30.369630369630368
ROSEPETAL,zob_gda,3,0.01,30400.0,30.369630369630368
ROSEPETAL,zob_gda,3,0.001,45350.0,45.30469530469531
ROSEPETAL,zob_gda,4,0.1,29700.0,29.67032967032967
ROSEPETAL,zob_gda,4,0.01,30250.0,30.21978021978022
ROSEPETAL,zob_gda,4,0.001,45100.0,45.05494505494506
ROSEPETAL,zob_gda,5,0.1,30000.0,29.97002997002997
ROSEPETAL,zob_gda,5,0.01,30250.0,30.21978021978022
ROSEPETAL,zob_gda,5,0.001,45550.0,45.5044955044955
ROSEPETAL,zob_gda,6,0.1,29950.0,29.92007992007992
ROSEPETAL,zob_gda,6,0.01,30300.0,30.26973026973027
ROSEPETAL,zob_gda,6,0.001,45150.0,45.10489510489511
ROSEPETAL,zob_gda,7,0.1,30000.0,29.97002997002997
ROSEPETAL,zob_gda,7,0.01,30250.0,30.21978021978022
ROSEPETAL,zob_gda,7,0.001,45150.0,45.10489510489511
ROSEPETAL,zob_gda,8,0.1,29650.0,29.62037962037962
ROSEPETAL,zob_gda,8,0.01,30300.0,30.26973026973027
ROSEPETAL,zob_gda,8,0.001,45000.0,44.955044955044954
ROSEPETAL,zob_gda,9,0.1,29950.0,29.92007992007992
ROSEPETAL,zob_gda,9,0.01,30400.0,30.369630369630368
ROSEPETAL,zob_gda,9,0.001,45250.0,45.204795204795204
ROSEPETAL,zob_gda,10,0.1,29800.0,29.77022977022977
ROSEPETAL,zob_gda,10,0.01,30400.0,30.369630369630368
ROSEPETAL,zob_gda,10,0.001,45550.0,45.5044955044955
HIMMELP3,zob_sgda,1,0.1,18500.0,6166.666666666667
HIMMELP3,zob_sgda,1,0.01,21050.0,7016.666666666667
HIMMELP3,zob_sgda,1,0.001,21450.0,7150.0
HIMMELP3,zob_sgda,2,0.1,18500.0,6166.666666666667
HIMMELP3,zob_sgda,2,0.01,21050.0,7016.666666666667
HIMMELP3,zob_sgda,2,0.001,21450.0,7150.0
HIMMELP3,zob_sgda,3,0.1,18500.0,6166.666666666667
HIMMELP3,zob_sgda,3,0.01,21050.0,7016.666666666667
HIMMELP3,zob_sgda,3,0.001,21450.0,7150.0
HIMMELP3,zob_sgda,4,0.1,18500.0,6166.666666666667
HIMMELP3,zob_sgda,4,0.01,21050.0,7016.666666666667
HIMMELP3,zob_sgda,4,0.001,21450.0,7150.0
HIMMELP3,zob_sgda,5,0.1,18500.0,6166.666666666667
HIMMELP3,zob_sgda,5,0.01,21050.0,7016.666666666667
HIMMELP3,zob_sgda,5,0.001,21450.0,7150.0
HIMMELP3,zob_sgda,6,0.1,18500.0,6166.666666666667
HIMMELP3,zob_sgda,6,0.01,21050.0,7016.666666666667
HIMMELP3,zob_sgda,6,0.001,21450.0,7150.0
HIMMELP3,zob_sgda,7,0.1,18500.0,6166.666666666667
HIMMELP3,zob_sgda,7,0.01,21050.0,7016.666666666667
HIMMELP3,zob_sgda,7,0.001,21450.0,7150.0
HIMMELP3,zob_sgda,8,0.1,18500.0,6166.666666666667
HIMMELP3,zob_sgda,8,0.01,21050.0,7016.666666666667
HIMMELP3,zob_sgda,8,0.001,21450.0,7150.0
HIMMELP3,zob_sgda,9,0.1,18500.0,6166.666666666667
HIMMELP3,zob_sgda,9,0.01,21050.0,7016.666666666667
HIMMELP3,zob_sgda,9,0.001,21450.0,7150.0
HIMMELP3,zob_sgda,10,0.1,18500.0,6166.666666666667
HIMMELP3,zob_sgda,10,0.01,21050.0,7016.666666666667
HIMMELP3,zob_sgda,10,0.001,21450.0,7150.0
HIMMELP6,zob_sgda,1,0.1,12900.0,4300.0
HIMMELP6,zob_sgda,1,0.01,18100.0,6033.333333333333
HIMMELP6,zob_sgda,1,0.001,19150.0,6383.333333333333
HIMMELP6,zob_sgda,2,0.1,12900.0,4300.0
HIMMELP6,zob_sgda,2,0.01,18100.0,6033.333333333333
HIMMELP6,zob_sgda,2,0.001,19150.0,6383.333333333333
HIMMELP6,zob_sgda,3,0.1,12900.0,4300.0
HIMMELP6,zob_sgda,3,0.01,18100.0,6033.333333333333
HIMMELP6,zob_sgda,3,0.001,19150.0,6383.333333333333
HIMMELP6,zob_sgda,4,0.1,12900.0,4300.0
HIMMELP6,zob_sgda,4,0.01,18100.0,6033.333333333333
HIMMELP6,zob_sgda,4,0.001,19150.0,6383.333333333333
HIMMELP6,zob_sgda,5,0.1,12900.0,4300.0
HIMMELP6,zob_sgda,5,0.01,18100.0,6033.333333333333
HIMMELP6,zob_sgda,5,0.001,19150.0,6383.333333333333
HIMMELP6,zob_sgda,6,0.1,12900.0,4300.0
HIMMELP6,zob_sgda,6,0.01,18100.0,6033.333333333333
HIMMELP6,zob_sgda,6,0.001,19150.0,6383.333333333333
HIMMELP6,zob_sgda,7,0.1,12900.0,4300.0
HIMMELP6,zob_sgda,7,0.01,18100.0,6033.333333333333
HIMMELP6,zob_sgda,7,0.001,19150.0,6383.333333333333
HIMMELP6,zob_sgda,8,0.1,12900.0,4300.0
HIMMELP6,zob_sgda,8,0.01,18100.0,6033.333333333333
HIMMELP6,zob_sgda,8,0.001,19150.0,6383.333333333333
HIMMELP6,zob_sgda,9,0.1,12900.0,4300.0
HIMMELP6,zob_sgda,9,0.01,18100.0,6033.333333333333
HIMMELP6,zob_sgda,9,0.001,19150.0,6383.333333333333
HIMMELP6,zob_sgda,10,0.1,12900.0,4300.0
HIMMELP6,zob_sgda,10,0.01,18100.0,6033.333333333333
HIMMELP6,zob_sgda,10,0.001,19150.0,6383.333333333333
MADSEN,zob_sgda,1,0.1,3650.0,912.5
MADSEN,zob_sgda,1,0.01,3650.0,912.5
MADSEN,zob_sgda,1,0.001,5600.0,1400.0
MADSEN,zob_sgda,2,0.1,3750.0,937.5
MADSEN,zob_sgda,2,0.01,3750.0,937.5
MADSEN,zob_sgda,2,0.001,7700.0,1925.0
MADSEN,zob_sgda,3,0.1,3600.0,900.0
MADSEN,zob_sgda,3,0.01,3600.0,900.0
MADSEN,zob_sgda,3,0.001,5700.0,1425.0
MADSEN,zob_sgda,4,0.1,3750.0,937.5
MADSEN,zob_sgda,4,0.01,3750.0,937.5
MADSEN,zob_sgda,4,0.001,5850.0,1462.5
MADSEN,zob_sgda,5,0.1,3500.0,875.0
MADSEN,zob_sgda,5,0.01,3500.0,875.0
MADSEN,zob_sgda,5,0.001,5600.0,1400.0
MADSEN,zob_sgda,6,0.1,3400.0,850.0
MADSEN,zob_sgda,6,0.01,3400.0,850.0
MADSEN,zob_sgda,6,0.001,3400.0,850.0
MADSEN,zob_sgda,7,0.1,3700.0,925.0
MADSEN,zob_sgda,7,0.01,3700.0,925.0
MADSEN,zob_sgda,7,0.001,3700.0,925.0
MADSEN,zob_sgda,8,0.1,3700.0,925.0
MADSEN,zob_sgda,8,0.01,3700.0,925.0
MADSEN,zob_sgda,8,0.001,3700.0,925.0
MADSEN,zob_sgda,9,0.1,4300.0,1075.0
MADSEN,zob_sgda,9,0.01,4300.0,1075.0
MADSEN,zob_sgda,9,0.001,8400.0,2100.0
MADSEN,zob_sgda,10,0.1,3700.0,925.0
MADSEN,zob_sgda,10,0.01,3700.0,925.0
MADSEN,zob_sgda,10,0.001,7700.0,1925.0
MAKELA2,zob_sgda,1,0.1,3550.0,887.5
MAKELA2,zob_sgda,1,0.01,3550.0,887.5
MAKELA2,zob_sgda,1,0.001,8300.0,2075.0
MAKELA2,zob_sgda,2,0.1,3550.0,887.5
MAKELA2,zob_sgda,2,0.01,3550.0,887.5
MAKELA2,zob_sgda,2,0.001,12750.0,3187.5
MAKELA2,zob_sgda,3,0.1,3550.0,887.5
MAKELA2,zob_sgda,3,0.01,12750.0,3187.5
MAKELA2,zob_sgda,3,0.001,26500.0,6625.0
MAKELA2,zob_sgda,4,0.1,3550.0,887.5
MAKELA2,zob_sgda,4,0.01,3550.0,887.5
MAKELA2,zob_sgda,4,0.001,22000.0,5500.0
MAKELA2,zob_sgda,5,0.1,3550.0,887.5
MAKELA2,zob_sgda,5,0.01,3550.0,887.5
MAKELA2,zob_sgda,5,0.001,17350.0,4337.5
MAKELA2,zob_sgda,6,0.1,3500.0,875.0
MAKELA2,zob_sgda,6,0.01,3500.0,875.0
MAKELA2,zob_sgda,6,0.001,21950.0,5487.5
MAKELA2,zob_sgda,7,0.1,3550.0,887.5
MAKELA2,zob_sgda,7,0.01,12800.0,3200.0
MAKELA2,zob_sgda,7,0.001,31100.0,7775.0
MAKELA2,zob_sgda,8,0.1,3500.0,875.0
MAKELA2,zob_sgda,8,0.01,3500.0,875.0
MAKELA2,zob_sgda,8,0.001,31050.0,7762.5
MAKELA2,zob_sgda,9,0.1,3550.0,887.5
MAKELA2,zob_sgda,9,0.01,3550.0,887.5
MAKELA2,zob_sgda,9,0.001,22000.0,5500.0
MAKELA2,zob_sgda,10,0.1,3600.0,900.0
MAKELA2,zob_sgda,10,0.01,3600.0,900.0
MAKELA2,zob_sgda,10,0.001,26600.0,6650.0
GIGOMEZ2,zob_sgda,1,0.1,2850.0,712.5
GIGOMEZ2,zob_sgda,1,0.01,2850.0,712.5
GIGOMEZ2,zob_sgda,1,0.001,5950.0,1487.5
GIGOMEZ2,zob_sgda,2,0.1,2850.0,712.5
GIGOMEZ2,zob_sgda,2,0.01,2850.0,712.5
GIGOMEZ2,zob_sgda,2,0.001,6000.0,1500.0
GIGOMEZ2,zob_sgda,3,0.1,2800.0,700.0
GIGOMEZ2,zob_sgda,3,0.01,2800.0,700.0
GIGOMEZ2,zob_sgda,3,0.001,5900.0,1475.0
GIGOMEZ2,zob_sgda,4,0.1,2900.0,725.0
GIGOMEZ2,zob_sgda,4,0.01,2900.0,725.0
GIGOMEZ2,zob_sgda,4,0.001,6000.0,1500.0
GIGOMEZ2,zob_sgda,5,0.1,2850.0,712.5
GIGOMEZ2,zob_sgda,5,0.01,2850.0,712.5
GIGOMEZ2,zob_sgda,5,0.001,5950.0,1487.5
GIGOMEZ2,zob_sgda,6,0.1,2850.0,712.5
GIGOMEZ2,zob_sgda,6,0.01,2850.0,712.5
GIGOMEZ2,zob_sgda,6,0.001,6000.0,1500.0
GIGOMEZ2,zob_sgda,7,0.1,2900.0,725.0
GIGOMEZ2,zob_sgda,7,0.01,2900.0,725.0
GIGOMEZ2,zob_sgda,7,0.001,6000.0,1500.0
GIGOMEZ2,zob_sgda,8,0.1,2850.0,712.5
GIGOMEZ2,zob_sgda,8,0.01,2850.0,712.5
GIGOMEZ2,zob_sgda,8,0.001,5950.0,1487.5
GIGOMEZ2,zob_sgda,9,0.1,2800.0,700.0
GIGOMEZ2,zob_sgda,9,0.01,2800.0,700.0
GIGOMEZ2,zob_sgda,9,0.001,5950.0,1487.5
GIGOMEZ2,zob_sgda,10,0.1,2800.0,700.0
GIGOMEZ2,zob_sgda,10,0.01,2800.0,700.0
GIGOMEZ2,zob_sgda,10,0.001,2800.0,700.0
CANTILVR,zob_sgda,1,0.1,inf,inf
CANTILVR,zob_sgda,1,0.01,inf,inf
CANTILVR,zob_sgda,1,0.001,inf,inf
CANTILVR,zob_sgda,2,0.1,inf,inf
CANTILVR,zob_sgda,2,0.01,inf,inf
CANTILVR,zob_sgda,2,0.001,inf,inf
CANTILVR,zob_sgda,3,0.1,inf,inf
CANTILVR,zob_sgda,3,0.01,inf,inf
CANTILVR,zob_sgda,3,0.001,inf,inf
CANTILVR,zob_sgda,4,0.1,inf,inf
CANTILVR,zob_sgda,4,0.01,inf,inf
CANTILVR,zob_sgda,4,0.001,inf,inf
CANTILVR,zob_sgda,5,0.1,inf,inf
CANTILVR,zob_sgda,5,0.01,inf,inf
CANTILVR,zob_sgda,5,0.001,inf,inf
CANTILVR,zob_sgda,6,0.1,inf,inf
CANTILVR,zob_sgda,6,0.01,inf,inf
CANTILVR,zob_sgda,6,0.001,inf,inf
CANTILVR,zob_sgda,7,0.1,inf,inf
CANTILVR,zob_sgda,7,0.01,inf,inf
CANTILVR,zob_sgda,7,0.001,inf,inf
CANTILVR,zob_sgda,8,0.1,inf,inf
CANTILVR,zob_sgda,8,0.01,inf,inf
CANTILVR,zob_sgda,8,0.001,inf,inf
CANTILVR,zob_sgda,9,0.1,inf,inf
CANTILVR,zob_sgda,9,0.01,inf,inf
CANTILVR,zob_sgda,9,0.001,inf,inf
CANTILVR,zob_sgda,10,0.1,inf,inf
CANTILVR,zob_sgda,10,0.01,inf,inf
CANTILVR,zob_sgda,10,0.001,inf,inf
POLAK6,zob_sgda,1,0.1,5800.0,966.6666666666666
POLAK6,zob_sgda,1,0.01,12700.0,2116.6666666666665
POLAK6,zob_sgda,1,0.001,19250.0,3208.3333333333335
POLAK6,zob_sgda,2,0.1,5600.0,933.3333333333334
POLAK6,zob_sgda,2,0.01,12400.0,2066.6666666666665
POLAK6,zob_sgda,2,0.001,18950.0,3158.3333333333335
POLAK6,zob_sgda,3,0.1,5650.0,941.6666666666666
POLAK6,zob_sgda,3,0.01,12500.0,2083.3333333333335
POLAK6,zob_sgda,3,0.001,19000.0,3166.6666666666665
POLAK6,zob_sgda,4,0.1,5900.0,983.3333333333334
POLAK6,zob_sgda,4,0.01,12650.0,2108.3333333333335
POLAK6,zob_sgda,4,0.001,19150.0,3191.6666666666665
POLAK6,zob_sgda,5,0.1,5600.0,933.3333333333334
POLAK6,zob_sgda,5,0.01,12600.0,2100.0
POLAK6,zob_sgda,5,0.001,19150.0,3191.6666666666665
POLAK6,zob_sgda,6,0.1,5750.0,958.3333333333334
POLAK6,zob_sgda,6,0.01,12700.0,2116.6666666666665
POLAK6,zob_sgda,6,0.001,19300.0,3216.6666666666665
POLAK6,zob_sgda,7,0.1,5600.0,933.3333333333334
POLAK6,zob_sgda,7,0.01,12650.0,2108.3333333333335
POLAK6,zob_sgda,7,0.001,19150.0,3191.6666666666665
POLAK6,zob_sgda,8,0.1,5650.0,941.6666666666666
POLAK6,zob_sgda,8,0.01,12450.0,2075.0
POLAK6,zob_sgda,8,0.001,18800.0,3133.3333333333335
POLAK6,zob_sgda,9,0.1,5800.0,966.6666666666666
POLAK6,zob_sgda,9,0.01,12700.0,2116.6666666666665
POLAK6,zob_sgda,9,0.001,19250.0,3208.3333333333335
POLAK6,zob_sgda,10,0.1,5700.0,950.0
POLAK6,zob_sgda,10,0.01,12600.0,2100.0
POLAK6,zob_sgda,10,0.001,19200.0,3200.0
CRESC4,zob_sgda,1,0.1,inf,inf
CRESC4,zob_sgda,1,0.01,inf,inf
CRESC4,zob_sgda,1,0.001,inf,inf
CRESC4,zob_sgda,2,0.1,inf,inf
CRESC4,zob_sgda,2,0.01,inf,inf
CRESC4,zob_sgda,2,0.001,inf,inf
CRESC4,zob_sgda,3,0.1,inf,inf
CRESC4,zob_sgda,3,0.01,inf,inf
CRESC4,zob_sgda,3,0.001,inf,inf
CRESC4,zob_sgda,4,0.1,inf,inf
CRESC4,zob_sgda,4,0.01,inf,inf
CRESC4,zob_sgda,4,0.001,inf,inf
CRESC4,zob_sgda,5,0.1,inf,inf
CRESC4,zob_sgda,5,0.01,inf,inf
CRESC4,zob_sgda,5,0.001,inf,inf
CRESC4,zob_sgda,6,0.1,inf,inf
CRESC4,zob_sgda,6,0.01,inf,inf
CRESC4,zob_sgda,6,0.001,inf,inf
CRESC4,zob_sgda,7,0.1,inf,inf
CRESC4,zob_sgda,7,0.01,inf,inf
CRESC4,zob_sgda,7,0.001,inf,inf
CRESC4,zob_sgda,8,0.1,inf,inf
CRESC4,zob_sgda,8,0.01,inf,inf
CRESC4,zob_sgda,8,0.001,inf,inf
CRESC4,zob_sgda,9,0.1,40300.0,5757.142857142857
CRESC4,zob_sgda,9,0.01,inf,inf
CRESC4,zob_sgda,9,0.001,inf,inf
CRESC4,zob_sgda,10,0.1,45250.0,6464.285714285715
CRESC4,zob_sgda,10,0.01,inf,inf
CRESC4,zob_sgda,10,0.001,inf,inf
HALDMADS,zob_sgda,1,0.1,inf,inf
HALDMADS,zob_sgda,1,0.01,inf,inf
HALDMADS,zob_sgda,1,0.001,inf,inf
HALDMADS,zob_sgda,2,0.1,inf,inf
HALDMADS,zob_sgda,2,0.01,inf,inf
HALDMADS,zob_sgda,2,0.001,inf,inf
HALDMADS,zob_sgda,3,0.1,inf,inf
HALDMADS,zob_sgda,3,0.01,inf,inf
HALDMADS,zob_sgda,3,0.001,inf,inf
HALDMADS,zob_sgda,4,0.1,inf,inf
HALDMADS,zob_sgda,4,0.01,inf,inf
HALDMADS,zob_sgda,4,0.001,inf,inf
HALDMADS,zob_sgda,5,0.1,inf,inf
HALDMADS,zob_sgda,5,0.01,inf,inf
HALDMADS,zob_sgda,5,0.001,inf,inf
HALDMADS,zob_sgda,6,0.1,inf,inf
HALDMADS,zob_sgda,6,0.01,inf,inf
HALDMADS,zob_sgda,6,0.001,inf,inf
HALDMADS,zob_sgda,7,0.1,inf,inf
HALDMADS,zob_sgda,7,0.01,inf,inf
HALDMADS,zob_sgda,7,0.001,inf,inf
HALDMADS,zob_sgda,8,0.1,inf,inf
HALDMADS,zob_sgda,8,0.01,inf,inf
HALDMADS,zob_sgda,8,0.001,inf,inf
HALDMADS,zob_sgda,9,0.1,inf,inf
HALDMADS,zob_sgda,9,0.01,inf,inf
HALDMADS,zob_sgda,9,0.001,inf,inf
HALDMADS,zob_sgda,10,0.1,inf,inf
HALDMADS,zob_sgda,10,0.01,inf,inf
HALDMADS,zob_sgda,10,0.001,inf,inf
MATRIX2,zob_sgda,1,0.1,500.0,71.42857142857143
MATRIX2,zob_sgda,1,0.01,500.0,71.42857142857143
MATRIX2,zob_sgda,1,0.001,1300.0,185.71428571428572
MATRIX2,zob_sgda,2,0.1,450.0,64.28571428571429
MATRIX2,zob_sgda,2,0.01,450.0,64.28571428571429
MATRIX2,zob_sgda,2,0.001,1300.0,185.71428571428572
MATRIX2,zob_sgda,3,0.1,550.0,78.57142857142857
MATRIX2,zob_sgda,3,0.01,550.0,78.57142857142857
MATRIX2,zob_sgda,3,0.001,1250.0,178.57142857142858
MATRIX2,zob_sgda,4,0.1,350.0,50.0
MATRIX2,zob_sgda,4,0.01,450.0,64.28571428571429
MATRIX2,zob_sgda,4,0.001,1300.0,185.71428571428572
MATRIX2,zob_sgda,5,0.1,1750.0,250.0
MATRIX2,zob_sgda,5,0.01,1750.0,250.0
MATRIX2,zob_sgda,5,0.001,1750.0,250.0
MATRIX2,zob_sgda,6,0.1,300.0,42.857142857142854
MATRIX2,zob_sgda,6,0.01,500.0,71.42857142857143
MATRIX2,zob_sgda,6,0.001,1400.0,200.0
MATRIX2,zob_sgda,7,0.1,300.0,42.857142857142854
MATRIX2,zob_sgda,7,0.01,600.0,85.71428571428571
MATRIX2,zob_sgda,7,0.001,1500.0,214.28571428571428
MATRIX2,zob_sgda,8,0.1,350.0,50.0
MATRIX2,zob_sgda,8,0.01,400.0,57.142857142857146
MATRIX2,zob_sgda,8,0.001,1350.0,192.85714285714286
MATRIX2,zob_sgda,9,0.1,400.0,57.142857142857146
MATRIX2,zob_sgda,9,0.01,450.0,64.28571428571429
MATRIX2,zob_sgda,9,0.001,1300.0,185.71428571428572
MATRIX2,zob_sgda,10,0.1,1100.0,157.14285714285714
MATRIX2,zob_sgda,10,0.01,1100.0,157.14285714285714
MATRIX2,zob_sgda,10,0.001,1250.0,178.57142857142858
PENTAGON,zob_sgda,1,0.1,150.0,21.428571428571427
PENTAGON,zob_sgda,1,0.01,150.0,21.428571428571427
PENTAGON,zob_sgda,1,0.001,550.0,78.57142857142857
PENTAGON,zob_sgda,2,0.1,150.0,21.428571428571427
PENTAGON,zob_sgda,2,0.01,150.0,21.428571428571427
PENTAGON,zob_sgda,2,0.001,550.0,78.57142857142857
PENTAGON,zob_sgda,3,0.1,100.0,14.285714285714286
PENTAGON,zob_sgda,3,0.01,100.0,14.285714285714286
PENTAGON,zob_sgda,3,0.001,550.0,78.57142857142857
PENTAGON,zob_sgda,4,0.1,150.0,21.428571428571427
PENTAGON,zob_sgda,4,0.01,150.0,21.428571428571427
PENTAGON,zob_sgda,4,0.001,450.0,64.28571428571429
PENTAGON,zob_sgda,5,0.1,150.0,21.428571428571427
PENTAGON,zob_sgda,5,0.01,150.0,21.428571428571427
PENTAGON,zob_sgda,5,0.001,550.0,78.57142857142857
PENTAGON,zob_sgda,6,0.1,150.0,21.428571428571427
PENTAGON,zob_sgda,6,0.01,150.0,21.428571428571427
PENTAGON,zob_sgda,6,0.001,550.0,78.57142857142857
PENTAGON,zob_sgda,7,0.1,150.0,21.428571428571427
PENTAGON,zob_sgda,7,0.01,150.0,21.428571428571427
PENTAGON,zob_sgda,7,0.001,550.0,78.57142857142857
PENTAGON,zob_sgda,8,0.1,150.0,21.428571428571427
PENTAGON,zob_sgda,8,0.01,150.0,21.428571428571427
PENTAGON,zob_sgda,8,0.001,600.0,85.71428571428571
PENTAGON,zob_sgda,9,0.1,150.0,21.428571428571427
PENTAGON,zob_sgda,9,0.01,150.0,21.428571428571427
PENTAGON,zob_sgda,9,0.001,550.0,78.57142857142857
PENTAGON,zob_sgda,10,0.1,150.0,21.428571428571427
PENTAGON,zob_sgda,10,0.01,150.0,21.428571428571427
PENTAGON,zob_sgda,10,0.001,600.0,85.71428571428571
HS100,zob_sgda,1,0.1,1.0,0.125
HS100,zob_sgda,1,0.01,7700.0,962.5
HS100,zob_sgda,1,0.001,20700.0,2587.5
HS100,zob_sgda,2,0.1,1.0,0.125
HS100,zob_sgda,2,0.01,8100.0,1012.5
HS100,zob_sgda,2,0.001,20650.0,2581.25
HS100,zob_sgda,3,0.1,1.0,0.125
HS100,zob_sgda,3,0.01,7450.0,931.25
HS100,zob_sgda,3,0.001,20050.0,2506.25
HS100,zob_sgda,4,0.1,1.0,0.125
HS100,zob_sgda,4,0.01,8200.0,1025.0
HS100,zob_sgda,4,0.001,21350.0,2668.75
HS100,zob_sgda,5,0.1,1.0,0.125
HS100,zob_sgda,5,0.01,7400.0,925.0
HS100,zob_sgda,5,0.001,20600.0,2575.0
HS100,zob_sgda,6,0.1,1.0,0.125
HS100,zob_sgda,6,0.01,7800.0,975.0
HS100,zob_sgda,6,0.001,21350.0,2668.75
HS100,zob_sgda,7,0.1,1.0,0.125
HS100,zob_sgda,7,0.01,8250.0,1031.25
HS100,zob_sgda,7,0.001,21250.0,2656.25
HS100,zob_sgda,8,0.1,1.0,0.125
HS100,zob_sgda,8,0.01,7650.0,956.25
HS100,zob_sgda,8,0.001,20700.0,2587.5
HS100,zob_sgda,9,0.1,1.0,0.125
HS100,zob_sgda,9,0.01,8150.0,1018.75
HS100,zob_sgda,9,0.001,20400.0,2550.0
HS100,zob_sgda,10,0.1,1.0,0.125
HS100,zob_sgda,10,0.01,8100.0,1012.5
HS100,zob_sgda,10,0.001,23100.0,2887.5
HS101,zob_sgda,1,0.1,inf,inf
HS101,zob_sgda,1,0.01,inf,inf
HS101,zob_sgda,1,0.001,inf,inf
HS101,zob_sgda,2,0.1,inf,inf
HS101,zob_sgda,2,0.01,inf,inf
HS101,zob_sgda,2,0.001,inf,inf
HS101,zob_sgda,3,0.1,inf,inf
HS101,zob_sgda,3,0.01,inf,inf
HS101,zob_sgda,3,0.001,inf,inf
HS101,zob_sgda,4,0.1,inf,inf
HS101,zob_sgda,4,0.01,inf,inf
HS101,zob_sgda,4,0.001,inf,inf
HS101,zob_sgda,5,0.1,inf,inf
HS101,zob_sgda,5,0.01,inf,inf
HS101,zob_sgda,5,0.001,inf,inf
HS101,zob_sgda,6,0.1,inf,inf
HS101,zob_sgda,6,0.01,inf,inf
HS101,zob_sgda,6,0.001,inf,inf
HS101,zob_sgda,7,0.1,inf,inf
HS101,zob_sgda,7,0.01,inf,inf
HS101,zob_sgda,7,0.001,inf,inf
HS101,zob_sgda,8,0.1,inf,inf
HS101,zob_sgda,8,0.01,inf,inf
HS101,zob_sgda,8,0.001,inf,inf
HS101,zob_sgda,9,0.1,inf,inf
HS101,zob_sgda,9,0.01,inf,inf
HS101,zob_sgda,9,0.001,inf,inf
HS101,zob_sgda,10,0.1,inf,inf
HS101,zob_sgda,10,0.01,inf,inf
HS101,zob_sgda,10,0.001,inf,inf
HS106,zob_sgda,1,0.1,inf,inf
HS106,zob_sgda,1,0.01,inf,inf
HS106,zob_sgda,1,0.001,inf,inf
HS106,zob_sgda,2,0.1,inf,inf
HS106,zob_sgda,2,0.01,inf,inf
HS106,zob_sgda,2,0.001,inf,inf
HS106,zob_sgda,3,0.1,inf,inf
HS106,zob_sgda,3,0.01,inf,inf
HS106,zob_sgda,3,0.001,inf,inf
HS106,zob_sgda,4,0.1,inf,inf
HS106,zob_sgda,4,0.01,inf,inf
HS106,zob_sgda,4,0.001,inf,inf
HS106,zob_sgda,5,0.1,inf,inf
HS106,zob_sgda,5,0.01,inf,inf
HS106,zob_sgda,5,0.001,inf,inf
HS106,zob_sgda,6,0.1,inf,inf
HS106,zob_sgda,6,0.01,inf,inf
HS106,zob_sgda,6,0.001,inf,inf
HS106,zob_sgda,7,0.1,inf,inf
HS106,zob_sgda,7,0.01,inf,inf
HS106,zob_sgda,7,0.001,inf,inf
HS106,zob_sgda,8,0.1,inf,inf
HS106,zob_sgda,8,0.01,inf,inf
HS106,zob_sgda,8,0.001,inf,inf
HS106,zob_sgda,9,0.1,inf,inf
HS106,zob_sgda,9,0.01,inf,inf
HS106,zob_sgda,9,0.001,inf,inf
HS106,zob_sgda,10,0.1,inf,inf
HS106,zob_sgda,10,0.01,inf,inf
HS106,zob_sgda,10,0.001,inf,inf
HS104,zob_sgda,1,0.1,35800.0,3977.777777777778
HS104,zob_sgda,1,0.01,35800.0,3977.777777777778
HS104,zob_sgda,1,0.001,35800.0,3977.777777777778
HS104,zob_sgda,2,0.1,35200.0,3911.1111111111113
HS104,zob_sgda,2,0.01,35200.0,3911.1111111111113
HS104,zob_sgda,2,0.001,35200.0,3911.1111111111113
HS104,zob_sgda,3,0.1,1650.0,183.33333333333334
HS104,zob_sgda,3,0.01,27750.0,3083.3333333333335
HS104,zob_sgda,3,0.001,27750.0,3083.3333333333335
HS104,zob_sgda,4,0.1,4050.0,450.0
HS104,zob_sgda,4,0.01,28500.0,3166.6666666666665
HS104,zob_sgda,4,0.001,28500.0,3166.6666666666665
HS104,zob_sgda,5,0.1,1700.0,188.88888888888889
HS104,zob_sgda,5,0.01,35850.0,3983.3333333333335
HS104,zob_sgda,5,0.001,35850.0,3983.3333333333335
HS104,zob_sgda,6,0.1,4000.0,444.44444444444446
HS104,zob_sgda,6,0.01,30700.0,3411.1111111111113
HS104,zob_sgda,6,0.001,30700.0,3411.1111111111113
HS104,zob_sgda,7,0.1,3950.0,438.8888888888889
HS104,zob_sgda,7,0.01,34500.0,3833.3333333333335
HS104,zob_sgda,7,0.001,34500.0,3833.3333333333335
HS104,zob_sgda,8,0.1,4000.0,444.44444444444446
HS104,zob_sgda,8,0.01,35150.0,3905.5555555555557
HS104,zob_sgda,8,0.001,35150.0,3905.5555555555557
HS104,zob_sgda,9,0.1,1650.0,183.33333333333334
HS104,zob_sgda,9,0.01,34550.0,3838.8888888888887
HS104,zob_sgda,9,0.001,34550.0,3838.8888888888887
HS104,zob_sgda,10,0.1,1650.0,183.33333333333334
HS104,zob_sgda,10,0.01,27000.0,3000.0
HS104,zob_sgda,10,0.001,27000.0,3000.0
HS108,zob_sgda,1,0.1,4050.0,405.0
HS108,zob_sgda,1,0.01,29200.0,2920.0
HS108,zob_sgda,1,0.001,inf,inf
HS108,zob_sgda,2,0.1,3900.0,390.0
HS108,zob_sgda,2,0.01,19750.0,1975.0
HS108,zob_sgda,2,0.001,inf,inf
HS108,zob_sgda,3,0.1,1250.0,125.0
HS108,zob_sgda,3,0.01,4950.0,495.0
HS108,zob_sgda,3,0.001,14500.0,1450.0
HS108,zob_sgda,4,0.1,2250.0,225.0
HS108,zob_sgda,4,0.01,6250.0,625.0
HS108,zob_sgda,4,0.001,10800.0,1080.0
HS108,zob_sgda,5,0.1,3300.0,330.0
HS108,zob_sgda,5,0.01,4450.0,445.0
HS108,zob_sgda,5,0.001,18400.0,1840.0
HS108,zob_sgda,6,0.1,1100.0,110.0
HS108,zob_sgda,6,0.01,8800.0,880.0
HS108,zob_sgda,6,0.001,15900.0,1590.0
HS108,zob_sgda,7,0.1,3150.0,315.0
HS108,zob_sgda,7,0.01,15650.0,1565.0
HS108,zob_sgda,7,0.001,19300.0,1930.0
HS108,zob_sgda,8,0.1,4100.0,410.0
HS108,zob_sgda,8,0.01,33100.0,3310.0
HS108,zob_sgda,8,0.001,inf,inf
HS108,zob_sgda,9,0.1,900.0,90.0
HS108,zob_sgda,9,0.01,6850.0,685.0
HS108,zob_sgda,9,0.001,11250.0,1125.0
HS108,zob_sgda,10,0.1,450.0,45.0
HS108,zob_sgda,10,0.01,4550.0,455.0
HS108,zob_sgda,10,0.001,9950.0,995.0
HS113,zob_sgda,1,0.1,18500.0,1681.8181818181818
HS113,zob_sgda,1,0.01,inf,inf
HS113,zob_sgda,1,0.001,inf,inf
HS113,zob_sgda,2,0.1,18700.0,1700.0
HS113,zob_sgda,2,0.01,inf,inf
HS113,zob_sgda,2,0.001,inf,inf
HS113,zob_sgda,3,0.1,18850.0,1713.6363636363637
HS113,zob_sgda,3,0.01,inf,inf
HS113,zob_sgda,3,0.001,inf,inf
HS113,zob_sgda,4,0.1,18450.0,1677.2727272727273
HS113,zob_sgda,4,0.01,inf,inf
HS113,zob_sgda,4,0.001,inf,inf
HS113,zob_sgda,5,0.1,18550.0,1686.3636363636363
HS113,zob_sgda,5,0.01,inf,inf
HS113,zob_sgda,5,0.001,inf,inf
HS113,zob_sgda,6,0.1,18500.0,1681.8181818181818
HS113,zob_sgda,6,0.01,inf,inf
HS113,zob_sgda,6,0.001,inf,inf
HS113,zob_sgda,7,0.1,18550.0,1686.3636363636363
HS113,zob_sgda,7,0.01,inf,inf
HS113,zob_sgda,7,0.001,inf,inf
HS113,zob_sgda,8,0.1,18400.0,1672.7272727272727
HS113,zob_sgda,8,0.01,inf,inf
HS113,zob_sgda,8,0.001,inf,inf
HS113,zob_sgda,9,0.1,18600.0,1690.909090909091
HS113,zob_sgda,9,0.01,inf,inf
HS113,zob_sgda,9,0.001,inf,inf
HS113,zob_sgda,10,0.1,18500.0,1681.8181818181818
HS113,zob_sgda,10,0.01,inf,inf
HS113,zob_sgda,10,0.001,inf,inf
POLAK3,zob_sgda,1,0.1,6800.0,523.0769230769231
POLAK3,zob_sgda,1,0.01,inf,inf
POLAK3,zob_sgda,1,0.001,inf,inf
POLAK3,zob_sgda,2,0.1,6700.0,515.3846153846154
POLAK3,zob_sgda,2,0.01,inf,inf
POLAK3,zob_sgda,2,0.001,inf,inf
POLAK3,zob_sgda,3,0.1,7000.0,538.4615384615385
POLAK3,zob_sgda,3,0.01,inf,inf
POLAK3,zob_sgda,3,0.001,inf,inf
POLAK3,zob_sgda,4,0.1,7000.0,538.4615384615385
POLAK3,zob_sgda,4,0.01,inf,inf
POLAK3,zob_sgda,4,0.001,inf,inf
POLAK3,zob_sgda,5,0.1,6750.0,519.2307692307693
POLAK3,zob_sgda,5,0.01,inf,inf
POLAK3,zob_sgda,5,0.001,inf,inf
POLAK3,zob_sgda,6,0.1,6750.0,519.2307692307693
POLAK3,zob_sgda,6,0.01,inf,inf
POLAK3,zob_sgda,6,0.001,inf,inf
POLAK3,zob_sgda,7,0.1,6800.0,523.0769230769231
POLAK3,zob_sgda,7,0.01,inf,inf
POLAK3,zob_sgda,7,0.001,inf,inf
POLAK3,zob_sgda,8,0.1,7000.0,538.4615384615385
POLAK3,zob_sgda,8,0.01,inf,inf
POLAK3,zob_sgda,8,0.001,inf,inf
POLAK3,zob_sgda,9,0.1,6850.0,526.9230769230769
POLAK3,zob_sgda,9,0.01,inf,inf
POLAK3,zob_sgda,9,0.001,inf,inf
POLAK3,zob_sgda,10,0.1,6750.0,519.2307692307693
POLAK3,zob_sgda,10,0.01,inf,inf
POLAK3,zob_sgda,10,0.001,inf,inf
HS116,zob_sgda,1,0.1,inf,inf
HS116,zob_sgda,1,0.01,inf,inf
HS116,zob_sgda,1,0.001,inf,inf
HS116,zob_sgda,2,0.1,inf,inf
HS116,zob_sgda,2,0.01,inf,inf
HS116,zob_sgda,2,0.001,inf,inf
HS116,zob_sgda,3,0.1,inf,inf
HS116,zob_sgda,3,0.01,inf,inf
HS116,zob_sgda,3,0.001,inf,inf
HS116,zob_sgda,4,0.1,inf,inf
HS116,zob_sgda,4,0.01,inf,inf
HS116,zob_sgda,4,0.001,inf,inf
HS116,zob_sgda,5,0.1,inf,inf
HS116,zob_sgda,5,0.01,inf,inf
HS116,zob_sgda,5,0.001,inf,inf
HS116,zob_sgda,6,0.1,inf,inf
HS116,zob_sgda,6,0.01,inf,inf
HS116,zob_sgda,6,0.001,inf,inf
HS116,zob_sgda,7,0.1,inf,inf
HS116,zob_sgda,7,0.01,inf,inf
HS116,zob_sgda,7,0.001,inf,inf
HS116,zob_sgda,8,0.1,inf,inf
HS116,zob_sgda,8,0.01,inf,inf
HS116,zob_sgda,8,0.001,inf,inf
HS116,zob_sgda,9,0.1,inf,inf
HS116,zob_sgda,9,0.01,inf,inf
HS116,zob_sgda,9,0.001,inf,inf
HS116,zob_sgda,10,0.1,inf,inf
HS116,zob_sgda,10,0.01,inf,inf
HS116,zob_sgda,10,0.001,inf,inf
HAIFAS,zob_sgda,1,0.1,550.0,39.285714285714285
HAIFAS,zob_sgda,1,0.01,3100.0,221.42857142857142
HAIFAS,zob_sgda,1,0.001,10650.0,760.7142857142857
HAIFAS,zob_sgda,2,0.1,650.0,46.42857142857143
HAIFAS,zob_sgda,2,0.01,1800.0,128.57142857142858
HAIFAS,zob_sgda,2,0.001,4000.0,285.7142857142857
HAIFAS,zob_sgda,3,0.1,850.0,60.714285714285715
HAIFAS,zob_sgda,3,0.01,2500.0,178.57142857142858
HAIFAS,zob_sgda,3,0.001,4550.0,325.0
HAIFAS,zob_sgda,4,0.1,800.0,57.142857142857146
HAIFAS,zob_sgda,4,0.01,2250.0,160.71428571428572
HAIFAS,zob_sgda,4,0.001,3350.0,239.28571428571428
HAIFAS,zob_sgda,5,0.1,inf,inf
HAIFAS,zob_sgda,5,0.01,inf,inf
HAIFAS,zob_sgda,5,0.001,inf,inf
HAIFAS,zob_sgda,6,0.1,inf,inf
HAIFAS,zob_sgda,6,0.01,inf,inf
HAIFAS,zob_sgda,6,0.001,inf,inf
HAIFAS,zob_sgda,7,0.1,850.0,60.714285714285715
HAIFAS,zob_sgda,7,0.01,2350.0,167.85714285714286
HAIFAS,zob_sgda,7,0.001,8650.0,617.8571428571429
HAIFAS,zob_sgda,8,0.1,inf,inf
HAIFAS,zob_sgda,8,0.01,inf,inf
HAIFAS,zob_sgda,8,0.001,inf,inf
HAIFAS,zob_sgda,9,0.1,inf,inf
HAIFAS,zob_sgda,9,0.01,inf,inf
HAIFAS,zob_sgda,9,0.001,inf,inf
HAIFAS,zob_sgda,10,0.1,900.0,64.28571428571429
HAIFAS,zob_sgda,10,0.01,1950.0,139.28571428571428
HAIFAS,zob_sgda,10,0.001,3750.0,267.85714285714283
HS117,zob_sgda,1,0.1,inf,inf
HS117,zob_sgda,1,0.01,inf,inf
HS117,zob_sgda,1,0.001,inf,inf
HS117,zob_sgda,2,0.1,inf,inf
HS117,zob_sgda,2,0.01,inf,inf
HS117,zob_sgda,2,0.001,inf,inf
HS117,zob_sgda,3,0.1,inf,inf
HS117,zob_sgda,3,0.01,inf,inf
HS117,zob_sgda,3,0.001,inf,inf
HS117,zob_sgda,4,0.1,inf,inf
HS117,zob_sgda,4,0.01,inf,inf
HS117,zob_sgda,4,0.001,inf,inf
HS117,zob_sgda,5,0.1,inf,inf
HS117,zob_sgda,5,0.01,inf,inf
HS117,zob_sgda,5,0.001,inf,inf
HS117,zob_sgda,6,0.1,inf,inf
HS117,zob_sgda,6,0.01,inf,inf
HS117,zob_sgda,6,0.001,inf,inf
HS117,zob_sgda,7,0.1,inf,inf
HS117,zob_sgda,7,0.01,inf,inf
HS117,zob_sgda,7,0.001,inf,inf
HS117,zob_sgda,8,0.1,inf,inf
HS117,zob_sgda,8,0.01,inf,inf
HS117,zob_sgda,8,0.001,inf,inf
HS117,zob_sgda,9,0.1,inf,inf
HS117,zob_sgda,9,0.01,inf,inf
HS117,zob_sgda,9,0.001,inf,inf
HS117,zob_sgda,10,0.1,inf,inf
HS117,zob_sgda,10,0.01,inf,inf
HS117,zob_sgda,10,0.001,inf,inf
MAKELA3,zob_sgda,1,0.1,inf,inf
MAKELA3,zob_sgda,1,0.01,inf,inf
MAKELA3,zob_sgda,1,0.001,inf,inf
MAKELA3,zob_sgda,2,0.1,inf,inf
MAKELA3,zob_sgda,2,0.01,inf,inf
MAKELA3,zob_sgda,2,0.001,inf,inf
MAKELA3,zob_sgda,3,0.1,inf,inf
MAKELA3,zob_sgda,3,0.01,inf,inf
MAKELA3,zob_sgda,3,0.001,inf,inf
MAKELA3,zob_sgda,4,0.1,inf,inf
MAKELA3,zob_sgda,4,0.01,inf,inf
MAKELA3,zob_sgda,4,0.001,inf,inf
MAKELA3,zob_sgda,5,0.1,inf,inf
MAKELA3,zob_sgda,5,0.01,inf,inf
MAKELA3,zob_sgda,5,0.001,inf,inf
MAKELA3,zob_sgda,6,0.1,inf,inf
MAKELA3,zob_sgda,6,0.01,inf,inf
MAKELA3,zob_sgda,6,0.001,inf,inf
MAKELA3,zob_sgda,7,0.1,inf,inf
MAKELA3,zob_sgda,7,0.01,inf,inf
MAKELA3,zob_sgda,7,0.001,inf,inf
MAKELA3,zob_sgda,8,0.1,inf,inf
MAKELA3,zob_sgda,8,0.01,inf,inf
MAKELA3,zob_sgda,8,0.001,inf,inf
MAKELA3,zob_sgda,9,0.1,inf,inf
MAKELA3,zob_sgda,9,0.01,inf,inf
MAKELA3,zob_sgda,9,0.001,inf,inf
MAKELA3,zob_sgda,10,0.1,inf,inf
MAKELA3,zob_sgda,10,0.01,inf,inf
MAKELA3,zob_sgda,10,0.001,inf,inf
OPTPRLOC,zob_sgda,1,0.1,inf,inf
OPTPRLOC,zob_sgda,1,0.01,inf,inf
OPTPRLOC,zob_sgda,1,0.001,inf,inf
OPTPRLOC,zob_sgda,2,0.1,inf,inf
OPTPRLOC,zob_sgda,2,0.01,inf,inf
OPTPRLOC,zob_sgda,2,0.001,inf,inf
OPTPRLOC,zob_sgda,3,0.1,inf,inf
OPTPRLOC,zob_sgda,3,0.01,inf,inf
OPTPRLOC,zob_sgda,3,0.001,inf,inf
OPTPRLOC,zob_sgda,4,0.1,inf,inf
OPTPRLOC,zob_sgda,4,0.01,inf,inf
OPTPRLOC,zob_sgda,4,0.001,inf,inf
OPTPRLOC,zob_sgda,5,0.1,inf,inf
OPTPRLOC,zob_sgda,5,0.01,inf,inf
OPTPRLOC,zob_sgda,5,0.001,inf,inf
OPTPRLOC,zob_sgda,6,0.1,15900.0,512.9032258064516
OPTPRLOC,zob_sgda,6,0.01,inf,inf
OPTPRLOC,zob_sgda,6,0.001,inf,inf
OPTPRLOC,zob_sgda,7,0.1,inf,inf
OPTPRLOC,zob_sgda,7,0.01,inf,inf
OPTPRLOC,zob_sgda,7,0.001,inf,inf
OPTPRLOC,zob_sgda,8,0.1,inf,inf
OPTPRLOC,zob_sgda,8,0.01,inf,inf
OPTPRLOC,zob_sgda,8,0.001,inf,inf
OPTPRLOC,zob_sgda,9,0.1,inf,inf
OPTPRLOC,zob_sgda,9,0.01,inf,inf
OPTPRLOC,zob_sgda,9,0.001,inf,inf
OPTPRLOC,zob_sgda,10,0.1,inf,inf
OPTPRLOC,zob_sgda,10,0.01,inf,inf
OPTPRLOC,zob_sgda,10,0.001,inf,inf
AIRPORT,zob_sgda,1,0.1,inf,inf
AIRPORT,zob_sgda,1,0.01,inf,inf
AIRPORT,zob_sgda,1,0.001,inf,inf
AIRPORT,zob_sgda,2,0.1,inf,inf
AIRPORT,zob_sgda,2,0.01,inf,inf
AIRPORT,zob_sgda,2,0.001,inf,inf
AIRPORT,zob_sgda,3,0.1,inf,inf
AIRPORT,zob_sgda,3,0.01,inf,inf
AIRPORT,zob_sgda,3,0.001,inf,inf
AIRPORT,zob_sgda,4,0.1,inf,inf
AIRPORT,zob_sgda,4,0.01,inf,inf
AIRPORT,zob_sgda,4,0.001,inf,inf
AIRPORT,zob_sgda,5,0.1,inf,inf
AIRPORT,zob_sgda,5,0.01,inf,inf
AIRPORT,zob_sgda,5,0.001,inf,inf
AIRPORT,zob_sgda,6,0.1,inf,inf
AIRPORT,zob_sgda,6,0.01,inf,inf
AIRPORT,zob_sgda,6,0.001,inf,inf
AIRPORT,zob_sgda,7,0.1,inf,inf
AIRPORT,zob_sgda,7,0.01,inf,inf
AIRPORT,zob_sgda,7,0.001,inf,inf
AIRPORT,zob_sgda,8,0.1,inf,inf
AIRPORT,zob_sgda,8,0.01,inf,inf
AIRPORT,zob_sgda,8,0.001,inf,inf
AIRPORT,zob_sgda,9,0.1,inf,inf
AIRPORT,zob_sgda,9,0.01,inf,inf
AIRPORT,zob_sgda,9,0.001,inf,inf
AIRPORT,zob_sgda,10,0.1,inf,inf
AIRPORT,zob_sgda,10,0.01,inf,inf
AIRPORT,zob_sgda,10,0.001,inf,inf
HAIFAM,zob_sgda,1,0.1,1850.0,18.5
HAIFAM,zob_sgda,1,0.01,inf,inf
HAIFAM,zob_sgda,1,0.001,inf,inf
HAIFAM,zob_sgda,2,0.1,1900.0,19.0
HAIFAM,zob_sgda,2,0.01,inf,inf
HAIFAM,zob_sgda,2,0.001,inf,inf
HAIFAM,zob_sgda,3,0.1,2200.0,22.0
HAIFAM,zob_sgda,3,0.01,inf,inf
HAIFAM,zob_sgda,3,0.001,inf,inf
HAIFAM,zob_sgda,4,0.1,1700.0,17.0
HAIFAM,zob_sgda,4,0.01,inf,inf
HAIFAM,zob_sgda,4,0.001,inf,inf
HAIFAM,zob_sgda,5,0.1,2300.0,23.0
HAIFAM,zob_sgda,5,0.01,inf,inf
HAIFAM,zob_sgda,5,0.001,inf,inf
HAIFAM,zob_sgda,6,0.1,2350.0,23.5
HAIFAM,zob_sgda,6,0.01,inf,inf
HAIFAM,zob_sgda,6,0.001,inf,inf
HAIFAM,zob_sgda,7,0.1,1650.0,16.5
HAIFAM,zob_sgda,7,0.01,inf,inf
HAIFAM,zob_sgda,7,0.001,inf,inf
HAIFAM,zob_sgda,8,0.1,7150.0,71.5
HAIFAM,zob_sgda,8,0.01,inf,inf
HAIFAM,zob_sgda,8,0.001,inf,inf
HAIFAM,zob_sgda,9,0.1,1850.0,18.5
HAIFAM,zob_sgda,9,0.01,inf,inf
HAIFAM,zob_sgda,9,0.001,inf,inf
HAIFAM,zob_sgda,10,0.1,2150.0,21.5
HAIFAM,zob_sgda,10,0.01,inf,inf
HAIFAM,zob_sgda,10,0.001,inf,inf
HIMMELBI,zob_sgda,1,0.1,inf,inf
HIMMELBI,zob_sgda,1,0.01,inf,inf
HIMMELBI,zob_sgda,1,0.001,inf,inf
HIMMELBI,zob_sgda,2,0.1,inf,inf
HIMMELBI,zob_sgda,2,0.01,inf,inf
HIMMELBI,zob_sgda,2,0.001,inf,inf
HIMMELBI,zob_sgda,3,0.1,inf,inf
HIMMELBI,zob_sgda,3,0.01,inf,inf
HIMMELBI,zob_sgda,3,0.001,inf,inf
HIMMELBI,zob_sgda,4,0.1,inf,inf
HIMMELBI,zob_sgda,4,0.01,inf,inf
HIMMELBI,zob_sgda,4,0.001,inf,inf
HIMMELBI,zob_sgda,5,0.1,inf,inf
HIMMELBI,zob_sgda,5,0.01,inf,inf
HIMMELBI,zob_sgda,5,0.001,inf,inf
HIMMELBI,zob_sgda,6,0.1,inf,inf
HIMMELBI,zob_sgda,6,0.01,inf,inf
HIMMELBI,zob_sgda,6,0.001,inf,inf
HIMMELBI,zob_sgda,7,0.1,inf,inf
HIMMELBI,zob_sgda,7,0.01,inf,inf
HIMMELBI,zob_sgda,7,0.001,inf,inf
HIMMELBI,zob_sgda,8,0.1,inf,inf
HIMMELBI,zob_sgda,8,0.01,inf,inf
HIMMELBI,zob_sgda,8,0.001,inf,inf
HIMMELBI,zob_sgda,9,0.1,inf,inf
HIMMELBI,zob_sgda,9,0.01,inf,inf
HIMMELBI,zob_sgda,9,0.001,inf,inf
HIMMELBI,zob_sgda,10,0.1,inf,inf
HIMMELBI,zob_sgda,10,0.01,inf,inf
HIMMELBI,zob_sgda,10,0.001,inf,inf
MADSSCHJ,zob_sgda,1,0.1,inf,inf
MADSSCHJ,zob_sgda,1,0.01,inf,inf
MADSSCHJ,zob_sgda,1,0.001,inf,inf
MADSSCHJ,zob_sgda,2,0.1,inf,inf
MADSSCHJ,zob_sgda,2,0.01,inf,inf
MADSSCHJ,zob_sgda,2,0.001,inf,inf
MADSSCHJ,zob_sgda,3,0.1,inf,inf
MADSSCHJ,zob_sgda,3,0.01,inf,inf
MADSSCHJ,zob_sgda,3,0.001,inf,inf
MADSSCHJ,zob_sgda,4,0.1,inf,inf
MADSSCHJ,zob_sgda,4,0.01,inf,inf
MADSSCHJ,zob_sgda,4,0.001,inf,inf
MADSSCHJ,zob_sgda,5,0.1,inf,inf
MADSSCHJ,zob_sgda,5,0.01,inf,inf
MADSSCHJ,zob_sgda,5,0.001,inf,inf
MADSSCHJ,zob_sgda,6,0.1,inf,inf
MADSSCHJ,zob_sgda,6,0.01,inf,inf
MADSSCHJ,zob_sgda,6,0.001,inf,inf
MADSSCHJ,zob_sgda,7,0.1,inf,inf
MADSSCHJ,zob_sgda,7,0.01,inf,inf
MADSSCHJ,zob_sgda,7,0.001,inf,inf
MADSSCHJ,zob_sgda,8,0.1,inf,inf
MADSSCHJ,zob_sgda,8,0.01,inf,inf
MADSSCHJ,zob_sgda,8,0.001,inf,inf
MADSSCHJ,zob_sgda,9,0.1,inf,inf
MADSSCHJ,zob_sgda,9,0.01,inf,inf
MADSSCHJ,zob_sgda,9,0.001,inf,inf
MADSSCHJ,zob_sgda,10,0.1,inf,inf
MADSSCHJ,zob_sgda,10,0.01,inf,inf
MADSSCHJ,zob_sgda,10,0.001,inf,inf
HAIFAL,zob_sgda,1,0.1,1.0,0.0029069767441860465
HAIFAL,zob_sgda,1,0.01,inf,inf
HAIFAL,zob_sgda,1,0.001,inf,inf
HAIFAL,zob_sgda,2,0.1,1.0,0.0029069767441860465
HAIFAL,zob_sgda,2,0.01,inf,inf
HAIFAL,zob_sgda,2,0.001,inf,inf
HAIFAL,zob_sgda,3,0.1,1.0,0.0029069767441860465
HAIFAL,zob_sgda,3,0.01,inf,inf
HAIFAL,zob_sgda,3,0.001,inf,inf
HAIFAL,zob_sgda,4,0.1,1.0,0.0029069767441860465
HAIFAL,zob_sgda,4,0.01,inf,inf
HAIFAL,zob_sgda,4,0.001,inf,inf
HAIFAL,zob_sgda,5,0.1,1.0,0.0029069767441860465
HAIFAL,zob_sgda,5,0.01,inf,inf
HAIFAL,zob_sgda,5,0.001,inf,inf
HAIFAL,zob_sgda,6,0.1,1.0,0.0029069767441860465
HAIFAL,zob_sgda,6,0.01,inf,inf
HAIFAL,zob_sgda,6,0.001,inf,inf
HAIFAL,zob_sgda,7,0.1,1.0,0.0029069767441860465
HAIFAL,zob_sgda,7,0.01,inf,inf
HAIFAL,zob_sgda,7,0.001,inf,inf
HAIFAL,zob_sgda,8,0.1,1.0,0.0029069767441860465
HAIFAL,zob_sgda,8,0.01,inf,inf
HAIFAL,zob_sgda,8,0.001,inf,inf
HAIFAL,zob_sgda,9,0.1,1.0,0.0029069767441860465
HAIFAL,zob_sgda,9,0.01,inf,inf
HAIFAL,zob_sgda,9,0.001,inf,inf
HAIFAL,zob_sgda,10,0.1,1.0,0.0029069767441860465
HAIFAL,zob_sgda,10,0.01,inf,inf
HAIFAL,zob_sgda,10,0.001,inf,inf
CAMSHAPE,zob_sgda,1,0.1,inf,inf
CAMSHAPE,zob_sgda,1,0.01,inf,inf
CAMSHAPE,zob_sgda,1,0.001,inf,inf
CAMSHAPE,zob_sgda,2,0.1,inf,inf
CAMSHAPE,zob_sgda,2,0.01,inf,inf
CAMSHAPE,zob_sgda,2,0.001,inf,inf
CAMSHAPE,zob_sgda,3,0.1,inf,inf
CAMSHAPE,zob_sgda,3,0.01,inf,inf
CAMSHAPE,zob_sgda,3,0.001,inf,inf
CAMSHAPE,zob_sgda,4,0.1,inf,inf
CAMSHAPE,zob_sgda,4,0.01,inf,inf
CAMSHAPE,zob_sgda,4,0.001,inf,inf
CAMSHAPE,zob_sgda,5,0.1,inf,inf
CAMSHAPE,zob_sgda,5,0.01,inf,inf
CAMSHAPE,zob_sgda,5,0.001,inf,inf
CAMSHAPE,zob_sgda,6,0.1,inf,inf
CAMSHAPE,zob_sgda,6,0.01,inf,inf
CAMSHAPE,zob_sgda,6,0.001,inf,inf
CAMSHAPE,zob_sgda,7,0.1,inf,inf
CAMSHAPE,zob_sgda,7,0.01,inf,inf
CAMSHAPE,zob_sgda,7,0.001,inf,inf
CAMSHAPE,zob_sgda,8,0.1,inf,inf
CAMSHAPE,zob_sgda,8,0.01,inf,inf
CAMSHAPE,zob_sgda,8,0.001,inf,inf
CAMSHAPE,zob_sgda,9,0.1,inf,inf
CAMSHAPE,zob_sgda,9,0.01,inf,inf
CAMSHAPE,zob_sgda,9,0.001,inf,inf
CAMSHAPE,zob_sgda,10,0.1,inf,inf
CAMSHAPE,zob_sgda,10,0.01,inf,inf
CAMSHAPE,zob_sgda,10,0.001,inf,inf
ROSEPETAL,zob_sgda,1,0.1,51700.0,51.64835164835165
ROSEPETAL,zob_sgda,1,0.01,59650.0,59.59040959040959
ROSEPETAL,zob_sgda,1,0.001,99900.0,99.8001998001998
ROSEPETAL,zob_sgda,2,0.1,51500.0,51.44855144855145
ROSEPETAL,zob_sgda,2,0.01,59450.0,59.39060939060939
ROSEPETAL,zob_sgda,2,0.001,99800.0,99.7002997002997
ROSEPETAL,zob_sgda,3,0.1,51550.0,51.4985014985015
ROSEPETAL,zob_sgda,3,0.01,59500.0,59.44055944055944
ROSEPETAL,zob_sgda,3,0.001,99800.0,99.7002997002997
ROSEPETAL,zob_sgda,4,0.1,51550.0,51.4985014985015
ROSEPETAL,zob_sgda,4,0.01,59600.0,59.54045954045954
ROSEPETAL,zob_sgda,4,0.001,99900.0,99.8001998001998
ROSEPETAL,zob_sgda,5,0.1,51550.0,51.4985014985015
ROSEPETAL,zob_sgda,5,0.01,59450.0,59.39060939060939
ROSEPETAL,zob_sgda,5,0.001,99850.0,99.75024975024975
ROSEPETAL,zob_sgda,6,0.1,51650.0,51.5984015984016
ROSEPETAL,zob_sgda,6,0.01,59550.0,59.49050949050949
ROSEPETAL,zob_sgda,6,0.001,99900.0,99.8001998001998
ROSEPETAL,zob_sgda,7,0.1,51600.0,51.548451548451546
ROSEPETAL,zob_sgda,7,0.01,59550.0,59.49050949050949
ROSEPETAL,zob_sgda,7,0.001,99850.0,99.75024975024975
ROSEPETAL,zob_sgda,8,0.1,51550.0,51.4985014985015
ROSEPETAL,zob_sgda,8,0.01,59500.0,59.44055944055944
ROSEPETAL,zob_sgda,8,0.001,99900.0,99.8001998001998
ROSEPETAL,zob_sgda,9,0.1,51600.0,51.548451548451546
ROSEPETAL,zob_sgda,9,0.01,59600.0,59.54045954045954
ROSEPETAL,zob_sgda,9,0.001,99850.0,99.75024975024975
ROSEPETAL,zob_sgda,10,0.1,51600.0,51.548451548451546
ROSEPETAL,zob_sgda,10,0.01,59550.0,59.49050949050949
ROSEPETAL,zob_sgda,10,0.001,99900.0,99.8001998001998
HIMMELP3,nomad_default,1,0.1,50.0,16.666666666666668
HIMMELP3,nomad_default,1,0.01,50.0,16.666666666666668
HIMMELP3,nomad_default,1,0.001,50.0,16.666666666666668
HIMMELP3,nomad_default,2,0.1,50.0,16.666666666666668
HIMMELP3,nomad_default,2,0.01,50.0,16.666666666666668
HIMMELP3,nomad_default,2,0.001,50.0,16.666666666666668
HIMMELP3,nomad_default,3,0.1,50.0,16.666666666666668
HIMMELP3,nomad_default,3,0.01,50.0,16.666666666666668
HIMMELP3,nomad_default,3,0.001,50.0,16.666666666666668
HIMMELP3,nomad_default,4,0.1,50.0,16.666666666666668
HIMMELP3,nomad_default,4,0.01,50.0,16.666666666666668
HIMMELP3,nomad_default,4,0.001,50.0,16.666666666666668
HIMMELP3,nomad_default,5,0.1,50.0,16.666666666666668
HIMMELP3,nomad_default,5,0.01,50.0,16.666666666666668
HIMMELP3,nomad_default,5,0.001,50.0,16.666666666666668
HIMMELP3,nomad_default,6,0.1,50.0,16.666666666666668
HIMMELP3,nomad_default,6,0.01,50.0,16.666666666666668
HIMMELP3,nomad_default,6,0.001,50.0,16.666666666666668
HIMMELP3,nomad_default,7,0.1,50.0,16.666666666666668
HIMMELP3,nomad_default,7,0.01,50.0,16.666666666666668
HIMMELP3,nomad_default,7,0.001,50.0,16.666666666666668
HIMMELP3,nomad_default,8,0.1,50.0,16.666666666666668
HIMMELP3,nomad_default,8,0.01,50.0,16.666666666666668
HIMMELP3,nomad_default,8,0.001,50.0,16.666666666666668
HIMMELP3,nomad_default,9,0.1,50.0,16.666666666666668
HIMMELP3,nomad_default,9,0.01,50.0,16.666666666666668
HIMMELP3,nomad_default,9,0.001,50.0,16.666666666666668
HIMMELP3,nomad_default,10,0.1,50.0,16.666666666666668
HIMMELP3,nomad_default,10,0.01,50.0,16.666666666666668
HIMMELP3,nomad_default,10,0.001,50.0,16.666666666666668
HIMMELP6,nomad_default,1,0.1,50.0,16.666666666666668
HIMMELP6,nomad_default,1,0.01,50.0,16.666666666666668
HIMMELP6,nomad_default,1,0.001,50.0,16.666666666666668
HIMMELP6,nomad_default,2,0.1,50.0,16.666666666666668
HIMMELP6,nomad_default,2,0.01,50.0,16.666666666666668
HIMMELP6,nomad_default,2,0.001,50.0,16.666666666666668
HIMMELP6,nomad_default,3,0.1,50.0,16.666666666666668
HIMMELP6,nomad_default,3,0.01,50.0,16.666666666666668
HIMMELP6,nomad_default,3,0.001,50.0,16.666666666666668
HIMMELP6,nomad_default,4,0.1,50.0,16.666666666666668
HIMMELP6,nomad_default,4,0.01,50.0,16.666666666666668
HIMMELP6,nomad_default,4,0.001,50.0,16.666666666666668
HIMMELP6,nomad_default,5,0.1,50.0,16.666666666666668
HIMMELP6,nomad_default,5,0.01,50.0,16.666666666666668
HIMMELP6,nomad_default,5,0.001,50.0,16.666666666666668
HIMMELP6,nomad_default,6,0.1,50.0,16.666666666666668
HIMMELP6,nomad_default,6,0.01,50.0,16.666666666666668
HIMMELP6,nomad_default,6,0.001,50.0,16.666666666666668
HIMMELP6,nomad_default,7,0.1,50.0,16.666666666666668
HIMMELP6,nomad_default,7,0.01,50.0,16.666666666666668
HIMMELP6,nomad_default,7,0.001,50.0,16.666666666666668
HIMMELP6,nomad_default,8,0.1,50.0,16.666666666666668
HIMMELP6,nomad_default,8,0.01,50.0,16.666666666666668
HIMMELP6,nomad_default,8,0.001,50.0,16.666666666666668
HIMMELP6,nomad_default,9,0.1,50.0,16.666666666666668
HIMMELP6,nomad_default,9,0.01,50.0,16.666666666666668
HIMMELP6,nomad_default,9,0.001,50.0,16.666666666666668
HIMMELP6,nomad_default,10,0.1,50.0,16.666666666666668
HIMMELP6,nomad_default,10,0.01,50.0,16.666666666666668
HIMMELP6,nomad_default,10,0.001,50.0,16.666666666666668
MADSEN,nomad_default,1,0.1,inf,inf
MADSEN,nomad_default,1,0.01,inf,inf
MADSEN,nomad_default,1,0.001,inf,inf
MADSEN,nomad_default,2,0.1,550.0,137.5
MADSEN,nomad_default,2,0.01,inf,inf
MADSEN,nomad_default,2,0.001,inf,inf
MADSEN,nomad_default,3,0.1,inf,inf
MADSEN,nomad_default,3,0.01,inf,inf
MADSEN,nomad_default,3,0.001,inf,inf
MADSEN,nomad_default,4,0.1,800.0,200.0
MADSEN,nomad_default,4,0.01,inf,inf
MADSEN,nomad_default,4,0.001,inf,inf
MADSEN,nomad_default,5,0.1,inf,inf
MADSEN,nomad_default,5,0.01,inf,inf
MADSEN,nomad_default,5,0.001,inf,inf
MADSEN,nomad_default,6,0.1,800.0,200.0
MADSEN,nomad_default,6,0.01,inf,inf
MADSEN,nomad_default,6,0.001,inf,inf
MADSEN,nomad_default,7,0.1,inf,inf
MADSEN,nomad_default,7,0.01,inf,inf
MADSEN,nomad_default,7,0.001,inf,inf
MADSEN,nomad_default,8,0.1,inf,inf
MADSEN,nomad_default,8,0.01,inf,inf
MADSEN,nomad_default,8,0.001,inf,inf
MADSEN,nomad_default,9,0.1,2700.0,675.0
MADSEN,nomad_default,9,0.01,2700.0,675.0
MADSEN,nomad_default,9,0.001,inf,inf
MADSEN,nomad_default,10,0.1,inf,inf
MADSEN,nomad_default,10,0.01,inf,inf
MADSEN,nomad_default,10,0.001,inf,inf
MAKELA2,nomad_default,1,0.1,3250.0,812.5
MAKELA2,nomad_default,1,0.01,3250.0,812.5
MAKELA2,nomad_default,1,0.001,inf,inf
MAKELA2,nomad_default,2,0.1,500.0,125.0
MAKELA2,nomad_default,2,0.01,500.0,125.0
MAKELA2,nomad_default,2,0.001,600.0,150.0
MAKELA2,nomad_default,3,0.1,550.0,137.5
MAKELA2,nomad_default,3,0.01,550.0,137.5
MAKELA2,nomad_default,3,0.001,550.0,137.5
MAKELA2,nomad_default,4,0.1,1950.0,487.5
MAKELA2,nomad_default,4,0.01,2000.0,500.0
MAKELA2,nomad_default,4,0.001,inf,inf
MAKELA2,nomad_default,5,0.1,3950.0,987.5
MAKELA2,nomad_default,5,0.01,3950.0,987.5
MAKELA2,nomad_default,5,0.001,3950.0,987.5
MAKELA2,nomad_default,6,0.1,1950.0,487.5
MAKELA2,nomad_default,6,0.01,2000.0,500.0
MAKELA2,nomad_default,6,0.001,inf,inf
MAKELA2,nomad_default,7,0.1,3950.0,987.5
MAKELA2,nomad_default,7,0.01,3950.0,987.5
MAKELA2,nomad_default,7,0.001,3950.0,987.5
MAKELA2,nomad_default,8,0.1,2950.0,737.5
MAKELA2,nomad_default,8,0.01,inf,inf
MAKELA2,nomad_default,8,0.001,inf,inf
MAKELA2,nomad_default,9,0.1,inf,inf
MAKELA2,nomad_default,9,0.01,inf,inf
MAKELA2,nomad_default,9,0.001,inf,inf
MAKELA2,nomad_default,10,0.1,3300.0,825.0
MAKELA2,nomad_default,10,0.01,inf,inf
MAKELA2,nomad_default,10,0.001,inf,inf
GIGOMEZ2,nomad_default,1,0.1,inf,inf
GIGOMEZ2,nomad_default,1,0.01,inf,inf
GIGOMEZ2,nomad_default,1,0.001,inf,inf
GIGOMEZ2,nomad_default,2,0.1,inf,inf
GIGOMEZ2,nomad_default,2,0.01,inf,inf
GIGOMEZ2,nomad_default,2,0.001,inf,inf
GIGOMEZ2,nomad_default,3,0.1,inf,inf
GIGOMEZ2,nomad_default,3,0.01,inf,inf
GIGOMEZ2,nomad_default,3,0.001,inf,inf
GIGOMEZ2,nomad_default,4,0.1,inf,inf
GIGOMEZ2,nomad_default,4,0.01,inf,inf
GIGOMEZ2,nomad_default,4,0.001,inf,inf
GIGOMEZ2,nomad_default,5,0.1,inf,inf
GIGOMEZ2,nomad_default,5,0.01,inf,inf
GIGOMEZ2,nomad_default,5,0.001,inf,inf
GIGOMEZ2,nomad_default,6,0.1,inf,inf
GIGOMEZ2,nomad_default,6,0.01,inf,inf
GIGOMEZ2,nomad_default,6,0.001,inf,inf
GIGOMEZ2,nomad_default,7,0.1,inf,inf
GIGOMEZ2,nomad_default,7,0.01,inf,inf
GIGOMEZ2,nomad_default,7,0.001,inf,inf
GIGOMEZ2,nomad_default,8,0.1,inf,inf
GIGOMEZ2,nomad_default,8,0.01,inf,inf
GIGOMEZ2,nomad_default,8,0.001,inf,inf
GIGOMEZ2,nomad_default,9,0.1,inf,inf
GIGOMEZ2,nomad_default,9,0.01,inf,inf
GIGOMEZ2,nomad_default,9,0.001,inf,inf
GIGOMEZ2,nomad_default,10,0.1,inf,inf
GIGOMEZ2,nomad_default,10,0.01,inf,inf
GIGOMEZ2,nomad_default,10,0.001,inf,inf
CANTILVR,nomad_default,1,0.1,inf,inf
CANTILVR,nomad_default,1,0.01,inf,inf
CANTILVR,nomad_default,1,0.001,inf,inf
CANTILVR,nomad_default,2,0.1,inf,inf
CANTILVR,nomad_default,2,0.01,inf,inf
CANTILVR,nomad_default,2,0.001,inf,inf
CANTILVR,nomad_default,3,0.1,inf,inf
CANTILVR,nomad_default,3,0.01,inf,inf
CANTILVR,nomad_default,3,0.001,inf,inf
CANTILVR,nomad_default,4,0.1,inf,inf
CANTILVR,nomad_default,4,0.01,inf,inf
CANTILVR,nomad_default,4,0.001,inf,inf
CANTILVR,nomad_default,5,0.1,inf,inf
CANTILVR,nomad_default,5,0.01,inf,inf
CANTILVR,nomad_default,5,0.001,inf,inf
CANTILVR,nomad_default,6,0.1,inf,inf
CANTILVR,nomad_default,6,0.01,inf,inf
CANTILVR,nomad_default,6,0.001,inf,inf
CANTILVR,nomad_default,7,0.1,inf,inf
CANTILVR,nomad_default,7,0.01,inf,inf
CANTILVR,nomad_default,7,0.001,inf,inf
CANTILVR,nomad_default,8,0.1,inf,inf
CANTILVR,nomad_default,8,0.01,inf,inf
CANTILVR,nomad_default,8,0.001,inf,inf
CANTILVR,nomad_default,9,0.1,inf,inf
CANTILVR,nomad_default,9,0.01,inf,inf
CANTILVR,nomad_default,9,0.001,inf,inf
CANTILVR,nomad_default,10,0.1,inf,inf
CANTILVR,nomad_default,10,0.01,inf,inf
CANTILVR,nomad_default,10,0.001,inf,inf
POLAK6,nomad_default,1,0.1,inf,inf
POLAK6,nomad_default,1,0.01,inf,inf
POLAK6,nomad_default,1,0.001,inf,inf
POLAK6,nomad_default,2,0.1,inf,inf
POLAK6,nomad_default,2,0.01,inf,inf
POLAK6,nomad_default,2,0.001,inf,inf
POLAK6,nomad_default,3,0.1,inf,inf
POLAK6,nomad_default,3,0.01,inf,inf
POLAK6,nomad_default,3,0.001,inf,inf
POLAK6,nomad_default,4,0.1,inf,inf
POLAK6,nomad_default,4,0.01,inf,inf
POLAK6,nomad_default,4,0.001,inf,inf
POLAK6,nomad_default,5,0.1,inf,inf
POLAK6,nomad_default,5,0.01,inf,inf
POLAK6,nomad_default,5,0.001,inf,inf
POLAK6,nomad_default,6,0.1,inf,inf
POLAK6,nomad_default,6,0.01,inf,inf
POLAK6,nomad_default,6,0.001,inf,inf
POLAK6,nomad_default,7,0.1,inf,inf
POLAK6,nomad_default,7,0.01,inf,inf
POLAK6,nomad_default,7,0.001,inf,inf
POLAK6,nomad_default,8,0.1,inf,inf
POLAK6,nomad_default,8,0.01,inf,inf
POLAK6,nomad_default,8,0.001,inf,inf
POLAK6,nomad_default,9,0.1,inf,inf
POLAK6,nomad_default,9,0.01,inf,inf
POLAK6,nomad_default,9,0.001,inf,inf
POLAK6,nomad_default,10,0.1,inf,inf
POLAK6,nomad_default,10,0.01,inf,inf
POLAK6,nomad_default,10,0.001,inf,inf
CRESC4,nomad_default,1,0.1,inf,inf
CRESC4,nomad_default,1,0.01,inf,inf
CRESC4,nomad_default,1,0.001,inf,inf
CRESC4,nomad_default,2,0.1,inf,inf
CRESC4,nomad_default,2,0.01,inf,inf
CRESC4,nomad_default,2,0.001,inf,inf
CRESC4,nomad_default,3,0.1,inf,inf
CRESC4,nomad_default,3,0.01,inf,inf
CRESC4,nomad_default,3,0.001,inf,inf
CRESC4,nomad_default,4,0.1,inf,inf
CRESC4,nomad_default,4,0.01,inf,inf
CRESC4,nomad_default,4,0.001,inf,inf
CRESC4,nomad_default,5,0.1,inf,inf
CRESC4,nomad_default,5,0.01,inf,inf
CRESC4,nomad_default,5,0.001,inf,inf
CRESC4,nomad_default,6,0.1,inf,inf
CRESC4,nomad_default,6,0.01,inf,inf
CRESC4,nomad_default,6,0.001,inf,inf
CRESC4,nomad_default,7,0.1,inf,inf
CRESC4,nomad_default,7,0.01,inf,inf
CRESC4,nomad_default,7,0.001,inf,inf
CRESC4,nomad_default,8,0.1,inf,inf
CRESC4,nomad_default,8,0.01,inf,inf
CRESC4,nomad_default,8,0.001,inf,inf
CRESC4,nomad_default,9,0.1,inf,inf
CRESC4,nomad_default,9,0.01,inf,inf
CRESC4,nomad_default,9,0.001,inf,inf
CRESC4,nomad_default,10,0.1,inf,inf
CRESC4,nomad_default,10,0.01,inf,inf
CRESC4,nomad_default,10,0.001,inf,inf
HALDMADS,nomad_default,1,0.1,inf,inf
HALDMADS,nomad_default,1,0.01,inf,inf
HALDMADS,nomad_default,1,0.001,inf,inf
HALDMADS,nomad_default,2,0.1,inf,inf
HALDMADS,nomad_default,2,0.01,inf,inf
HALDMADS,nomad_default,2,0.001,inf,inf
HALDMADS,nomad_default,3,0.1,inf,inf
HALDMADS,nomad_default,3,0.01,inf,inf
HALDMADS,nomad_default,3,0.001,inf,inf
HALDMADS,nomad_default,4,0.1,inf,inf
HALDMADS,nomad_default,4,0.01,inf,inf
HALDMADS,nomad_default,4,0.001,inf,inf
HALDMADS,nomad_default,5,0.1,3500.0,500.0
HALDMADS,nomad_default,5,0.01,3800.0,542.8571428571429
HALDMADS,nomad_default,5,0.001,3850.0,550.0
HALDMADS,nomad_default,6,0.1,inf,inf
HALDMADS,nomad_default,6,0.01,inf,inf
HALDMADS,nomad_default,6,0.001,inf,inf
HALDMADS,nomad_default,7,0.1,3500.0,500.0
HALDMADS,nomad_default,7,0.01,3800.0,542.8571428571429
HALDMADS,nomad_default,7,0.001,3850.0,550.0
HALDMADS,nomad_default,8,0.1,inf,inf
HALDMADS,nomad_default,8,0.01,inf,inf
HALDMADS,nomad_default,8,0.001,inf,inf
HALDMADS,nomad_default,9,0.1,inf,inf
HALDMADS,nomad_default,9,0.01,inf,inf
HALDMADS,nomad_default,9,0.001,inf,inf
HALDMADS,nomad_default,10,0.1,inf,inf
HALDMADS,nomad_default,10,0.01,inf,inf
HALDMADS,nomad_default,10,0.001,inf,inf
MATRIX2,nomad_default,1,0.1,650.0,92.85714285714286
MATRIX2,nomad_default,1,0.01,700.0,100.0
MATRIX2,nomad_default,1,0.001,700.0,100.0
MATRIX2,nomad_default,2,0.1,1150.0,164.28571428571428
MATRIX2,nomad_default,2,0.01,1250.0,178.57142857142858
MATRIX2,nomad_default,2,0.001,1900.0,271.42857142857144
MATRIX2,nomad_default,3,0.1,600.0,85.71428571428571
MATRIX2,nomad_default,3,0.01,700.0,100.0
MATRIX2,nomad_default,3,0.001,700.0,100.0
MATRIX2,nomad_default,4,0.1,1200.0,171.42857142857142
MATRIX2,nomad_default,4,0.01,1200.0,171.42857142857142
MATRIX2,nomad_default,4,0.001,inf,inf
MATRIX2,nomad_default,5,0.1,600.0,85.71428571428571
MATRIX2,nomad_default,5,0.01,600.0,85.71428571428571
MATRIX2,nomad_default,5,0.001,600.0,85.71428571428571
MATRIX2,nomad_default,6,0.1,1200.0,171.42857142857142
MATRIX2,nomad_default,6,0.01,1200.0,171.42857142857142
MATRIX2,nomad_default,6,0.001,inf,inf
MATRIX2,nomad_default,7,0.1,600.0,85.71428571428571
MATRIX2,nomad_default,7,0.01,600.0,85.71428571428571
MATRIX2,nomad_default,7,0.001,600.0,85.71428571428571
MATRIX2,nomad_default,8,0.1,600.0,85.71428571428571
MATRIX2,nomad_default,8,0.01,600.0,85.71428571428571
MATRIX2,nomad_default,8,0.001,inf,inf
MATRIX2,nomad_default,9,0.1,650.0,92.85714285714286
MATRIX2,nomad_default,9,0.01,700.0,100.0
MATRIX2,nomad_default,9,0.001,inf,inf
MATRIX2,nomad_default,10,0.1,600.0,85.71428571428571
MATRIX2,nomad_default,10,0.01,inf,inf
MATRIX2,nomad_default,10,0.001,inf,inf
PENTAGON,nomad_default,1,0.1,600.0,85.71428571428571
PENTAGON,nomad_default,1,0.01,700.0,100.0
PENTAGON,nomad_default,1,0.001,inf,inf
PENTAGON,nomad_default,2,0.1,700.0,100.0
PENTAGON,nomad_default,2,0.01,700.0,100.0
PENTAGON,nomad_default,2,0.001,700.0,100.0
PENTAGON,nomad_default,3,0.1,700.0,100.0
PENTAGON,nomad_default,3,0.01,700.0,100.0
PENTAGON,nomad_default,3,0.001,700.0,100.0
PENTAGON,nomad_default,4,0.1,700.0,100.0
PENTAGON,nomad_default,4,0.01,750.0,107.14285714285714
PENTAGON,nomad_default,4,0.001,800.0,114.28571428571429
PENTAGON,nomad_default,5,0.1,800.0,114.28571428571429
PENTAGON,nomad_default,5,0.01,800.0,114.28571428571429
PENTAGON,nomad_default,5,0.001,inf,inf
PENTAGON,nomad_default,6,0.1,700.0,100.0
PENTAGON,nomad_default,6,0.01,750.0,107.14285714285714
PENTAGON,nomad_default,6,0.001,800.0,114.28571428571429
PENTAGON,nomad_default,7,0.1,800.0,114.28571428571429
PENTAGON,nomad_default,7,0.01,800.0,114.28571428571429
PENTAGON,nomad_default,7,0.001,inf,inf
PENTAGON,nomad_default,8,0.1,750.0,107.14285714285714
PENTAGON,nomad_default,8,0.01,750.0,107.14285714285714
PENTAGON,nomad_default,8,0.001,750.0,107.14285714285714
PENTAGON,nomad_default,9,0.1,700.0,100.0
PENTAGON,nomad_default,9,0.01,850.0,121.42857142857143
PENTAGON,nomad_default,9,0.001,inf,inf
PENTAGON,nomad_default,10,0.1,600.0,85.71428571428571
PENTAGON,nomad_default,10,0.01,600.0,85.71428571428571
PENTAGON,nomad_default,10,0.001,inf,inf
HS100,nomad_default,1,0.1,1.0,0.125
HS100,nomad_default,1,0.01,inf,inf
HS100,nomad_default,1,0.001,inf,inf
HS100,nomad_default,2,0.1,1.0,0.125
HS100,nomad_default,2,0.01,inf,inf
HS100,nomad_default,2,0.001,inf,inf
HS100,nomad_default,3,0.1,1.0,0.125
HS100,nomad_default,3,0.01,inf,inf
HS100,nomad_default,3,0.001,inf,inf
HS100,nomad_default,4,0.1,1.0,0.125
HS100,nomad_default,4,0.01,inf,inf
HS100,nomad_default,4,0.001,inf,inf
HS100,nomad_default,5,0.1,1.0,0.125
HS100,nomad_default,5,0.01,inf,inf
HS100,nomad_default,5,0.001,inf,inf
HS100,nomad_default,6,0.1,1.0,0.125
HS100,nomad_default,6,0.01,inf,inf
HS100,nomad_default,6,0.001,inf,inf
HS100,nomad_default,7,0.1,1.0,0.125
HS100,nomad_default,7,0.01,inf,inf
HS100,nomad_default,7,0.001,inf,inf
HS100,nomad_default,8,0.1,1.0,0.125
HS100,nomad_default,8,0.01,inf,inf
HS100,nomad_default,8,0.001,inf,inf
HS100,nomad_default,9,0.1,1.0,0.125
HS100,nomad_default,9,0.01,inf,inf
HS100,nomad_default,9,0.001,inf,inf
HS100,nomad_default,10,0.1,1.0,0.125
HS100,nomad_default,10,0.01,inf,inf
HS100,nomad_default,10,0.001,inf,inf
HS101,nomad_default,1,0.1,inf,inf
HS101,nomad_default,1,0.01,inf,inf
HS101,nomad_default,1,0.001,inf,inf
HS101,nomad_default,2,0.1,1050.0,131.25
HS101,nomad_default,2,0.01,1300.0,162.5
HS101,nomad_default,2,0.001,inf,inf
HS101,nomad_default,3,0.1,1300.0,162.5
HS101,nomad_default,3,0.01,inf,inf
HS101,nomad_default,3,0.001,inf,inf
HS101,nomad_default,4,0.1,400.0,50.0
HS101,nomad_default,4,0.01,600.0,75.0
HS101,nomad_default,4,0.001,1300.0,162.5
HS101,nomad_default,5,0.1,5600.0,700.0
HS101,nomad_default,5,0.01,inf,inf
HS101,nomad_default,5,0.001,inf,inf
HS101,nomad_default,6,0.1,400.0,50.0
HS101,nomad_default,6,0.01,600.0,75.0
HS101,nomad_default,6,0.001,1300.0,162.5
HS101,nomad_default,7,0.1,5600.0,700.0
HS101,nomad_default,7,0.01,inf,inf
HS101,nomad_default,7,0.001,inf,inf
HS101,nomad_default,8,0.1,650.0,81.25
HS101,nomad_default,8,0.01,3700.0,462.5
HS101,nomad_default,8,0.001,inf,inf
HS101,nomad_default,9,0.1,inf,inf
HS101,nomad_default,9,0.01,inf,inf
HS101,nomad_default,9,0.001,inf,inf
HS101,nomad_default,10,0.1,1200.0,150.0
HS101,nomad_default,10,0.01,inf,inf
HS101,nomad_default,10,0.001,inf,inf
HS106,nomad_default,1,0.1,300.0,33.333333333333336
HS106,nomad_default,1,0.01,300.0,33.333333333333336
HS106,nomad_default,1,0.001,inf,inf
HS106,nomad_default,2,0.1,250.0,27.77777777777778
HS106,nomad_default,2,0.01,4500.0,500.0
HS106,nomad_default,2,0.001,inf,inf
HS106,nomad_default,3,0.1,350.0,38.888888888888886
HS106,nomad_default,3,0.01,6850.0,761.1111111111111
HS106,nomad_default,3,0.001,inf,inf
HS106,nomad_default,4,0.1,250.0,27.77777777777778
HS106,nomad_default,4,0.01,2600.0,288.8888888888889
HS106,nomad_default,4,0.001,inf,inf
HS106,nomad_default,5,0.1,250.0,27.77777777777778
HS106,nomad_default,5,0.01,400.0,44.44444444444444
HS106,nomad_default,5,0.001,3100.0,344.44444444444446
HS106,nomad_default,6,0.1,250.0,27.77777777777778
HS106,nomad_default,6,0.01,2600.0,288.8888888888889
HS106,nomad_default,6,0.001,inf,inf
HS106,nomad_default,7,0.1,250.0,27.77777777777778
HS106,nomad_default,7,0.01,400.0,44.44444444444444
HS106,nomad_default,7,0.001,3100.0,344.44444444444446
HS106,nomad_default,8,0.1,300.0,33.333333333333336
HS106,nomad_default,8,0.01,650.0,72.22222222222223
HS106,nomad_default,8,0.001,inf,inf
HS106,nomad_default,9,0.1,250.0,27.77777777777778
HS106,nomad_default,9,0.01,6350.0,705.5555555555555
HS106,nomad_default,9,0.001,inf,inf
HS106,nomad_default,10,0.1,150.0,16.666666666666668
HS106,nomad_default,10,0.01,5800.0,644.4444444444445
HS106,nomad_default,10,0.001,inf,inf
HS104,nomad_default,1,0.1,200.0,22.22222222222222
HS104,nomad_default,1,0.01,inf,inf
HS104,nomad_default,1,0.001,inf,inf
HS104,nomad_default,2,0.1,300.0,33.333333333333336
HS104,nomad_default,2,0.01,700.0,77.77777777777777
HS104,nomad_default,2,0.001,inf,inf
HS104,nomad_default,3,0.1,200.0,22.22222222222222
HS104,nomad_default,3,0.01,450.0,50.0
HS104,nomad_default,3,0.001,inf,inf
HS104,nomad_default,4,0.1,200.0,22.22222222222222
HS104,nomad_default,4,0.01,550.0,61.111111111111114
HS104,nomad_default,4,0.001,inf,inf
HS104,nomad_default,5,0.1,100.0,11.11111111111111
HS104,nomad_default,5,0.01,700.0,77.77777777777777
HS104,nomad_default,5,0.001,inf,inf
HS104,nomad_default,6,0.1,200.0,22.22222222222222
HS104,nomad_default,6,0.01,550.0,61.111111111111114
HS104,nomad_default,6,0.001,inf,inf
HS104,nomad_default,7,0.1,100.0,11.11111111111111
HS104,nomad_default,7,0.01,700.0,77.77777777777777
HS104,nomad_default,7,0.001,inf,inf
HS104,nomad_default,8,0.1,150.0,16.666666666666668
HS104,nomad_default,8,0.01,550.0,61.111111111111114
HS104,nomad_default,8,0.001,inf,inf
HS104,nomad_default,9,0.1,200.0,22.22222222222222
HS104,nomad_default,9,0.01,550.0,61.111111111111114
HS104,nomad_default,9,0.001,inf,inf
HS104,nomad_default,10,0.1,150.0,16.666666666666668
HS104,nomad_default,10,0.01,500.0,55.55555555555556
HS104,nomad_default,10,0.001,inf,inf
HS108,nomad_default,1,0.1,inf,inf
HS108,nomad_default,1,0.01,inf,inf
HS108,nomad_default,1,0.001,inf,inf
HS108,nomad_default,2,0.1,inf,inf
HS108,nomad_default,2,0.01,inf,inf
HS108,nomad_default,2,0.001,inf,inf
HS108,nomad_default,3,0.1,inf,inf
HS108,nomad_default,3,0.01,inf,inf
HS108,nomad_default,3,0.001,inf,inf
HS108,nomad_default,4,0.1,inf,inf
HS108,nomad_default,4,0.01,inf,inf
HS108,nomad_default,4,0.001,inf,inf
HS108,nomad_default,5,0.1,inf,inf
HS108,nomad_default,5,0.01,inf,inf
HS108,nomad_default,5,0.001,inf,inf
HS108,nomad_default,6,0.1,inf,inf
HS108,nomad_default,6,0.01,inf,inf
HS108,nomad_default,6,0.001,inf,inf
HS108,nomad_default,7,0.1,inf,inf
HS108,nomad_default,7,0.01,inf,inf
HS108,nomad_default,7,0.001,inf,inf
HS108,nomad_default,8,0.1,inf,inf
HS108,nomad_default,8,0.01,inf,inf
HS108,nomad_default,8,0.001,inf,inf
HS108,nomad_default,9,0.1,inf,inf
HS108,nomad_default,9,0.01,inf,inf
HS108,nomad_default,9,0.001,inf,inf
HS108,nomad_default,10,0.1,inf,inf
HS108,nomad_default,10,0.01,inf,inf
HS108,nomad_default,10,0.001,inf,inf
HS113,nomad_default,1,0.1,inf,inf
HS113,nomad_default,1,0.01,inf,inf
HS113,nomad_default,1,0.001,inf,inf
HS113,nomad_default,2,0.1,inf,inf
HS113,nomad_default,2,0.01,inf,inf
HS113,nomad_default,2,0.001,inf,inf
HS113,nomad_default,3,0.1,inf,inf
HS113,nomad_default,3,0.01,inf,inf
HS113,nomad_default,3,0.001,inf,inf
HS113,nomad_default,4,0.1,inf,inf
HS113,nomad_default,4,0.01,inf,inf
HS113,nomad_default,4,0.001,inf,inf
HS113,nomad_default,5,0.1,inf,inf
HS113,nomad_default,5,0.01,inf,inf
HS113,nomad_default,5,0.001,inf,inf
HS113,nomad_default,6,0.1,inf,inf
HS113,nomad_default,6,0.01,inf,inf
HS113,nomad_default,6,0.001,inf,inf
HS113,nomad_default,7,0.1,inf,inf
HS113,nomad_default,7,0.01,inf,inf
HS113,nomad_default,7,0.001,inf,inf
HS113,nomad_default,8,0.1,inf,inf
HS113,nomad_default,8,0.01,inf,inf
HS113,nomad_default,8,0.001,inf,inf
HS113,nomad_default,9,0.1,inf,inf
HS113,nomad_default,9,0.01,inf,inf
HS113,nomad_default,9,0.001,inf,inf
HS113,nomad_default,10,0.1,inf,inf
HS113,nomad_default,10,0.01,inf,inf
HS113,nomad_default,10,0.001,inf,inf
POLAK3,nomad_default,1,0.1,inf,inf
POLAK3,nomad_default,1,0.01,inf,inf
POLAK3,nomad_default,1,0.001,inf,inf
POLAK3,nomad_default,2,0.1,inf,inf
POLAK3,nomad_default,2,0.01,inf,inf
POLAK3,nomad_default,2,0.001,inf,inf
POLAK3,nomad_default,3,0.1,inf,inf
POLAK3,nomad_default,3,0.01,inf,inf
POLAK3,nomad_default,3,0.001,inf,inf
POLAK3,nomad_default,4,0.1,inf,inf
POLAK3,nomad_default,4,0.01,inf,inf
POLAK3,nomad_default,4,0.001,inf,inf
POLAK3,nomad_default,5,0.1,inf,inf
POLAK3,nomad_default,5,0.01,inf,inf
POLAK3,nomad_default,5,0.001,inf,inf
POLAK3,nomad_default,6,0.1,inf,inf
POLAK3,nomad_default,6,0.01,inf,inf
POLAK3,nomad_default,6,0.001,inf,inf
POLAK3,nomad_default,7,0.1,inf,inf
POLAK3,nomad_default,7,0.01,inf,inf
POLAK3,nomad_default,7,0.001,inf,inf
POLAK3,nomad_default,8,0.1,inf,inf
POLAK3,nomad_default,8,0.01,inf,inf
POLAK3,nomad_default,8,0.001,inf,inf
POLAK3,nomad_default,9,0.1,inf,inf
POLAK3,nomad_default,9,0.01,inf,inf
POLAK3,nomad_default,9,0.001,inf,inf
POLAK3,nomad_default,10,0.1,inf,inf
POLAK3,nomad_default,10,0.01,inf,inf
POLAK3,nomad_default,10,0.001,inf,inf
HS116,nomad_default,1,0.1,4300.0,307.14285714285717
HS116,nomad_default,1,0.01,inf,inf
HS116,nomad_default,1,0.001,inf,inf
HS116,nomad_default,2,0.1,500.0,35.714285714285715
HS116,nomad_default,2,0.01,2850.0,203.57142857142858
HS116,nomad_default,2,0.001,4750.0,339.2857142857143
HS116,nomad_default,3,0.1,19750.0,1410.7142857142858
HS116,nomad_default,3,0.01,inf,inf
HS116,nomad_default,3,0.001,inf,inf
HS116,nomad_default,4,0.1,3000.0,214.28571428571428
HS116,nomad_default,4,0.01,3000.0,214.28571428571428
HS116,nomad_default,4,0.001,inf,inf
HS116,nomad_default,5,0.1,8650.0,617.8571428571429
HS116,nomad_default,5,0.01,inf,inf
HS116,nomad_default,5,0.001,inf,inf
HS116,nomad_default,6,0.1,3000.0,214.28571428571428
HS116,nomad_default,6,0.01,3000.0,214.28571428571428
HS116,nomad_default,6,0.001,inf,inf
HS116,nomad_default,7,0.1,8650.0,617.8571428571429
HS116,nomad_default,7,0.01,inf,inf
HS116,nomad_default,7,0.001,inf,inf
HS116,nomad_default,8,0.1,550.0,39.285714285714285
HS116,nomad_default,8,0.01,6150.0,439.2857142857143
HS116,nomad_default,8,0.001,inf,inf
HS116,nomad_default,9,0.1,600.0,42.857142857142854
HS116,nomad_default,9,0.01,3500.0,250.0
HS116,nomad_default,9,0.001,5650.0,403.57142857142856
HS116,nomad_default,10,0.1,1100.0,78.57142857142857
HS116,nomad_default,10,0.01,7450.0,532.1428571428571
HS116,nomad_default,10,0.001,inf,inf
HAIFAS,nomad_default,1,0.1,inf,inf
HAIFAS,nomad_default,1,0.01,inf,inf
HAIFAS,nomad_default,1,0.001,inf,inf
HAIFAS,nomad_default,2,0.1,inf,inf
HAIFAS,nomad_default,2,0.01,inf,inf
HAIFAS,nomad_default,2,0.001,inf,inf
HAIFAS,nomad_default,3,0.1,inf,inf
HAIFAS,nomad_default,3,0.01,inf,inf
HAIFAS,nomad_default,3,0.001,inf,inf
HAIFAS,nomad_default,4,0.1,inf,inf
HAIFAS,nomad_default,4,0.01,inf,inf
HAIFAS,nomad_default,4,0.001,inf,inf
HAIFAS,nomad_default,5,0.1,inf,inf
HAIFAS,nomad_default,5,0.01,inf,inf
HAIFAS,nomad_default,5,0.001,inf,inf
HAIFAS,nomad_default,6,0.1,inf,inf
HAIFAS,nomad_default,6,0.01,inf,inf
HAIFAS,nomad_default,6,0.001,inf,inf
HAIFAS,nomad_default,7,0.1,inf,inf
HAIFAS,nomad_default,7,0.01,inf,inf
HAIFAS,nomad_default,7,0.001,inf,inf
HAIFAS,nomad_default,8,0.1,inf,inf
HAIFAS,nomad_default,8,0.01,inf,inf
HAIFAS,nomad_default,8,0.001,inf,inf
HAIFAS,nomad_default,9,0.1,inf,inf
HAIFAS,nomad_default,9,0.01,inf,inf
HAIFAS,nomad_default,9,0.001,inf,inf
HAIFAS,nomad_default,10,0.1,inf,inf
HAIFAS,nomad_default,10,0.01,inf,inf
HAIFAS,nomad_default,10,0.001,inf,inf
HS117,nomad_default,1,0.1,inf,inf
HS117,nomad_default,1,0.01,inf,inf
HS117,nomad_default,1,0.001,inf,inf
HS117,nomad_default,2,0.1,inf,inf
HS117,nomad_default,2,0.01,inf,inf
HS117,nomad_default,2,0.001,inf,inf
HS117,nomad_default,3,0.1,3000.0,187.5
HS117,nomad_default,3,0.01,3250.0,203.125
HS117,nomad_default,3,0.001,3250.0,203.125
HS117,nomad_default,4,0.1,inf,inf
HS117,nomad_default,4,0.01,inf,inf
HS117,nomad_default,4,0.001,inf,inf
HS117,nomad_default,5,0.1,inf,inf
HS117,nomad_default,5,0.01,inf,inf
HS117,nomad_default,5,0.001,inf,inf
HS117,nomad_default,6,0.1,inf,inf
HS117,nomad_default,6,0.01,inf,inf
HS117,nomad_default,6,0.001,inf,inf
HS117,nomad_default,7,0.1,inf,inf
HS117,nomad_default,7,0.01,inf,inf
HS117,nomad_default,7,0.001,inf,inf
HS117,nomad_default,8,0.1,inf,inf
HS117,nomad_default,8,0.01,inf,inf
HS117,nomad_default,8,0.001,inf,inf
HS117,nomad_default,9,0.1,inf,inf
HS117,nomad_default,9,0.01,inf,inf
HS117,nomad_default,9,0.001,inf,inf
HS117,nomad_default,10,0.1,inf,inf
HS117,nomad_default,10,0.01,inf,inf
HS117,nomad_default,10,0.001,inf,inf
MAKELA3,nomad_default,1,0.1,inf,inf
MAKELA3,nomad_default,1,0.01,inf,inf
MAKELA3,nomad_default,1,0.001,inf,inf
MAKELA3,nomad_default,2,0.1,inf,inf
MAKELA3,nomad_default,2,0.01,inf,inf
MAKELA3,nomad_default,2,0.001,inf,inf
MAKELA3,nomad_default,3,0.1,inf,inf
MAKELA3,nomad_default,3,0.01,inf,inf
MAKELA3,nomad_default,3,0.001,inf,inf
MAKELA3,nomad_default,4,0.1,inf,inf
MAKELA3,nomad_default,4,0.01,inf,inf
MAKELA3,nomad_default,4,0.001,inf,inf
MAKELA3,nomad_default,5,0.1,inf,inf
MAKELA3,nomad_default,5,0.01,inf,inf
MAKELA3,nomad_default,5,0.001,inf,inf
MAKELA3,nomad_default,6,0.1,inf,inf
MAKELA3,nomad_default,6,0.01,inf,inf
MAKELA3,nomad_default,6,0.001,inf,inf
MAKELA3,nomad_default,7,0.1,inf,inf
MAKELA3,nomad_default,7,0.01,inf,inf
MAKELA3,nomad_default,7,0.001,inf,inf
MAKELA3,nomad_default,8,0.1,inf,inf
MAKELA3,nomad_default,8,0.01,inf,inf
MAKELA3,nomad_default,8,0.001,inf,inf
MAKELA3,nomad_default,9,0.1,inf,inf
MAKELA3,nomad_default,9,0.01,inf,inf
MAKELA3,nomad_default,9,0.001,inf,inf
MAKELA3,nomad_default,10,0.1,inf,inf
MAKELA3,nomad_default,10,0.01,inf,inf
MAKELA3,nomad_default,10,0.001,inf,inf
OPTPRLOC,nomad_default,1,0.1,1100.0,35.483870967741936
OPTPRLOC,nomad_default,1,0.01,2700.0,87.09677419354838
OPTPRLOC,nomad_default,1,0.001,4250.0,137.09677419354838
OPTPRLOC,nomad_default,2,0.1,1250.0,40.32258064516129
OPTPRLOC,nomad_default,2,0.01,3300.0,106.45161290322581
OPTPRLOC,nomad_default,2,0.001,inf,inf
OPTPRLOC,nomad_default,3,0.1,1100.0,35.483870967741936
OPTPRLOC,nomad_default,3,0.01,3200.0,103.2258064516129
OPTPRLOC,nomad_default,3,0.001,inf,inf
OPTPRLOC,nomad_default,4,0.1,1550.0,50.0
OPTPRLOC,nomad_default,4,0.01,inf,inf
OPTPRLOC,nomad_default,4,0.001,inf,inf
OPTPRLOC,nomad_default,5,0.1,1950.0,62.903225806451616
OPTPRLOC,nomad_default,5,0.01,3500.0,112.90322580645162
OPTPRLOC,nomad_default,5,0.001,inf,inf
OPTPRLOC,nomad_default,6,0.1,1550.0,50.0
OPTPRLOC,nomad_default,6,0.01,inf,inf
OPTPRLOC,nomad_default,6,0.001,inf,inf
OPTPRLOC,nomad_default,7,0.1,1950.0,62.903225806451616
OPTPRLOC,nomad_default,7,0.01,3500.0,112.90322580645162
OPTPRLOC,nomad_default,7,0.001,inf,inf
OPTPRLOC,nomad_default,8,0.1,2900.0,93.54838709677419
OPTPRLOC,nomad_default,8,0.01,inf,inf
OPTPRLOC,nomad_default,8,0.001,inf,inf
OPTPRLOC,nomad_default,9,0.1,1250.0,40.32258064516129
OPTPRLOC,nomad_default,9,0.01,2900.0,93.54838709677419
OPTPRLOC,nomad_default,9,0.001,inf,inf
OPTPRLOC,nomad_default,10,0.1,1650.0,53.225806451612904
OPTPRLOC,nomad_default,10,0.01,inf,inf
OPTPRLOC,nomad_default,10,0.001,inf,inf
AIRPORT,nomad_default,1,0.1,22650.0,266.47058823529414
AIRPORT,nomad_default,1,0.01,inf,inf
AIRPORT,nomad_default,1,0.001,inf,inf
AIRPORT,nomad_default,2,0.1,22700.0,267.05882352941177
AIRPORT,nomad_default,2,0.01,inf,inf
AIRPORT,nomad_default,2,0.001,inf,inf
AIRPORT,nomad_default,3,0.1,23400.0,275.29411764705884
AIRPORT,nomad_default,3,0.01,inf,inf
AIRPORT,nomad_default,3,0.001,inf,inf
AIRPORT,nomad_default,4,0.1,inf,inf
AIRPORT,nomad_default,4,0.01,inf,inf
AIRPORT,nomad_default,4,0.001,inf,inf
AIRPORT,nomad_default,5,0.1,inf,inf
AIRPORT,nomad_default,5,0.01,inf,inf
AIRPORT,nomad_default,5,0.001,inf,inf
AIRPORT,nomad_default,6,0.1,inf,inf
AIRPORT,nomad_default,6,0.01,inf,inf
AIRPORT,nomad_default,6,0.001,inf,inf
AIRPORT,nomad_default,7,0.1,inf,inf
AIRPORT,nomad_default,7,0.01,inf,inf
AIRPORT,nomad_default,7,0.001,inf,inf
AIRPORT,nomad_default,8,0.1,inf,inf
AIRPORT,nomad_default,8,0.01,inf,inf
AIRPORT,nomad_default,8,0.001,inf,inf
AIRPORT,nomad_default,9,0.1,20000.0,235.2941176470588
AIRPORT,nomad_default,9,0.01,23600.0,277.6470588235294
AIRPORT,nomad_default,9,0.001,inf,inf
AIRPORT,nomad_default,10,0.1,17450.0,205.2941176470588
AIRPORT,nomad_default,10,0.01,21050.0,247.64705882352942
AIRPORT,nomad_default,10,0.001,24600.0,289.4117647058824
HAIFAM,nomad_default,1,0.1,inf,inf
HAIFAM,nomad_default,1,0.01,inf,inf
HAIFAM,nomad_default,1,0.001,inf,inf
HAIFAM,nomad_default,2,0.1,inf,inf
HAIFAM,nomad_default,2,0.01,inf,inf
HAIFAM,nomad_default,2,0.001,inf,inf
HAIFAM,nomad_default,3,0.1,inf,inf
HAIFAM,nomad_default,3,0.01,inf,inf
HAIFAM,nomad_default,3,0.001,inf,inf
HAIFAM,nomad_default,4,0.1,inf,inf
HAIFAM,nomad_default,4,0.01,inf,inf
HAIFAM,nomad_default,4,0.001,inf,inf
HAIFAM,nomad_default,5,0.1,inf,inf
HAIFAM,nomad_default,5,0.01,inf,inf
HAIFAM,nomad_default,5,0.001,inf,inf
HAIFAM,nomad_default,6,0.1,inf,inf
HAIFAM,nomad_default,6,0.01,inf,inf
HAIFAM,nomad_default,6,0.001,inf,inf
HAIFAM,nomad_default,7,0.1,inf,inf
HAIFAM,nomad_default,7,0.01,inf,inf
HAIFAM,nomad_default,7,0.001,inf,inf
HAIFAM,nomad_default,8,0.1,inf,inf
HAIFAM,nomad_default,8,0.01,inf,inf
HAIFAM,nomad_default,8,0.001,inf,inf
HAIFAM,nomad_default,9,0.1,inf,inf
HAIFAM,nomad_default,9,0.01,inf,inf
HAIFAM,nomad_default,9,0.001,inf,inf
HAIFAM,nomad_default,10,0.1,inf,inf
HAIFAM,nomad_default,10,0.01,inf,inf
HAIFAM,nomad_default,10,0.001,inf,inf
HIMMELBI,nomad_default,1,0.1,6350.0,62.87128712871287
HIMMELBI,nomad_default,1,0.01,inf,inf
HIMMELBI,nomad_default,1,0.001,inf,inf
HIMMELBI,nomad_default,2,0.1,7650.0,75.74257425742574
HIMMELBI,nomad_default,2,0.01,inf,inf
HIMMELBI,nomad_default,2,0.001,inf,inf
HIMMELBI,nomad_default,3,0.1,4000.0,39.603960396039604
HIMMELBI,nomad_default,3,0.01,inf,inf
HIMMELBI,nomad_default,3,0.001,inf,inf
HIMMELBI,nomad_default,4,0.1,7650.0,75.74257425742574
HIMMELBI,nomad_default,4,0.01,inf,inf
HIMMELBI,nomad_default,4,0.001,inf,inf
HIMMELBI,nomad_default,5,0.1,7200.0,71.2871287128713
HIMMELBI,nomad_default,5,0.01,inf,inf
HIMMELBI,nomad_default,5,0.001,inf,inf
HIMMELBI,nomad_default,6,0.1,7650.0,75.74257425742574
HIMMELBI,nomad_default,6,0.01,inf,inf
HIMMELBI,nomad_default,6,0.001,inf,inf
HIMMELBI,nomad_default,7,0.1,7200.0,71.2871287128713
HIMMELBI,nomad_default,7,0.01,inf,inf
HIMMELBI,nomad_default,7,0.001,inf,inf
HIMMELBI,nomad_default,8,0.1,5750.0,56.93069306930693
HIMMELBI,nomad_default,8,0.01,inf,inf
HIMMELBI,nomad_default,8,0.001,inf,inf
HIMMELBI,nomad_default,9,0.1,7650.0,75.74257425742574
HIMMELBI,nomad_default,9,0.01,inf,inf
HIMMELBI,nomad_default,9,0.001,inf,inf
HIMMELBI,nomad_default,10,0.1,7300.0,72.27722772277228
HIMMELBI,nomad_default,10,0.01,inf,inf
HIMMELBI,nomad_default,10,0.001,inf,inf
MADSSCHJ,nomad_default,1,0.1,inf,inf
MADSSCHJ,nomad_default,1,0.01,inf,inf
MADSSCHJ,nomad_default,1,0.001,inf,inf
MADSSCHJ,nomad_default,2,0.1,inf,inf
MADSSCHJ,nomad_default,2,0.01,inf,inf
MADSSCHJ,nomad_default,2,0.001,inf,inf
MADSSCHJ,nomad_default,3,0.1,inf,inf
MADSSCHJ,nomad_default,3,0.01,inf,inf
MADSSCHJ,nomad_default,3,0.001,inf,inf
MADSSCHJ,nomad_default,4,0.1,inf,inf
MADSSCHJ,nomad_default,4,0.01,inf,inf
MADSSCHJ,nomad_default,4,0.001,inf,inf
MADSSCHJ,nomad_default,5,0.1,inf,inf
MADSSCHJ,nomad_default,5,0.01,inf,inf
MADSSCHJ,nomad_default,5,0.001,inf,inf
MADSSCHJ,nomad_default,6,0.1,inf,inf
MADSSCHJ,nomad_default,6,0.01,inf,inf
MADSSCHJ,nomad_default,6,0.001,inf,inf
MADSSCHJ,nomad_default,7,0.1,inf,inf
MADSSCHJ,nomad_default,7,0.01,inf,inf
MADSSCHJ,nomad_default,7,0.001,inf,inf
MADSSCHJ,nomad_default,8,0.1,inf,inf
MADSSCHJ,nomad_default,8,0.01,inf,inf
MADSSCHJ,nomad_default,8,0.001,inf,inf
MADSSCHJ,nomad_default,9,0.1,inf,inf
MADSSCHJ,nomad_default,9,0.01,inf,inf
MADSSCHJ,nomad_default,9,0.001,inf,inf
MADSSCHJ,nomad_default,10,0.1,inf,inf
MADSSCHJ,nomad_default,10,0.01,inf,inf
MADSSCHJ,nomad_default,10,0.001,inf,inf
HAIFAL,nomad_default,1,0.1,1.0,0.0029069767441860465
HAIFAL,nomad_default,1,0.01,inf,inf
HAIFAL,nomad_default,1,0.001,inf,inf
HAIFAL,nomad_default,2,0.1,1.0,0.0029069767441860465
HAIFAL,nomad_default,2,0.01,inf,inf
HAIFAL,nomad_default,2,0.001,inf,inf
HAIFAL,nomad_default,3,0.1,1.0,0.0029069767441860465
HAIFAL,nomad_default,3,0.01,inf,inf
HAIFAL,nomad_default,3,0.001,inf,inf
HAIFAL,nomad_default,4,0.1,1.0,0.0029069767441860465
HAIFAL,nomad_default,4,0.01,inf,inf
HAIFAL,nomad_default,4,0.001,inf,inf
HAIFAL,nomad_default,5,0.1,1.0,0.0029069767441860465
HAIFAL,nomad_default,5,0.01,inf,inf
HAIFAL,nomad_default,5,0.001,inf,inf
HAIFAL,nomad_default,6,0.1,1.0,0.0029069767441860465
HAIFAL,nomad_default,6,0.01,inf,inf
HAIFAL,nomad_default,6,0.001,inf,inf
HAIFAL,nomad_default,7,0.1,1.0,0.0029069767441860465
HAIFAL,nomad_default,7,0.01,inf,inf
HAIFAL,nomad_default,7,0.001,inf,inf
HAIFAL,nomad_default,8,0.1,1.0,0.0029069767441860465
HAIFAL,nomad_default,8,0.01,inf,inf
HAIFAL,nomad_default,8,0.001,inf,inf
HAIFAL,nomad_default,9,0.1,1.0,0.0029069767441860465
HAIFAL,nomad_default,9,0.01,inf,inf
HAIFAL,nomad_default,9,0.001,inf,inf
HAIFAL,nomad_default,10,0.1,1.0,0.0029069767441860465
HAIFAL,nomad_default,10,0.01,inf,inf
HAIFAL,nomad_default,10,0.001,inf,inf
CAMSHAPE,nomad_default,1,0.1,inf,inf
CAMSHAPE,nomad_default,1,0.01,inf,inf
CAMSHAPE,nomad_default,1,0.001,inf,inf
CAMSHAPE,nomad_default,2,0.1,inf,inf
CAMSHAPE,nomad_default,2,0.01,inf,inf
CAMSHAPE,nomad_default,2,0.001,inf,inf
CAMSHAPE,nomad_default,3,0.1,inf,inf
CAMSHAPE,nomad_default,3,0.01,inf,inf
CAMSHAPE,nomad_default,3,0.001,inf,inf
CAMSHAPE,nomad_default,4,0.1,inf,inf
CAMSHAPE,nomad_default,4,0.01,inf,inf
CAMSHAPE,nomad_default,4,0.001,inf,inf
CAMSHAPE,nomad_default,5,0.1,inf,inf
CAMSHAPE,nomad_default,5,0.01,inf,inf
CAMSHAPE,nomad_default,5,0.001,inf,inf
CAMSHAPE,nomad_default,6,0.1,inf,inf
CAMSHAPE,nomad_default,6,0.01,inf,inf
CAMSHAPE,nomad_default,6,0.001,inf,inf
CAMSHAPE,nomad_default,7,0.1,inf,inf
CAMSHAPE,nomad_default,7,0.01,inf,inf
CAMSHAPE,nomad_default,7,0.001,inf,inf
CAMSHAPE,nomad_default,8,0.1,inf,inf
CAMSHAPE,nomad_default,8,0.01,inf,inf
CAMSHAPE,nomad_default,8,0.001,inf,inf
CAMSHAPE,nomad_default,9,0.1,inf,inf
CAMSHAPE,nomad_default,9,0.01,inf,inf
CAMSHAPE,nomad_default,9,0.001,inf,inf
CAMSHAPE,nomad_default,10,0.1,inf,inf
CAMSHAPE,nomad_default,10,0.01,inf,inf
CAMSHAPE,nomad_default,10,0.001,inf,inf
ROSEPETAL,nomad_default,1,0.1,inf,inf
ROSEPETAL,nomad_default,1,0.01,inf,inf
ROSEPETAL,nomad_default,1,0.001,inf,inf
ROSEPETAL,nomad_default,2,0.1,inf,inf
ROSEPETAL,nomad_default,2,0.01,inf,inf
ROSEPETAL,nomad_default,2,0.001,inf,inf
ROSEPETAL,nomad_default,3,0.1,inf,inf
ROSEPETAL,nomad_default,3,0.01,inf,inf
ROSEPETAL,nomad_default,3,0.001,inf,inf
ROSEPETAL,nomad_default,4,0.1,inf,inf
ROSEPETAL,nomad_default,4,0.01,inf,inf
ROSEPETAL,nomad_default,4,0.001,inf,inf
ROSEPETAL,nomad_default,5,0.1,inf,inf
ROSEPETAL,nomad_default,5,0.01,inf,inf
ROSEPETAL,nomad_default,5,0.001,inf,inf
ROSEPETAL,nomad_default,6,0.1,inf,inf
ROSEPETAL,nomad_default,6,0.01,inf,inf
ROSEPETAL,nomad_default,6,0.001,inf,inf
ROSEPETAL,nomad_default,7,0.1,inf,inf
ROSEPETAL,nomad_default,7,0.01,inf,inf
ROSEPETAL,nomad_default,7,0.001,inf,inf
ROSEPETAL,nomad_default,8,0.1,inf,inf
ROSEPETAL,nomad_default,8,0.01,inf,inf
ROSEPETAL,nomad_default,8,0.001,inf,inf
ROSEPETAL,nomad_default,9,0.1,inf,inf
ROSEPETAL,nomad_default,9,0.01,inf,inf
ROSEPETAL,nomad_default,9,0.001,inf,inf
ROSEPETAL,nomad_default,10,0.1,inf,inf
ROSEPETAL,nomad_default,10,0.01,inf,inf
ROSEPETAL,nomad_default,10,0.001,inf,inf
HIMMELP3,zominmax,1,0.1,6400.0,2133.3333333333335
HIMMELP3,zominmax,1,0.01,7200.0,2400.0
HIMMELP3,zominmax,1,0.001,7300.0,2433.3333333333335
HIMMELP3,zominmax,2,0.1,6300.0,2100.0
HIMMELP3,zominmax,2,0.01,7150.0,2383.3333333333335
HIMMELP3,zominmax,2,0.001,7300.0,2433.3333333333335
HIMMELP3,zominmax,3,0.1,6300.0,2100.0
HIMMELP3,zominmax,3,0.01,7100.0,2366.6666666666665
HIMMELP3,zominmax,3,0.001,7250.0,2416.6666666666665
HIMMELP3,zominmax,4,0.1,6350.0,2116.6666666666665
HIMMELP3,zominmax,4,0.01,7150.0,2383.3333333333335
HIMMELP3,zominmax,4,0.001,7300.0,2433.3333333333335
HIMMELP3,zominmax,5,0.1,6250.0,2083.3333333333335
HIMMELP3,zominmax,5,0.01,7100.0,2366.6666666666665
HIMMELP3,zominmax,5,0.001,7250.0,2416.6666666666665
HIMMELP3,zominmax,6,0.1,6300.0,2100.0
HIMMELP3,zominmax,6,0.01,7150.0,2383.3333333333335
HIMMELP3,zominmax,6,0.001,7250.0,2416.6666666666665
HIMMELP3,zominmax,7,0.1,6200.0,2066.6666666666665
HIMMELP3,zominmax,7,0.01,7100.0,2366.6666666666665
HIMMELP3,zominmax,7,0.001,7250.0,2416.6666666666665
HIMMELP3,zominmax,8,0.1,6400.0,2133.3333333333335
HIMMELP3,zominmax,8,0.01,7200.0,2400.0
HIMMELP3,zominmax,8,0.001,7350.0,2450.0
HIMMELP3,zominmax,9,0.1,6250.0,2083.3333333333335
HIMMELP3,zominmax,9,0.01,7050.0,2350.0
HIMMELP3,zominmax,9,0.001,7250.0,2416.6666666666665
HIMMELP3,zominmax,10,0.1,6500.0,2166.6666666666665
HIMMELP3,zominmax,10,0.01,7400.0,2466.6666666666665
HIMMELP3,zominmax,10,0.001,7500.0,2500.0
HIMMELP6,zominmax,1,0.1,3350.0,1116.6666666666667
HIMMELP6,zominmax,1,0.01,5000.0,1666.6666666666667
HIMMELP6,zominmax,1,0.001,5300.0,1766.6666666666667
HIMMELP6,zominmax,2,0.1,3350.0,1116.6666666666667
HIMMELP6,zominmax,2,0.01,4950.0,1650.0
HIMMELP6,zominmax,2,0.001,5200.0,1733.3333333333333
HIMMELP6,zominmax,3,0.1,3300.0,1100.0
HIMMELP6,zominmax,3,0.01,4800.0,1600.0
HIMMELP6,zominmax,3,0.001,5150.0,1716.6666666666667
HIMMELP6,zominmax,4,0.1,3450.0,1150.0
HIMMELP6,zominmax,4,0.01,5150.0,1716.6666666666667
HIMMELP6,zominmax,4,0.001,5450.0,1816.6666666666667
HIMMELP6,zominmax,5,0.1,3300.0,1100.0
HIMMELP6,zominmax,5,0.01,4850.0,1616.6666666666667
HIMMELP6,zominmax,5,0.001,5150.0,1716.6666666666667
HIMMELP6,zominmax,6,0.1,3400.0,1133.3333333333333
HIMMELP6,zominmax,6,0.01,4900.0,1633.3333333333333
HIMMELP6,zominmax,6,0.001,5250.0,1750.0
HIMMELP6,zominmax,7,0.1,3300.0,1100.0
HIMMELP6,zominmax,7,0.01,4750.0,1583.3333333333333
HIMMELP6,zominmax,7,0.001,5000.0,1666.6666666666667
HIMMELP6,zominmax,8,0.1,3450.0,1150.0
HIMMELP6,zominmax,8,0.01,5050.0,1683.3333333333333
HIMMELP6,zominmax,8,0.001,5400.0,1800.0
HIMMELP6,zominmax,9,0.1,3350.0,1116.6666666666667
HIMMELP6,zominmax,9,0.01,4850.0,1616.6666666666667
HIMMELP6,zominmax,9,0.001,5200.0,1733.3333333333333
HIMMELP6,zominmax,10,0.1,3450.0,1150.0
HIMMELP6,zominmax,10,0.01,5050.0,1683.3333333333333
HIMMELP6,zominmax,10,0.001,5400.0,1800.0
MADSEN,zominmax,1,0.1,44450.0,11112.5
MADSEN,zominmax,1,0.01,44450.0,11112.5
MADSEN,zominmax,1,0.001,44450.0,11112.5
MADSEN,zominmax,2,0.1,44700.0,11175.0
MADSEN,zominmax,2,0.01,44700.0,11175.0
MADSEN,zominmax,2,0.001,44700.0,11175.0
MADSEN,zominmax,3,0.1,44650.0,11162.5
MADSEN,zominmax,3,0.01,44650.0,11162.5
MADSEN,zominmax,3,0.001,44650.0,11162.5
MADSEN,zominmax,4,0.1,44400.0,11100.0
MADSEN,zominmax,4,0.01,44400.0,11100.0
MADSEN,zominmax,4,0.001,44400.0,11100.0
MADSEN,zominmax,5,0.1,44700.0,11175.0
MADSEN,zominmax,5,0.01,44700.0,11175.0
MADSEN,zominmax,5,0.001,44700.0,11175.0
MADSEN,zominmax,6,0.1,43000.0,10750.0
MADSEN,zominmax,6,0.01,43000.0,10750.0
MADSEN,zominmax,6,0.001,43000.0,10750.0
MADSEN,zominmax,7,0.1,43550.0,10887.5
MADSEN,zominmax,7,0.01,43550.0,10887.5
MADSEN,zominmax,7,0.001,43550.0,10887.5
MADSEN,zominmax,8,0.1,42950.0,10737.5
MADSEN,zominmax,8,0.01,42950.0,10737.5
MADSEN,zominmax,8,0.001,42950.0,10737.5
MADSEN,zominmax,9,0.1,44450.0,11112.5
MADSEN,zominmax,9,0.01,44450.0,11112.5
MADSEN,zominmax,9,0.001,44450.0,11112.5
MADSEN,zominmax,10,0.1,45200.0,11300.0
MADSEN,zominmax,10,0.01,45200.0,11300.0
MADSEN,zominmax,10,0.001,45200.0,11300.0
MAKELA2,zominmax,1,0.1,7000.0,1750.0
MAKELA2,zominmax,1,0.01,14850.0,3712.5
MAKELA2,zominmax,1,0.001,14850.0,3712.5
MAKELA2,zominmax,2,0.1,7000.0,1750.0
MAKELA2,zominmax,2,0.01,7000.0,1750.0
MAKELA2,zominmax,2,0.001,22550.0,5637.5
MAKELA2,zominmax,3,0.1,6900.0,1725.0
MAKELA2,zominmax,3,0.01,22450.0,5612.5
MAKELA2,zominmax,3,0.001,22450.0,5612.5
MAKELA2,zominmax,4,0.1,7150.0,1787.5
MAKELA2,zominmax,4,0.01,14850.0,3712.5
MAKELA2,zominmax,4,0.001,22500.0,5625.0
MAKELA2,zominmax,5,0.1,7000.0,1750.0
MAKELA2,zominmax,5,0.01,22550.0,5637.5
MAKELA2,zominmax,5,0.001,30400.0,7600.0
MAKELA2,zominmax,6,0.1,6950.0,1737.5
MAKELA2,zominmax,6,0.01,6950.0,1737.5
MAKELA2,zominmax,6,0.001,30250.0,7562.5
MAKELA2,zominmax,7,0.1,7000.0,1750.0
MAKELA2,zominmax,7,0.01,22500.0,5625.0
MAKELA2,zominmax,7,0.001,22500.0,5625.0
MAKELA2,zominmax,8,0.1,7000.0,1750.0
MAKELA2,zominmax,8,0.01,22550.0,5637.5
MAKELA2,zominmax,8,0.001,22550.0,5637.5
MAKELA2,zominmax,9,0.1,6800.0,1700.0
MAKELA2,zominmax,9,0.01,22450.0,5612.5
MAKELA2,zominmax,9,0.001,22450.0,5612.5
MAKELA2,zominmax,10,0.1,7000.0,1750.0
MAKELA2,zominmax,10,0.01,14800.0,3700.0
MAKELA2,zominmax,10,0.001,22450.0,5612.5
GIGOMEZ2,zominmax,1,0.1,inf,inf
GIGOMEZ2,zominmax,1,0.01,inf,inf
GIGOMEZ2,zominmax,1,0.001,inf,inf
GIGOMEZ2,zominmax,2,0.1,inf,inf
GIGOMEZ2,zominmax,2,0.01,inf,inf
GIGOMEZ2,zominmax,2,0.001,inf,inf
GIGOMEZ2,zominmax,3,0.1,inf,inf
GIGOMEZ2,zominmax,3,0.01,inf,inf
GIGOMEZ2,zominmax,3,0.001,inf,inf
GIGOMEZ2,zominmax,4,0.1,inf,inf
GIGOMEZ2,zominmax,4,0.01,inf,inf
GIGOMEZ2,zominmax,4,0.001,inf,inf
GIGOMEZ2,zominmax,5,0.1,inf,inf
GIGOMEZ2,zominmax,5,0.01,inf,inf
GIGOMEZ2,zominmax,5,0.001,inf,inf
GIGOMEZ2,zominmax,6,0.1,inf,inf
GIGOMEZ2,zominmax,6,0.01,inf,inf
GIGOMEZ2,zominmax,6,0.001,inf,inf
GIGOMEZ2,zominmax,7,0.1,inf,inf
GIGOMEZ2,zominmax,7,0.01,inf,inf
GIGOMEZ2,zominmax,7,0.001,inf,inf
GIGOMEZ2,zominmax,8,0.1,inf,inf
GIGOMEZ2,zominmax,8,0.01,inf,inf
GIGOMEZ2,zominmax,8,0.001,inf,inf
GIGOMEZ2,zominmax,9,0.1,inf,inf
GIGOMEZ2,zominmax,9,0.01,inf,inf
GIGOMEZ2,zominmax,9,0.001,inf,inf
GIGOMEZ2,zominmax,10,0.1,inf,inf
GIGOMEZ2,zominmax,10,0.01,inf,inf
GIGOMEZ2,zominmax,10,0.001,inf,inf
CANTILVR,zominmax,1,0.1,inf,inf
CANTILVR,zominmax,1,0.01,inf,inf
CANTILVR,zominmax,1,0.001,inf,inf
CANTILVR,zominmax,2,0.1,inf,inf
CANTILVR,zominmax,2,0.01,inf,inf
CANTILVR,zominmax,2,0.001,inf,inf
CANTILVR,zominmax,3,0.1,inf,inf
CANTILVR,zominmax,3,0.01,inf,inf
CANTILVR,zominmax,3,0.001,inf,inf
CANTILVR,zominmax,4,0.1,inf,inf
CANTILVR,zominmax,4,0.01,inf,inf
CANTILVR,zominmax,4,0.001,inf,inf
CANTILVR,zominmax,5,0.1,inf,inf
CANTILVR,zominmax,5,0.01,inf,inf
CANTILVR,zominmax,5,0.001,inf,inf
CANTILVR,zominmax,6,0.1,inf,inf
CANTILVR,zominmax,6,0.01,inf,inf
CANTILVR,zominmax,6,0.001,inf,inf
CANTILVR,zominmax,7,0.1,inf,inf
CANTILVR,zominmax,7,0.01,inf,inf
CANTILVR,zominmax,7,0.001,inf,inf
CANTILVR,zominmax,8,0.1,inf,inf
CANTILVR,zominmax,8,0.01,inf,inf
CANTILVR,zominmax,8,0.001,inf,inf
CANTILVR,zominmax,9,0.1,inf,inf
CANTILVR,zominmax,9,0.01,inf,inf
CANTILVR,zominmax,9,0.001,inf,inf
CANTILVR,zominmax,10,0.1,inf,inf
CANTILVR,zominmax,10,0.01,inf,inf
CANTILVR,zominmax,10,0.001,inf,inf
POLAK6,zominmax,1,0.1,inf,inf
POLAK6,zominmax,1,0.01,inf,inf
POLAK6,zominmax,1,0.001,inf,inf
POLAK6,zominmax,2,0.1,inf,inf
POLAK6,zominmax,2,0.01,inf,inf
POLAK6,zominmax,2,0.001,inf,inf
POLAK6,zominmax,3,0.1,inf,inf
POLAK6,zominmax,3,0.01,inf,inf
POLAK6,zominmax,3,0.001,inf,inf
POLAK6,zominmax,4,0.1,inf,inf
POLAK6,zominmax,4,0.01,inf,inf
POLAK6,zominmax,4,0.001,inf,inf
POLAK6,zominmax,5,0.1,inf,inf
POLAK6,zominmax,5,0.01,inf,inf
POLAK6,zominmax,5,0.001,inf,inf
POLAK6,zominmax,6,0.1,inf,inf
POLAK6,zominmax,6,0.01,inf,inf
POLAK6,zominmax,6,0.001,inf,inf
POLAK6,zominmax,7,0.1,inf,inf
POLAK6,zominmax,7,0.01,inf,inf
POLAK6,zominmax,7,0.001,inf,inf
POLAK6,zominmax,8,0.1,inf,inf
POLAK6,zominmax,8,0.01,inf,inf
POLAK6,zominmax,8,0.001,inf,inf
POLAK6,zominmax,9,0.1,inf,inf
POLAK6,zominmax,9,0.01,inf,inf
POLAK6,zominmax,9,0.001,inf,inf
POLAK6,zominmax,10,0.1,inf,inf
POLAK6,zominmax,10,0.01,inf,inf
POLAK6,zominmax,10,0.001,inf,inf
CRESC4,zominmax,1,0.1,inf,inf
CRESC4,zominmax,1,0.01,inf,inf
CRESC4,zominmax,1,0.001,inf,inf
CRESC4,zominmax,2,0.1,inf,inf
CRESC4,zominmax,2,0.01,inf,inf
CRESC4,zominmax,2,0.001,inf,inf
CRESC4,zominmax,3,0.1,inf,inf
CRESC4,zominmax,3,0.01,inf,inf
CRESC4,zominmax,3,0.001,inf,inf
CRESC4,zominmax,4,0.1,inf,inf
CRESC4,zominmax,4,0.01,inf,inf
CRESC4,zominmax,4,0.001,inf,inf
CRESC4,zominmax,5,0.1,inf,inf
CRESC4,zominmax,5,0.01,inf,inf
CRESC4,zominmax,5,0.001,inf,inf
CRESC4,zominmax,6,0.1,inf,inf
CRESC4,zominmax,6,0.01,inf,inf
CRESC4,zominmax,6,0.001,inf,inf
CRESC4,zominmax,7,0.1,inf,inf
CRESC4,zominmax,7,0.01,inf,inf
CRESC4,zominmax,7,0.001,inf,inf
CRESC4,zominmax,8,0.1,inf,inf
CRESC4,zominmax,8,0.01,inf,inf
CRESC4,zominmax,8,0.001,inf,inf
CRESC4,zominmax,9,0.1,inf,inf
CRESC4,zominmax,9,0.01,inf,inf
CRESC4,zominmax,9,0.001,inf,inf
CRESC4,zominmax,10,0.1,inf,inf
CRESC4,zominmax,10,0.01,inf,inf
CRESC4,zominmax,10,0.001,inf,inf
HALDMADS,zominmax,1,0.1,inf,inf
HALDMADS,zominmax,1,0.01,inf,inf
HALDMADS,zominmax,1,0.001,inf,inf
HALDMADS,zominmax,2,0.1,inf,inf
HALDMADS,zominmax,2,0.01,inf,inf
HALDMADS,zominmax,2,0.001,inf,inf
HALDMADS,zominmax,3,0.1,inf,inf
HALDMADS,zominmax,3,0.01,inf,inf
HALDMADS,zominmax,3,0.001,inf,inf
HALDMADS,zominmax,4,0.1,inf,inf
HALDMADS,zominmax,4,0.01,inf,inf
HALDMADS,zominmax,4,0.001,inf,inf
HALDMADS,zominmax,5,0.1,inf,inf
HALDMADS,zominmax,5,0.01,inf,inf
HALDMADS,zominmax,5,0.001,inf,inf
HALDMADS,zominmax,6,0.1,inf,inf
HALDMADS,zominmax,6,0.01,inf,inf
HALDMADS,zominmax,6,0.001,inf,inf
HALDMADS,zominmax,7,0.1,inf,inf
HALDMADS,zominmax,7,0.01,inf,inf
HALDMADS,zominmax,7,0.001,inf,inf
HALDMADS,zominmax,8,0.1,inf,inf
HALDMADS,zominmax,8,0.01,inf,inf
HALDMADS,zominmax,8,0.001,inf,inf
HALDMADS,zominmax,9,0.1,inf,inf
HALDMADS,zominmax,9,0.01,inf,inf
HALDMADS,zominmax,9,0.001,inf,inf
HALDMADS,zominmax,10,0.1,inf,inf
HALDMADS,zominmax,10,0.01,inf,inf
HALDMADS,zominmax,10,0.001,inf,inf
MATRIX2,zominmax,1,0.1,250.0,35.714285714285715
MATRIX2,zominmax,1,0.01,600.0,85.71428571428571
MATRIX2,zominmax,1,0.001,600.0,85.71428571428571
MATRIX2,zominmax,2,0.1,250.0,35.714285714285715
MATRIX2,zominmax,2,0.01,250.0,35.714285714285715
MATRIX2,zominmax,2,0.001,250.0,35.714285714285715
MATRIX2,zominmax,3,0.1,inf,inf
MATRIX2,zominmax,3,0.01,inf,inf
MATRIX2,zominmax,3,0.001,inf,inf
MATRIX2,zominmax,4,0.1,400.0,57.142857142857146
MATRIX2,zominmax,4,0.01,400.0,57.142857142857146
MATRIX2,zominmax,4,0.001,400.0,57.142857142857146
MATRIX2,zominmax,5,0.1,150.0,21.428571428571427
MATRIX2,zominmax,5,0.01,300.0,42.857142857142854
MATRIX2,zominmax,5,0.001,750.0,107.14285714285714
MATRIX2,zominmax,6,0.1,300.0,42.857142857142854
MATRIX2,zominmax,6,0.01,300.0,42.857142857142854
MATRIX2,zominmax,6,0.001,400.0,57.142857142857146
MATRIX2,zominmax,7,0.1,550.0,78.57142857142857
MATRIX2,zominmax,7,0.01,550.0,78.57142857142857
MATRIX2,zominmax,7,0.001,550.0,78.57142857142857
MATRIX2,zominmax,8,0.1,150.0,21.428571428571427
MATRIX2,zominmax,8,0.01,950.0,135.71428571428572
MATRIX2,zominmax,8,0.001,950.0,135.71428571428572
MATRIX2,zominmax,9,0.1,50.0,7.142857142857143
MATRIX2,zominmax,9,0.01,200.0,28.571428571428573
MATRIX2,zominmax,9,0.001,200.0,28.571428571428573
MATRIX2,zominmax,10,0.1,inf,inf
MATRIX2,zominmax,10,0.01,inf,inf
MATRIX2,zominmax,10,0.001,inf,inf
PENTAGON,zominmax,1,0.1,450.0,64.28571428571429
PENTAGON,zominmax,1,0.01,450.0,64.28571428571429
PENTAGON,zominmax,1,0.001,450.0,64.28571428571429
PENTAGON,zominmax,2,0.1,400.0,57.142857142857146
PENTAGON,zominmax,2,0.01,400.0,57.142857142857146
PENTAGON,zominmax,2,0.001,400.0,57.142857142857146
PENTAGON,zominmax,3,0.1,450.0,64.28571428571429
PENTAGON,zominmax,3,0.01,450.0,64.28571428571429
PENTAGON,zominmax,3,0.001,450.0,64.28571428571429
PENTAGON,zominmax,4,0.1,400.0,57.142857142857146
PENTAGON,zominmax,4,0.01,400.0,57.142857142857146
PENTAGON,zominmax,4,0.001,400.0,57.142857142857146
PENTAGON,zominmax,5,0.1,400.0,57.142857142857146
PENTAGON,zominmax,5,0.01,400.0,57.142857142857146
PENTAGON,zominmax,5,0.001,400.0,57.142857142857146
PENTAGON,zominmax,6,0.1,450.0,64.28571428571429
PENTAGON,zominmax,6,0.01,450.0,64.28571428571429
PENTAGON,zominmax,6,0.001,450.0,64.28571428571429
PENTAGON,zominmax,7,0.1,400.0,57.142857142857146
PENTAGON,zominmax,7,0.01,400.0,57.142857142857146
PENTAGON,zominmax,7,0.001,400.0,57.142857142857146
PENTAGON,zominmax,8,0.1,250.0,35.714285714285715
PENTAGON,zominmax,8,0.01,250.0,35.714285714285715
PENTAGON,zominmax,8,0.001,250.0,35.714285714285715
PENTAGON,zominmax,9,0.1,450.0,64.28571428571429
PENTAGON,zominmax,9,0.01,450.0,64.28571428571429
PENTAGON,zominmax,9,0.001,450.0,64.28571428571429
PENTAGON,zominmax,10,0.1,300.0,42.857142857142854
PENTAGON,zominmax,10,0.01,300.0,42.857142857142854
PENTAGON,zominmax,10,0.001,300.0,42.857142857142854
HS100,zominmax,1,0.1,1.0,0.125
HS100,zominmax,1,0.01,1050.0,131.25
HS100,zominmax,1,0.001,2200.0,275.0
HS100,zominmax,2,0.1,1.0,0.125
HS100,zominmax,2,0.01,750.0,93.75
HS100,zominmax,2,0.001,1950.0,243.75
HS100,zominmax,3,0.1,1.0,0.125
HS100,zominmax,3,0.01,800.0,100.0
HS100,zominmax,3,0.001,2050.0,256.25
HS100,zominmax,4,0.1,1.0,0.125
HS100,zominmax,4,0.01,700.0,87.5
HS100,zominmax,4,0.001,1750.0,218.75
HS100,zominmax,5,0.1,1.0,0.125
HS100,zominmax,5,0.01,800.0,100.0
HS100,zominmax,5,0.001,1850.0,231.25
HS100,zominmax,6,0.1,1.0,0.125
HS100,zominmax,6,0.01,950.0,118.75
HS100,zominmax,6,0.001,2100.0,262.5
HS100,zominmax,7,0.1,1.0,0.125
HS100,zominmax,7,0.01,700.0,87.5
HS100,zominmax,7,0.001,1850.0,231.25
HS100,zominmax,8,0.1,1.0,0.125
HS100,zominmax,8,0.01,650.0,81.25
HS100,zominmax,8,0.001,2050.0,256.25
HS100,zominmax,9,0.1,1.0,0.125
HS100,zominmax,9,0.01,850.0,106.25
HS100,zominmax,9,0.001,2000.0,250.0
HS100,zominmax,10,0.1,1.0,0.125
HS100,zominmax,10,0.01,800.0,100.0
HS100,zominmax,10,0.001,2250.0,281.25
HS101,zominmax,1,0.1,inf,inf
HS101,zominmax,1,0.01,inf,inf
HS101,zominmax,1,0.001,inf,inf
HS101,zominmax,2,0.1,inf,inf
HS101,zominmax,2,0.01,inf,inf
HS101,zominmax,2,0.001,inf,inf
HS101,zominmax,3,0.1,inf,inf
HS101,zominmax,3,0.01,inf,inf
HS101,zominmax,3,0.001,inf,inf
HS101,zominmax,4,0.1,inf,inf
HS101,zominmax,4,0.01,inf,inf
HS101,zominmax,4,0.001,inf,inf
HS101,zominmax,5,0.1,inf,inf
HS101,zominmax,5,0.01,inf,inf
HS101,zominmax,5,0.001,inf,inf
HS101,zominmax,6,0.1,inf,inf
HS101,zominmax,6,0.01,inf,inf
HS101,zominmax,6,0.001,inf,inf
HS101,zominmax,7,0.1,inf,inf
HS101,zominmax,7,0.01,inf,inf
HS101,zominmax,7,0.001,inf,inf
HS101,zominmax,8,0.1,inf,inf
HS101,zominmax,8,0.01,inf,inf
HS101,zominmax,8,0.001,inf,inf
HS101,zominmax,9,0.1,inf,inf
HS101,zominmax,9,0.01,inf,inf
HS101,zominmax,9,0.001,inf,inf
HS101,zominmax,10,0.1,inf,inf
HS101,zominmax,10,0.01,inf,inf
HS101,zominmax,10,0.001,inf,inf
HS106,zominmax,1,0.1,inf,inf
HS106,zominmax,1,0.01,inf,inf
HS106,zominmax,1,0.001,inf,inf
HS106,zominmax,2,0.1,inf,inf
HS106,zominmax,2,0.01,inf,inf
HS106,zominmax,2,0.001,inf,inf
HS106,zominmax,3,0.1,inf,inf
HS106,zominmax,3,0.01,inf,inf
HS106,zominmax,3,0.001,inf,inf
HS106,zominmax,4,0.1,inf,inf
HS106,zominmax,4,0.01,inf,inf
HS106,zominmax,4,0.001,inf,inf
HS106,zominmax,5,0.1,inf,inf
HS106,zominmax,5,0.01,inf,inf
HS106,zominmax,5,0.001,inf,inf
HS106,zominmax,6,0.1,inf,inf
HS106,zominmax,6,0.01,inf,inf
HS106,zominmax,6,0.001,inf,inf
HS106,zominmax,7,0.1,inf,inf
HS106,zominmax,7,0.01,inf,inf
HS106,zominmax,7,0.001,inf,inf
HS106,zominmax,8,0.1,inf,inf
HS106,zominmax,8,0.01,inf,inf
HS106,zominmax,8,0.001,inf,inf
HS106,zominmax,9,0.1,inf,inf
HS106,zominmax,9,0.01,inf,inf
HS106,zominmax,9,0.001,inf,inf
HS106,zominmax,10,0.1,inf,inf
HS106,zominmax,10,0.01,inf,inf
HS106,zominmax,10,0.001,inf,inf
HS104,zominmax,1,0.1,4750.0,527.7777777777778
HS104,zominmax,1,0.01,inf,inf
HS104,zominmax,1,0.001,inf,inf
HS104,zominmax,2,0.1,4850.0,538.8888888888889
HS104,zominmax,2,0.01,inf,inf
HS104,zominmax,2,0.001,inf,inf
HS104,zominmax,3,0.1,inf,inf
HS104,zominmax,3,0.01,inf,inf
HS104,zominmax,3,0.001,inf,inf
HS104,zominmax,4,0.1,5050.0,561.1111111111111
HS104,zominmax,4,0.01,inf,inf
HS104,zominmax,4,0.001,inf,inf
HS104,zominmax,5,0.1,4600.0,511.1111111111111
HS104,zominmax,5,0.01,inf,inf
HS104,zominmax,5,0.001,inf,inf
HS104,zominmax,6,0.1,4600.0,511.1111111111111
HS104,zominmax,6,0.01,inf,inf
HS104,zominmax,6,0.001,inf,inf
HS104,zominmax,7,0.1,4800.0,533.3333333333334
HS104,zominmax,7,0.01,inf,inf
HS104,zominmax,7,0.001,inf,inf
HS104,zominmax,8,0.1,4700.0,522.2222222222222
HS104,zominmax,8,0.01,inf,inf
HS104,zominmax,8,0.001,inf,inf
HS104,zominmax,9,0.1,4750.0,527.7777777777778
HS104,zominmax,9,0.01,inf,inf
HS104,zominmax,9,0.001,inf,inf
HS104,zominmax,10,0.1,inf,inf
HS104,zominmax,10,0.01,inf,inf
HS104,zominmax,10,0.001,inf,inf
HS108,zominmax,1,0.1,6250.0,625.0
HS108,zominmax,1,0.01,inf,inf
HS108,zominmax,1,0.001,inf,inf
HS108,zominmax,2,0.1,2150.0,215.0
HS108,zominmax,2,0.01,inf,inf
HS108,zominmax,2,0.001,inf,inf
HS108,zominmax,3,0.1,18800.0,1880.0
HS108,zominmax,3,0.01,inf,inf
HS108,zominmax,3,0.001,inf,inf
HS108,zominmax,4,0.1,7100.0,710.0
HS108,zominmax,4,0.01,14600.0,1460.0
HS108,zominmax,4,0.001,inf,inf
HS108,zominmax,5,0.1,6150.0,615.0
HS108,zominmax,5,0.01,inf,inf
HS108,zominmax,5,0.001,inf,inf
HS108,zominmax,6,0.1,3850.0,385.0
HS108,zominmax,6,0.01,25100.0,2510.0
HS108,zominmax,6,0.001,inf,inf
HS108,zominmax,7,0.1,2000.0,200.0
HS108,zominmax,7,0.01,inf,inf
HS108,zominmax,7,0.001,inf,inf
HS108,zominmax,8,0.1,12600.0,1260.0
HS108,zominmax,8,0.01,31150.0,3115.0
HS108,zominmax,8,0.001,inf,inf
HS108,zominmax,9,0.1,6350.0,635.0
HS108,zominmax,9,0.01,inf,inf
HS108,zominmax,9,0.001,inf,inf
HS108,zominmax,10,0.1,10850.0,1085.0
HS108,zominmax,10,0.01,49950.0,4995.0
HS108,zominmax,10,0.001,inf,inf
HS113,zominmax,1,0.1,1350.0,122.72727272727273
HS113,zominmax,1,0.01,7350.0,668.1818181818181
HS113,zominmax,1,0.001,14350.0,1304.5454545454545
HS113,zominmax,2,0.1,1450.0,131.8181818181818
HS113,zominmax,2,0.01,14550.0,1322.7272727272727
HS113,zominmax,2,0.001,14700.0,1336.3636363636363
HS113,zominmax,3,0.1,1350.0,122.72727272727273
HS113,zominmax,3,0.01,12600.0,1145.4545454545455
HS113,zominmax,3,0.001,12800.0,1163.6363636363637
HS113,zominmax,4,0.1,1450.0,131.8181818181818
HS113,zominmax,4,0.01,7450.0,677.2727272727273
HS113,zominmax,4,0.001,16600.0,1509.090909090909
HS113,zominmax,5,0.1,1450.0,131.8181818181818
HS113,zominmax,5,0.01,6850.0,622.7272727272727
HS113,zominmax,5,0.001,10700.0,972.7272727272727
HS113,zominmax,6,0.1,1350.0,122.72727272727273
HS113,zominmax,6,0.01,10700.0,972.7272727272727
HS113,zominmax,6,0.001,10700.0,972.7272727272727
HS113,zominmax,7,0.1,1450.0,131.8181818181818
HS113,zominmax,7,0.01,7700.0,700.0
HS113,zominmax,7,0.001,18850.0,1713.6363636363637
HS113,zominmax,8,0.1,1450.0,131.8181818181818
HS113,zominmax,8,0.01,9600.0,872.7272727272727
HS113,zominmax,8,0.001,22450.0,2040.909090909091
HS113,zominmax,9,0.1,1400.0,127.27272727272727
HS113,zominmax,9,0.01,7550.0,686.3636363636364
HS113,zominmax,9,0.001,13750.0,1250.0
HS113,zominmax,10,0.1,1500.0,136.36363636363637
HS113,zominmax,10,0.01,13250.0,1204.5454545454545
HS113,zominmax,10,0.001,16850.0,1531.8181818181818
POLAK3,zominmax,1,0.1,inf,inf
POLAK3,zominmax,1,0.01,inf,inf
POLAK3,zominmax,1,0.001,inf,inf
POLAK3,zominmax,2,0.1,inf,inf
POLAK3,zominmax,2,0.01,inf,inf
POLAK3,zominmax,2,0.001,inf,inf
POLAK3,zominmax,3,0.1,inf,inf
POLAK3,zominmax,3,0.01,inf,inf
POLAK3,zominmax,3,0.001,inf,inf
POLAK3,zominmax,4,0.1,inf,inf
POLAK3,zominmax,4,0.01,inf,inf
POLAK3,zominmax,4,0.001,inf,inf
POLAK3,zominmax,5,0.1,inf,inf
POLAK3,zominmax,5,0.01,inf,inf
POLAK3,zominmax,5,0.001,inf,inf
POLAK3,zominmax,6,0.1,inf,inf
POLAK3,zominmax,6,0.01,inf,inf
POLAK3,zominmax,6,0.001,inf,inf
POLAK3,zominmax,7,0.1,inf,inf
POLAK3,zominmax,7,0.01,inf,inf
POLAK3,zominmax,7,0.001,inf,inf
POLAK3,zominmax,8,0.1,inf,inf
POLAK3,zominmax,8,0.01,inf,inf
POLAK3,zominmax,8,0.001,inf,inf
POLAK3,zominmax,9,0.1,inf,inf
POLAK3,zominmax,9,0.01,inf,inf
POLAK3,zominmax,9,0.001,inf,inf
POLAK3,zominmax,10,0.1,inf,inf
POLAK3,zominmax,10,0.01,inf,inf
POLAK3,zominmax,10,0.001,inf,inf
HS116,zominmax,1,0.1,inf,inf
HS116,zominmax,1,0.01,inf,inf
HS116,zominmax,1,0.001,inf,inf
HS116,zominmax,2,0.1,inf,inf
HS116,zominmax,2,0.01,inf,inf
HS116,zominmax,2,0.001,inf,inf
HS116,zominmax,3,0.1,inf,inf
HS116,zominmax,3,0.01,inf,inf
HS116,zominmax,3,0.001,inf,inf
HS116,zominmax,4,0.1,inf,inf
HS116,zominmax,4,0.01,inf,inf
HS116,zominmax,4,0.001,inf,inf
HS116,zominmax,5,0.1,inf,inf
HS116,zominmax,5,0.01,inf,inf
HS116,zominmax,5,0.001,inf,inf
HS116,zominmax,6,0.1,inf,inf
HS116,zominmax,6,0.01,inf,inf
HS116,zominmax,6,0.001,inf,inf
HS116,zominmax,7,0.1,inf,inf
HS116,zominmax,7,0.01,inf,inf
HS116,zominmax,7,0.001,inf,inf
HS116,zominmax,8,0.1,inf,inf
HS116,zominmax,8,0.01,inf,inf
HS116,zominmax,8,0.001,inf,inf
HS116,zominmax,9,0.1,inf,inf
HS116,zominmax,9,0.01,inf,inf
HS116,zominmax,9,0.001,inf,inf
HS116,zominmax,10,0.1,inf,inf
HS116,zominmax,10,0.01,inf,inf
HS116,zominmax,10,0.001,inf,inf
HAIFAS,zominmax,1,0.1,inf,inf
HAIFAS,zominmax,1,0.01,inf,inf
HAIFAS,zominmax,1,0.001,inf,inf
HAIFAS,zominmax,2,0.1,inf,inf
HAIFAS,zominmax,2,0.01,inf,inf
HAIFAS,zominmax,2,0.001,inf,inf
HAIFAS,zominmax,3,0.1,inf,inf
HAIFAS,zominmax,3,0.01,inf,inf
HAIFAS,zominmax,3,0.001,inf,inf
HAIFAS,zominmax,4,0.1,inf,inf
HAIFAS,zominmax,4,0.01,inf,inf
HAIFAS,zominmax,4,0.001,inf,inf
HAIFAS,zominmax,5,0.1,inf,inf
HAIFAS,zominmax,5,0.01,inf,inf
HAIFAS,zominmax,5,0.001,inf,inf
HAIFAS,zominmax,6,0.1,inf,inf
HAIFAS,zominmax,6,0.01,inf,inf
HAIFAS,zominmax,6,0.001,inf,inf
HAIFAS,zominmax,7,0.1,inf,inf
HAIFAS,zominmax,7,0.01,inf,inf
HAIFAS,zominmax,7,0.001,inf,inf
HAIFAS,zominmax,8,0.1,inf,inf
HAIFAS,zominmax,8,0.01,inf,inf
HAIFAS,zominmax,8,0.001,inf,inf
HAIFAS,zominmax,9,0.1,inf,inf
HAIFAS,zominmax,9,0.01,inf,inf
HAIFAS,zominmax,9,0.001,inf,inf
HAIFAS,zominmax,10,0.1,inf,inf
HAIFAS,zominmax,10,0.01,inf,inf
HAIFAS,zominmax,10,0.001,inf,inf
HS117,zominmax,1,0.1,inf,inf
HS117,zominmax,1,0.01,inf,inf
HS117,zominmax,1,0.001,inf,inf
HS117,zominmax,2,0.1,inf,inf
HS117,zominmax,2,0.01,inf,inf
HS117,zominmax,2,0.001,inf,inf
HS117,zominmax,3,0.1,inf,inf
HS117,zominmax,3,0.01,inf,inf
HS117,zominmax,3,0.001,inf,inf
HS117,zominmax,4,0.1,inf,inf
HS117,zominmax,4,0.01,inf,inf
HS117,zominmax,4,0.001,inf,inf
HS117,zominmax,5,0.1,inf,inf
HS117,zominmax,5,0.01,inf,inf
HS117,zominmax,5,0.001,inf,inf
HS117,zominmax,6,0.1,inf,inf
HS117,zominmax,6,0.01,inf,inf
HS117,zominmax,6,0.001,inf,inf
HS117,zominmax,7,0.1,inf,inf
HS117,zominmax,7,0.01,inf,inf
HS117,zominmax,7,0.001,inf,inf
HS117,zominmax,8,0.1,inf,inf
HS117,zominmax,8,0.01,inf,inf
HS117,zominmax,8,0.001,inf,inf
HS117,zominmax,9,0.1,inf,inf
HS117,zominmax,9,0.01,inf,inf
HS117,zominmax,9,0.001,inf,inf
HS117,zominmax,10,0.1,inf,inf
HS117,zominmax,10,0.01,inf,inf
HS117,zominmax,10,0.001,inf,inf
MAKELA3,zominmax,1,0.1,32150.0,1461.3636363636363
MAKELA3,zominmax,1,0.01,inf,inf
MAKELA3,zominmax,1,0.001,inf,inf
MAKELA3,zominmax,2,0.1,inf,inf
MAKELA3,zominmax,2,0.01,inf,inf
MAKELA3,zominmax,2,0.001,inf,inf
MAKELA3,zominmax,3,0.1,inf,inf
MAKELA3,zominmax,3,0.01,inf,inf
MAKELA3,zominmax,3,0.001,inf,inf
MAKELA3,zominmax,4,0.1,45750.0,2079.5454545454545
MAKELA3,zominmax,4,0.01,inf,inf
MAKELA3,zominmax,4,0.001,inf,inf
MAKELA3,zominmax,5,0.1,inf,inf
MAKELA3,zominmax,5,0.01,inf,inf
MAKELA3,zominmax,5,0.001,inf,inf
MAKELA3,zominmax,6,0.1,44700.0,2031.8181818181818
MAKELA3,zominmax,6,0.01,inf,inf
MAKELA3,zominmax,6,0.001,inf,inf
MAKELA3,zominmax,7,0.1,inf,inf
MAKELA3,zominmax,7,0.01,inf,inf
MAKELA3,zominmax,7,0.001,inf,inf
MAKELA3,zominmax,8,0.1,inf,inf
MAKELA3,zominmax,8,0.01,inf,inf
MAKELA3,zominmax,8,0.001,inf,inf
MAKELA3,zominmax,9,0.1,inf,inf
MAKELA3,zominmax,9,0.01,inf,inf
MAKELA3,zominmax,9,0.001,inf,inf
MAKELA3,zominmax,10,0.1,inf,inf
MAKELA3,zominmax,10,0.01,inf,inf
MAKELA3,zominmax,10,0.001,inf,inf
OPTPRLOC,zominmax,1,0.1,inf,inf
OPTPRLOC,zominmax,1,0.01,inf,inf
OPTPRLOC,zominmax,1,0.001,inf,inf
OPTPRLOC,zominmax,2,0.1,inf,inf
OPTPRLOC,zominmax,2,0.01,inf,inf
OPTPRLOC,zominmax,2,0.001,inf,inf
OPTPRLOC,zominmax,3,0.1,inf,inf
OPTPRLOC,zominmax,3,0.01,inf,inf
OPTPRLOC,zominmax,3,0.001,inf,inf
OPTPRLOC,zominmax,4,0.1,inf,inf
OPTPRLOC,zominmax,4,0.01,inf,inf
OPTPRLOC,zominmax,4,0.001,inf,inf
OPTPRLOC,zominmax,5,0.1,inf,inf
OPTPRLOC,zominmax,5,0.01,inf,inf
OPTPRLOC,zominmax,5,0.001,inf,inf
OPTPRLOC,zominmax,6,0.1,inf,inf
OPTPRLOC,zominmax,6,0.01,inf,inf
OPTPRLOC,zominmax,6,0.001,inf,inf
OPTPRLOC,zominmax,7,0.1,inf,inf
OPTPRLOC,zominmax,7,0.01,inf,inf
OPTPRLOC,zominmax,7,0.001,inf,inf
OPTPRLOC,zominmax,8,0.1,inf,inf
OPTPRLOC,zominmax,8,0.01,inf,inf
OPTPRLOC,zominmax,8,0.001,inf,inf
OPTPRLOC,zominmax,9,0.1,inf,inf
OPTPRLOC,zominmax,9,0.01,inf,inf
OPTPRLOC,zominmax,9,0.001,inf,inf
OPTPRLOC,zominmax,10,0.1,inf,inf
OPTPRLOC,zominmax,10,0.01,inf,inf
OPTPRLOC,zominmax,10,0.001,inf,inf
AIRPORT,zominmax,1,0.1,inf,inf
AIRPORT,zominmax,1,0.01,inf,inf
AIRPORT,zominmax,1,0.001,inf,inf
AIRPORT,zominmax,2,0.1,inf,inf
AIRPORT,zominmax,2,0.01,inf,inf
AIRPORT,zominmax,2,0.001,inf,inf
AIRPORT,zominmax,3,0.1,inf,inf
AIRPORT,zominmax,3,0.01,inf,inf
AIRPORT,zominmax,3,0.001,inf,inf
AIRPORT,zominmax,4,0.1,inf,inf
AIRPORT,zominmax,4,0.01,inf,inf
AIRPORT,zominmax,4,0.001,inf,inf
AIRPORT,zominmax,5,0.1,inf,inf
AIRPORT,zominmax,5,0.01,inf,inf
AIRPORT,zominmax,5,0.001,inf,inf
AIRPORT,zominmax,6,0.1,inf,inf
AIRPORT,zominmax,6,0.01,inf,inf
AIRPORT,zominmax,6,0.001,inf,inf
AIRPORT,zominmax,7,0.1,inf,inf
AIRPORT,zominmax,7,0.01,inf,inf
AIRPORT,zominmax,7,0.001,inf,inf
AIRPORT,zominmax,8,0.1,inf,inf
AIRPORT,zominmax,8,0.01,inf,inf
AIRPORT,zominmax,8,0.001,inf,inf
AIRPORT,zominmax,9,0.1,inf,inf
AIRPORT,zominmax,9,0.01,inf,inf
AIRPORT,zominmax,9,0.001,inf,inf
AIRPORT,zominmax,10,0.1,inf,inf
AIRPORT,zominmax,10,0.01,inf,inf
AIRPORT,zominmax,10,0.001,inf,inf
HAIFAM,zominmax,1,0.1,5550.0,55.5
HAIFAM,zominmax,1,0.01,75050.0,750.5
HAIFAM,zominmax,1,0.001,inf,inf
HAIFAM,zominmax,2,0.1,9750.0,97.5
HAIFAM,zominmax,2,0.01,86900.0,869.0
HAIFAM,zominmax,2,0.001,inf,inf
HAIFAM,zominmax,3,0.1,3400.0,34.0
HAIFAM,zominmax,3,0.01,75300.0,753.0
HAIFAM,zominmax,3,0.001,inf,inf
HAIFAM,zominmax,4,0.1,5650.0,56.5
HAIFAM,zominmax,4,0.01,71650.0,716.5
HAIFAM,zominmax,4,0.001,97400.0,974.0
HAIFAM,zominmax,5,0.1,4550.0,45.5
HAIFAM,zominmax,5,0.01,71100.0,711.0
HAIFAM,zominmax,5,0.001,97350.0,973.5
HAIFAM,zominmax,6,0.1,4200.0,42.0
HAIFAM,zominmax,6,0.01,83250.0,832.5
HAIFAM,zominmax,6,0.001,inf,inf
HAIFAM,zominmax,7,0.1,5750.0,57.5
HAIFAM,zominmax,7,0.01,81350.0,813.5
HAIFAM,zominmax,7,0.001,inf,inf
HAIFAM,zominmax,8,0.1,4650.0,46.5
HAIFAM,zominmax,8,0.01,70850.0,708.5
HAIFAM,zominmax,8,0.001,95400.0,954.0
HAIFAM,zominmax,9,0.1,5000.0,50.0
HAIFAM,zominmax,9,0.01,78250.0,782.5
HAIFAM,zominmax,9,0.001,inf,inf
HAIFAM,zominmax,10,0.1,5450.0,54.5
HAIFAM,zominmax,10,0.01,77250.0,772.5
HAIFAM,zominmax,10,0.001,99200.0,992.0
HIMMELBI,zominmax,1,0.1,inf,inf
HIMMELBI,zominmax,1,0.01,inf,inf
HIMMELBI,zominmax,1,0.001,inf,inf
HIMMELBI,zominmax,2,0.1,inf,inf
HIMMELBI,zominmax,2,0.01,inf,inf
HIMMELBI,zominmax,2,0.001,inf,inf
HIMMELBI,zominmax,3,0.1,inf,inf
HIMMELBI,zominmax,3,0.01,inf,inf
HIMMELBI,zominmax,3,0.001,inf,inf
HIMMELBI,zominmax,4,0.1,inf,inf
HIMMELBI,zominmax,4,0.01,inf,inf
HIMMELBI,zominmax,4,0.001,inf,inf
HIMMELBI,zominmax,5,0.1,inf,inf
HIMMELBI,zominmax,5,0.01,inf,inf
HIMMELBI,zominmax,5,0.001,inf,inf
HIMMELBI,zominmax,6,0.1,inf,inf
HIMMELBI,zominmax,6,0.01,inf,inf
HIMMELBI,zominmax,6,0.001,inf,inf
HIMMELBI,zominmax,7,0.1,inf,inf
HIMMELBI,zominmax,7,0.01,inf,inf
HIMMELBI,zominmax,7,0.001,inf,inf
HIMMELBI,zominmax,8,0.1,inf,inf
HIMMELBI,zominmax,8,0.01,inf,inf
HIMMELBI,zominmax,8,0.001,inf,inf
HIMMELBI,zominmax,9,0.1,inf,inf
HIMMELBI,zominmax,9,0.01,inf,inf
HIMMELBI,zominmax,9,0.001,inf,inf
HIMMELBI,zominmax,10,0.1,inf,inf
HIMMELBI,zominmax,10,0.01,inf,inf
HIMMELBI,zominmax,10,0.001,inf,inf
MADSSCHJ,zominmax,1,0.1,168750.0,835.3960396039604
MADSSCHJ,zominmax,1,0.01,168750.0,835.3960396039604
MADSSCHJ,zominmax,1,0.001,inf,inf
MADSSCHJ,zominmax,2,0.1,170850.0,845.7920792079208
MADSSCHJ,zominmax,2,0.01,170850.0,845.7920792079208
MADSSCHJ,zominmax,2,0.001,inf,inf
MADSSCHJ,zominmax,3,0.1,171050.0,846.7821782178218
MADSSCHJ,zominmax,3,0.01,inf,inf
MADSSCHJ,zominmax,3,0.001,inf,inf
MADSSCHJ,zominmax,4,0.1,171600.0,849.5049504950495
MADSSCHJ,zominmax,4,0.01,inf,inf
MADSSCHJ,zominmax,4,0.001,inf,inf
MADSSCHJ,zominmax,5,0.1,168050.0,831.9306930693069
MADSSCHJ,zominmax,5,0.01,168050.0,831.9306930693069
MADSSCHJ,zominmax,5,0.001,168050.0,831.9306930693069
MADSSCHJ,zominmax,6,0.1,170750.0,845.2970297029703
MADSSCHJ,zominmax,6,0.01,170750.0,845.2970297029703
MADSSCHJ,zominmax,6,0.001,inf,inf
MADSSCHJ,zominmax,7,0.1,170800.0,845.5445544554456
MADSSCHJ,zominmax,7,0.01,170800.0,845.5445544554456
MADSSCHJ,zominmax,7,0.001,inf,inf
MADSSCHJ,zominmax,8,0.1,170350.0,843.3168316831683
MADSSCHJ,zominmax,8,0.01,170350.0,843.3168316831683
MADSSCHJ,zominmax,8,0.001,inf,inf
MADSSCHJ,zominmax,9,0.1,170300.0,843.0693069306931
MADSSCHJ,zominmax,9,0.01,170300.0,843.0693069306931
MADSSCHJ,zominmax,9,0.001,inf,inf
MADSSCHJ,zominmax,10,0.1,169750.0,840.3465346534654
MADSSCHJ,zominmax,10,0.01,169750.0,840.3465346534654
MADSSCHJ,zominmax,10,0.001,169750.0,840.3465346534654
HAIFAL,zominmax,1,0.1,1.0,0.0029069767441860465
HAIFAL,zominmax,1,0.01,inf,inf
HAIFAL,zominmax,1,0.001,inf,inf
HAIFAL,zominmax,2,0.1,1.0,0.0029069767441860465
HAIFAL,zominmax,2,0.01,inf,inf
HAIFAL,zominmax,2,0.001,inf,inf
HAIFAL,zominmax,3,0.1,1.0,0.0029069767441860465
HAIFAL,zominmax,3,0.01,inf,inf
HAIFAL,zominmax,3,0.001,inf,inf
HAIFAL,zominmax,4,0.1,1.0,0.0029069767441860465
HAIFAL,zominmax,4,0.01,inf,inf
HAIFAL,zominmax,4,0.001,inf,inf
HAIFAL,zominmax,5,0.1,1.0,0.0029069767441860465
HAIFAL,zominmax,5,0.01,inf,inf
HAIFAL,zominmax,5,0.001,inf,inf
HAIFAL,zominmax,6,0.1,1.0,0.0029069767441860465
HAIFAL,zominmax,6,0.01,inf,inf
HAIFAL,zominmax,6,0.001,inf,inf
HAIFAL,zominmax,7,0.1,1.0,0.0029069767441860465
HAIFAL,zominmax,7,0.01,inf,inf
HAIFAL,zominmax,7,0.001,inf,inf
HAIFAL,zominmax,8,0.1,1.0,0.0029069767441860465
HAIFAL,zominmax,8,0.01,inf,inf
HAIFAL,zominmax,8,0.001,inf,inf
HAIFAL,zominmax,9,0.1,1.0,0.0029069767441860465
HAIFAL,zominmax,9,0.01,inf,inf
HAIFAL,zominmax,9,0.001,inf,inf
HAIFAL,zominmax,10,0.1,1.0,0.0029069767441860465
HAIFAL,zominmax,10,0.01,inf,inf
HAIFAL,zominmax,10,0.001,inf,inf
CAMSHAPE,zominmax,1,0.1,inf,inf
CAMSHAPE,zominmax,1,0.01,inf,inf
CAMSHAPE,zominmax,1,0.001,inf,inf
CAMSHAPE,zominmax,2,0.1,inf,inf
CAMSHAPE,zominmax,2,0.01,inf,inf
CAMSHAPE,zominmax,2,0.001,inf,inf
CAMSHAPE,zominmax,3,0.1,inf,inf
CAMSHAPE,zominmax,3,0.01,inf,inf
CAMSHAPE,zominmax,3,0.001,inf,inf
CAMSHAPE,zominmax,4,0.1,inf,inf
CAMSHAPE,zominmax,4,0.01,inf,inf
CAMSHAPE,zominmax,4,0.001,inf,inf
CAMSHAPE,zominmax,5,0.1,inf,inf
CAMSHAPE,zominmax,5,0.01,inf,inf
CAMSHAPE,zominmax,5,0.001,inf,inf
CAMSHAPE,zominmax,6,0.1,inf,inf
CAMSHAPE,zominmax,6,0.01,inf,inf
CAMSHAPE,zominmax,6,0.001,inf,inf
CAMSHAPE,zominmax,7,0.1,inf,inf
CAMSHAPE,zominmax,7,0.01,inf,inf
CAMSHAPE,zominmax,7,0.001,inf,inf
CAMSHAPE,zominmax,8,0.1,inf,inf
CAMSHAPE,zominmax,8,0.01,inf,inf
CAMSHAPE,zominmax,8,0.001,inf,inf
CAMSHAPE,zominmax,9,0.1,inf,inf
CAMSHAPE,zominmax,9,0.01,inf,inf
CAMSHAPE,zominmax,9,0.001,inf,inf
CAMSHAPE,zominmax,10,0.1,inf,inf
CAMSHAPE,zominmax,10,0.01,inf,inf
CAMSHAPE,zominmax,10,0.001,inf,inf
ROSEPETAL,zominmax,1,0.1,inf,inf
ROSEPETAL,zominmax,1,0.01,inf,inf
ROSEPETAL,zominmax,1,0.001,inf,inf
ROSEPETAL,zominmax,2,0.1,inf,inf
ROSEPETAL,zominmax,2,0.01,inf,inf
ROSEPETAL,zominmax,2,0.001,inf,inf
ROSEPETAL,zominmax,3,0.1,inf,inf
ROSEPETAL,zominmax,3,0.01,inf,inf
ROSEPETAL,zominmax,3,0.001,inf,inf
ROSEPETAL,zominmax,4,0.1,inf,inf
ROSEPETAL,zominmax,4,0.01,inf,inf
ROSEPETAL,zominmax,4,0.001,inf,inf
ROSEPETAL,zominmax,5,0.1,inf,inf
ROSEPETAL,zominmax,5,0.01,inf,inf
ROSEPETAL,zominmax,5,0.001,inf,inf
ROSEPETAL,zominmax,6,0.1,inf,inf
ROSEPETAL,zominmax,6,0.01,inf,inf
ROSEPETAL,zominmax,6,0.001,inf,inf
ROSEPETAL,zominmax,7,0.1,inf,inf
ROSEPETAL,zominmax,7,0.01,inf,inf
ROSEPETAL,zominmax,7,0.001,inf,inf
ROSEPETAL,zominmax,8,0.1,inf,inf
ROSEPETAL,zominmax,8,0.01,inf,inf
ROSEPETAL,zominmax,8,0.001,inf,inf
ROSEPETAL,zominmax,9,0.1,inf,inf
ROSEPETAL,zominmax,9,0.01,inf,inf
ROSEPETAL,zominmax,9,0.001,inf,inf
ROSEPETAL,zominmax,10,0.1,inf,inf
ROSEPETAL,zominmax,10,0.01,inf,inf
ROSEPETAL,zominmax,10,0.001,inf,inf
HIMMELP3,zoagp,1,0.1,3850.0,1283.3333333333333
HIMMELP3,zoagp,1,0.01,4450.0,1483.3333333333333
HIMMELP3,zoagp,1,0.001,4500.0,1500.0
HIMMELP6,zoagp,1,0.1,2000.0,666.6666666666666
HIMMELP6,zoagp,1,0.01,3100.0,1033.3333333333333
HIMMELP6,zoagp,1,0.001,3350.0,1116.6666666666667
MADSEN,zoagp,1,0.1,inf,inf
MADSEN,zoagp,1,0.01,inf,inf
MADSEN,zoagp,1,0.001,inf,inf
MAKELA2,zoagp,1,0.1,1900.0,475.0
MAKELA2,zoagp,1,0.01,1900.0,475.0
MAKELA2,zoagp,1,0.001,inf,inf
GIGOMEZ2,zoagp,1,0.1,inf,inf
GIGOMEZ2,zoagp,1,0.01,inf,inf
GIGOMEZ2,zoagp,1,0.001,inf,inf
CANTILVR,zoagp,1,0.1,inf,inf
CANTILVR,zoagp,1,0.01,inf,inf
CANTILVR,zoagp,1,0.001,inf,inf
POLAK6,zoagp,1,0.1,inf,inf
POLAK6,zoagp,1,0.01,inf,inf
POLAK6,zoagp,1,0.001,inf,inf
CRESC4,zoagp,1,0.1,inf,inf
CRESC4,zoagp,1,0.01,inf,inf
CRESC4,zoagp,1,0.001,inf,inf
HALDMADS,zoagp,1,0.1,inf,inf
HALDMADS,zoagp,1,0.01,inf,inf
HALDMADS,zoagp,1,0.001,inf,inf
MATRIX2,zoagp,1,0.1,inf,inf
MATRIX2,zoagp,1,0.01,inf,inf
MATRIX2,zoagp,1,0.001,inf,inf
PENTAGON,zoagp,1,0.1,200.0,28.571428571428573
PENTAGON,zoagp,1,0.01,200.0,28.571428571428573
PENTAGON,zoagp,1,0.001,200.0,28.571428571428573
HS100,zoagp,1,0.1,1.0,0.125
HS100,zoagp,1,0.01,1050.0,131.25
HS100,zoagp,1,0.001,2850.0,356.25
HS101,zoagp,1,0.1,inf,inf
HS101,zoagp,1,0.01,inf,inf
HS101,zoagp,1,0.001,inf,inf
HS106,zoagp,1,0.1,inf,inf
HS106,zoagp,1,0.01,inf,inf
HS106,zoagp,1,0.001,inf,inf
HS104,zoagp,1,0.1,inf,inf
HS104,zoagp,1,0.01,inf,inf
HS104,zoagp,1,0.001,inf,inf
HS108,zoagp,1,0.1,350.0,35.0
HS108,zoagp,1,0.01,inf,inf
HS108,zoagp,1,0.001,inf,inf
HS113,zoagp,1,0.1,2800.0,254.54545454545453
HS113,zoagp,1,0.01,inf,inf
HS113,zoagp,1,0.001,inf,inf
POLAK3,zoagp,1,0.1,inf,inf
POLAK3,zoagp,1,0.01,inf,inf
POLAK3,zoagp,1,0.001,inf,inf
HS116,zoagp,1,0.1,inf,inf
HS116,zoagp,1,0.01,inf,inf
HS116,zoagp,1,0.001,inf,inf
HAIFAS,zoagp,1,0.1,inf,inf
HAIFAS,zoagp,1,0.01,inf,inf
HAIFAS,zoagp,1,0.001,inf,inf
HS117,zoagp,1,0.1,inf,inf
HS117,zoagp,1,0.01,inf,inf
HS117,zoagp,1,0.001,inf,inf
MAKELA3,zoagp,1,0.1,19000.0,863.6363636363636
MAKELA3,zoagp,1,0.01,26750.0,1215.909090909091
MAKELA3,zoagp,1,0.001,35750.0,1625.0
OPTPRLOC,zoagp,1,0.1,inf,inf
OPTPRLOC,zoagp,1,0.01,inf,inf
OPTPRLOC,zoagp,1,0.001,inf,inf
AIRPORT,zoagp,1,0.1,inf,inf
AIRPORT,zoagp,1,0.01,inf,inf
AIRPORT,zoagp,1,0.001,inf,inf
HAIFAM,zoagp,1,0.1,950.0,9.5
HAIFAM,zoagp,1,0.01,inf,inf
HAIFAM,zoagp,1,0.001,inf,inf
HIMMELBI,zoagp,1,0.1,inf,inf
HIMMELBI,zoagp,1,0.01,inf,inf
HIMMELBI,zoagp,1,0.001,inf,inf
MADSSCHJ,zoagp,1,0.1,inf,inf
MADSSCHJ,zoagp,1,0.01,inf,inf
MADSSCHJ,zoagp,1,0.001,inf,inf
HAIFAL,zoagp,1,0.1,1.0,0.0029069767441860465
HAIFAL,zoagp,1,0.01,inf,inf
HAIFAL,zoagp,1,0.001,inf,inf
CAMSHAPE,zoagp,1,0.1,inf,inf
CAMSHAPE,zoagp,1,0.01,inf,inf
CAMSHAPE,zoagp,1,0.001,inf,inf
ROSEPETAL,zoagp,1,0.1,65100.0,65.03496503496504
ROSEPETAL,zoagp,1,0.01,73100.0,73.02697302697302
ROSEPETAL,zoagp,1,0.001,inf,inf
HIMMELP3,szo_conex,1,0.1,inf,inf
HIMMELP3,szo_conex,1,0.01,inf,inf
HIMMELP3,szo_conex,1,0.001,inf,inf
HIMMELP3,szo_conex,2,0.1,inf,inf
HIMMELP3,szo_conex,2,0.01,inf,inf
HIMMELP3,szo_conex,2,0.001,inf,inf
HIMMELP3,szo_conex,3,0.1,inf,inf
HIMMELP3,szo_conex,3,0.01,inf,inf
HIMMELP3,szo_conex,3,0.001,inf,inf
HIMMELP3,szo_conex,4,0.1,inf,inf
HIMMELP3,szo_conex,4,0.01,inf,inf
HIMMELP3,szo_conex,4,0.001,inf,inf
HIMMELP3,szo_conex,5,0.1,inf,inf
HIMMELP3,szo_conex,5,0.01,inf,inf
HIMMELP3,szo_conex,5,0.001,inf,inf
HIMMELP3,szo_conex,6,0.1,inf,inf
HIMMELP3,szo_conex,6,0.01,inf,inf
HIMMELP3,szo_conex,6,0.001,inf,inf
HIMMELP3,szo_conex,7,0.1,inf,inf
HIMMELP3,szo_conex,7,0.01,inf,inf
HIMMELP3,szo_conex,7,0.001,inf,inf
HIMMELP3,szo_conex,8,0.1,inf,inf
HIMMELP3,szo_conex,8,0.01,inf,inf
HIMMELP3,szo_conex,8,0.001,inf,inf
HIMMELP3,szo_conex,9,0.1,inf,inf
HIMMELP3,szo_conex,9,0.01,inf,inf
HIMMELP3,szo_conex,9,0.001,inf,inf
HIMMELP3,szo_conex,10,0.1,inf,inf
HIMMELP3,szo_conex,10,0.01,inf,inf
HIMMELP3,szo_conex,10,0.001,inf,inf
HIMMELP6,szo_conex,1,0.1,inf,inf
HIMMELP6,szo_conex,1,0.01,inf,inf
HIMMELP6,szo_conex,1,0.001,inf,inf
HIMMELP6,szo_conex,2,0.1,inf,inf
HIMMELP6,szo_conex,2,0.01,inf,inf
HIMMELP6,szo_conex,2,0.001,inf,inf
HIMMELP6,szo_conex,3,0.1,inf,inf
HIMMELP6,szo_conex,3,0.01,inf,inf
HIMMELP6,szo_conex,3,0.001,inf,inf
HIMMELP6,szo_conex,4,0.1,inf,inf
HIMMELP6,szo_conex,4,0.01,inf,inf
HIMMELP6,szo_conex,4,0.001,inf,inf
HIMMELP6,szo_conex,5,0.1,inf,inf
HIMMELP6,szo_conex,5,0.01,inf,inf
HIMMELP6,szo_conex,5,0.001,inf,inf
HIMMELP6,szo_conex,6,0.1,inf,inf
HIMMELP6,szo_conex,6,0.01,inf,inf
HIMMELP6,szo_conex,6,0.001,inf,inf
HIMMELP6,szo_conex,7,0.1,inf,inf
HIMMELP6,szo_conex,7,0.01,inf,inf
HIMMELP6,szo_conex,7,0.001,inf,inf
HIMMELP6,szo_conex,8,0.1,inf,inf
HIMMELP6,szo_conex,8,0.01,inf,inf
HIMMELP6,szo_conex,8,0.001,inf,inf
HIMMELP6,szo_conex,9,0.1,inf,inf
HIMMELP6,szo_conex,9,0.01,inf,inf
HIMMELP6,szo_conex,9,0.001,inf,inf
HIMMELP6,szo_conex,10,0.1,inf,inf
HIMMELP6,szo_conex,10,0.01,inf,inf
HIMMELP6,szo_conex,10,0.001,inf,inf
MADSEN,szo_conex,1,0.1,23100.0,5775.0
MADSEN,szo_conex,1,0.01,inf,inf
MADSEN,szo_conex,1,0.001,inf,inf
MADSEN,szo_conex,2,0.1,inf,inf
MADSEN,szo_conex,2,0.01,inf,inf
MADSEN,szo_conex,2,0.001,inf,inf
MADSEN,szo_conex,3,0.1,inf,inf
MADSEN,szo_conex,3,0.01,inf,inf
MADSEN,szo_conex,3,0.001,inf,inf
MADSEN,szo_conex,4,0.1,inf,inf
MADSEN,szo_conex,4,0.01,inf,inf
MADSEN,szo_conex,4,0.001,inf,inf
MADSEN,szo_conex,5,0.1,18800.0,4700.0
MADSEN,szo_conex,5,0.01,inf,inf
MADSEN,szo_conex,5,0.001,inf,inf
MADSEN,szo_conex,6,0.1,inf,inf
MADSEN,szo_conex,6,0.01,inf,inf
MADSEN,szo_conex,6,0.001,inf,inf
MADSEN,szo_conex,7,0.1,inf,inf
MADSEN,szo_conex,7,0.01,inf,inf
MADSEN,szo_conex,7,0.001,inf,inf
MADSEN,szo_conex,8,0.1,14250.0,3562.5
MADSEN,szo_conex,8,0.01,inf,inf
MADSEN,szo_conex,8,0.001,inf,inf
MADSEN,szo_conex,9,0.1,42000.0,10500.0
MADSEN,szo_conex,9,0.01,inf,inf
MADSEN,szo_conex,9,0.001,inf,inf
MADSEN,szo_conex,10,0.1,22950.0,5737.5
MADSEN,szo_conex,10,0.01,34000.0,8500.0
MADSEN,szo_conex,10,0.001,inf,inf
MAKELA2,szo_conex,1,0.1,inf,inf
MAKELA2,szo_conex,1,0.01,inf,inf
MAKELA2,szo_conex,1,0.001,inf,inf
MAKELA2,szo_conex,2,0.1,inf,inf
MAKELA2,szo_conex,2,0.01,inf,inf
MAKELA2,szo_conex,2,0.001,inf,inf
MAKELA2,szo_conex,3,0.1,41900.0,10475.0
MAKELA2,szo_conex,3,0.01,inf,inf
MAKELA2,szo_conex,3,0.001,inf,inf
MAKELA2,szo_conex,4,0.1,inf,inf
MAKELA2,szo_conex,4,0.01,inf,inf
MAKELA2,szo_conex,4,0.001,inf,inf
MAKELA2,szo_conex,5,0.1,inf,inf
MAKELA2,szo_conex,5,0.01,inf,inf
MAKELA2,szo_conex,5,0.001,inf,inf
MAKELA2,szo_conex,6,0.1,39400.0,9850.0
MAKELA2,szo_conex,6,0.01,inf,inf
MAKELA2,szo_conex,6,0.001,inf,inf
MAKELA2,szo_conex,7,0.1,35850.0,8962.5
MAKELA2,szo_conex,7,0.01,inf,inf
MAKELA2,szo_conex,7,0.001,inf,inf
MAKELA2,szo_conex,8,0.1,inf,inf
MAKELA2,szo_conex,8,0.01,inf,inf
MAKELA2,szo_conex,8,0.001,inf,inf
MAKELA2,szo_conex,9,0.1,inf,inf
MAKELA2,szo_conex,9,0.01,inf,inf
MAKELA2,szo_conex,9,0.001,inf,inf
MAKELA2,szo_conex,10,0.1,33400.0,8350.0
MAKELA2,szo_conex,10,0.01,inf,inf
MAKELA2,szo_conex,10,0.001,inf,inf
GIGOMEZ2,szo_conex,1,0.1,24950.0,6237.5
GIGOMEZ2,szo_conex,1,0.01,39350.0,9837.5
GIGOMEZ2,szo_conex,1,0.001,inf,inf
GIGOMEZ2,szo_conex,2,0.1,31350.0,7837.5
GIGOMEZ2,szo_conex,2,0.01,inf,inf
GIGOMEZ2,szo_conex,2,0.001,inf,inf
GIGOMEZ2,szo_conex,3,0.1,28300.0,7075.0
GIGOMEZ2,szo_conex,3,0.01,inf,inf
GIGOMEZ2,szo_conex,3,0.001,inf,inf
GIGOMEZ2,szo_conex,4,0.1,30900.0,7725.0
GIGOMEZ2,szo_conex,4,0.01,inf,inf
GIGOMEZ2,szo_conex,4,0.001,inf,inf
GIGOMEZ2,szo_conex,5,0.1,25050.0,6262.5
GIGOMEZ2,szo_conex,5,0.01,37450.0,9362.5
GIGOMEZ2,szo_conex,5,0.001,inf,inf
GIGOMEZ2,szo_conex,6,0.1,27850.0,6962.5
GIGOMEZ2,szo_conex,6,0.01,38850.0,9712.5
GIGOMEZ2,szo_conex,6,0.001,inf,inf
GIGOMEZ2,szo_conex,7,0.1,18250.0,4562.5
GIGOMEZ2,szo_conex,7,0.01,49300.0,12325.0
GIGOMEZ2,szo_conex,7,0.001,inf,inf
GIGOMEZ2,szo_conex,8,0.1,39300.0,9825.0
GIGOMEZ2,szo_conex,8,0.01,49550.0,12387.5
GIGOMEZ2,szo_conex,8,0.001,inf,inf
GIGOMEZ2,szo_conex,9,0.1,36550.0,9137.5
GIGOMEZ2,szo_conex,9,0.01,inf,inf
GIGOMEZ2,szo_conex,9,0.001,inf,inf
GIGOMEZ2,szo_conex,10,0.1,28850.0,7212.5
GIGOMEZ2,szo_conex,10,0.01,inf,inf
GIGOMEZ2,szo_conex,10,0.001,inf,inf
CANTILVR,szo_conex,1,0.1,inf,inf
CANTILVR,szo_conex,1,0.01,inf,inf
CANTILVR,szo_conex,1,0.001,inf,inf
CANTILVR,szo_conex,2,0.1,inf,inf
CANTILVR,szo_conex,2,0.01,inf,inf
CANTILVR,szo_conex,2,0.001,inf,inf
CANTILVR,szo_conex,3,0.1,inf,inf
CANTILVR,szo_conex,3,0.01,inf,inf
CANTILVR,szo_conex,3,0.001,inf,inf
CANTILVR,szo_conex,4,0.1,inf,inf
CANTILVR,szo_conex,4,0.01,inf,inf
CANTILVR,szo_conex,4,0.001,inf,inf
CANTILVR,szo_conex,5,0.1,inf,inf
CANTILVR,szo_conex,5,0.01,inf,inf
CANTILVR,szo_conex,5,0.001,inf,inf
CANTILVR,szo_conex,6,0.1,inf,inf
CANTILVR,szo_conex,6,0.01,inf,inf
CANTILVR,szo_conex,6,0.001,inf,inf
CANTILVR,szo_conex,7,0.1,inf,inf
CANTILVR,szo_conex,7,0.01,inf,inf
CANTILVR,szo_conex,7,0.001,inf,inf
CANTILVR,szo_conex,8,0.1,inf,inf
CANTILVR,szo_conex,8,0.01,inf,inf
CANTILVR,szo_conex,8,0.001,inf,inf
CANTILVR,szo_conex,9,0.1,inf,inf
CANTILVR,szo_conex,9,0.01,inf,inf
CANTILVR,szo_conex,9,0.001,inf,inf
CANTILVR,szo_conex,10,0.1,inf,inf
CANTILVR,szo_conex,10,0.01,inf,inf
CANTILVR,szo_conex,10,0.001,inf,inf
POLAK6,szo_conex,1,0.1,27800.0,4633.333333333333
POLAK6,szo_conex,1,0.01,inf,inf
POLAK6,szo_conex,1,0.001,inf,inf
POLAK6,szo_conex,2,0.1,25100.0,4183.333333333333
POLAK6,szo_conex,2,0.01,inf,inf
POLAK6,szo_conex,2,0.001,inf,inf
POLAK6,szo_conex,3,0.1,inf,inf
POLAK6,szo_conex,3,0.01,inf,inf
POLAK6,szo_conex,3,0.001,inf,inf
POLAK6,szo_conex,4,0.1,inf,inf
POLAK6,szo_conex,4,0.01,inf,inf
POLAK6,szo_conex,4,0.001,inf,inf
POLAK6,szo_conex,5,0.1,inf,inf
POLAK6,szo_conex,5,0.01,inf,inf
POLAK6,szo_conex,5,0.001,inf,inf
POLAK6,szo_conex,6,0.1,inf,inf
POLAK6,szo_conex,6,0.01,inf,inf
POLAK6,szo_conex,6,0.001,inf,inf
POLAK6,szo_conex,7,0.1,inf,inf
POLAK6,szo_conex,7,0.01,inf,inf
POLAK6,szo_conex,7,0.001,inf,inf
POLAK6,szo_conex,8,0.1,23850.0,3975.0
POLAK6,szo_conex,8,0.01,inf,inf
POLAK6,szo_conex,8,0.001,inf,inf
POLAK6,szo_conex,9,0.1,inf,inf
POLAK6,szo_conex,9,0.01,inf,inf
POLAK6,szo_conex,9,0.001,inf,inf
POLAK6,szo_conex,10,0.1,inf,inf
POLAK6,szo_conex,10,0.01,inf,inf
POLAK6,szo_conex,10,0.001,inf,inf
CRESC4,szo_conex,1,0.1,inf,inf
CRESC4,szo_conex,1,0.01,inf,inf
CRESC4,szo_conex,1,0.001,inf,inf
CRESC4,szo_conex,2,0.1,inf,inf
CRESC4,szo_conex,2,0.01,inf,inf
CRESC4,szo_conex,2,0.001,inf,inf
CRESC4,szo_conex,3,0.1,inf,inf
CRESC4,szo_conex,3,0.01,inf,inf
CRESC4,szo_conex,3,0.001,inf,inf
CRESC4,szo_conex,4,0.1,inf,inf
CRESC4,szo_conex,4,0.01,inf,inf
CRESC4,szo_conex,4,0.001,inf,inf
CRESC4,szo_conex,5,0.1,inf,inf
CRESC4,szo_conex,5,0.01,inf,inf
CRESC4,szo_conex,5,0.001,inf,inf
CRESC4,szo_conex,6,0.1,inf,inf
CRESC4,szo_conex,6,0.01,inf,inf
CRESC4,szo_conex,6,0.001,inf,inf
CRESC4,szo_conex,7,0.1,inf,inf
CRESC4,szo_conex,7,0.01,inf,inf
CRESC4,szo_conex,7,0.001,inf,inf
CRESC4,szo_conex,8,0.1,inf,inf
CRESC4,szo_conex,8,0.01,inf,inf
CRESC4,szo_conex,8,0.001,inf,inf
CRESC4,szo_conex,9,0.1,inf,inf
CRESC4,szo_conex,9,0.01,inf,inf
CRESC4,szo_conex,9,0.001,inf,inf
CRESC4,szo_conex,10,0.1,inf,inf
CRESC4,szo_conex,10,0.01,inf,inf
CRESC4,szo_conex,10,0.001,inf,inf
HALDMADS,szo_conex,1,0.1,inf,inf
HALDMADS,szo_conex,1,0.01,inf,inf
HALDMADS,szo_conex,1,0.001,inf,inf
HALDMADS,szo_conex,2,0.1,inf,inf
HALDMADS,szo_conex,2,0.01,inf,inf
HALDMADS,szo_conex,2,0.001,inf,inf
HALDMADS,szo_conex,3,0.1,inf,inf
HALDMADS,szo_conex,3,0.01,inf,inf
HALDMADS,szo_conex,3,0.001,inf,inf
HALDMADS,szo_conex,4,0.1,inf,inf
HALDMADS,szo_conex,4,0.01,inf,inf
HALDMADS,szo_conex,4,0.001,inf,inf
HALDMADS,szo_conex,5,0.1,inf,inf
HALDMADS,szo_conex,5,0.01,inf,inf
HALDMADS,szo_conex,5,0.001,inf,inf
HALDMADS,szo_conex,6,0.1,inf,inf
HALDMADS,szo_conex,6,0.01,inf,inf
HALDMADS,szo_conex,6,0.001,inf,inf
HALDMADS,szo_conex,7,0.1,inf,inf
HALDMADS,szo_conex,7,0.01,inf,inf
HALDMADS,szo_conex,7,0.001,inf,inf
HALDMADS,szo_conex,8,0.1,inf,inf
HALDMADS,szo_conex,8,0.01,inf,inf
HALDMADS,szo_conex,8,0.001,inf,inf
HALDMADS,szo_conex,9,0.1,inf,inf
HALDMADS,szo_conex,9,0.01,inf,inf
HALDMADS,szo_conex,9,0.001,inf,inf
HALDMADS,szo_conex,10,0.1,inf,inf
HALDMADS,szo_conex,10,0.01,inf,inf
HALDMADS,szo_conex,10,0.001,inf,inf
MATRIX2,szo_conex,1,0.1,2550.0,364.2857142857143
MATRIX2,szo_conex,1,0.01,2550.0,364.2857142857143
MATRIX2,szo_conex,1,0.001,2550.0,364.2857142857143
MATRIX2,szo_conex,2,0.1,4550.0,650.0
MATRIX2,szo_conex,2,0.01,4550.0,650.0
MATRIX2,szo_conex,2,0.001,4750.0,678.5714285714286
MATRIX2,szo_conex,3,0.1,1150.0,164.28571428571428
MATRIX2,szo_conex,3,0.01,1450.0,207.14285714285714
MATRIX2,szo_conex,3,0.001,1600.0,228.57142857142858
MATRIX2,szo_conex,4,0.1,4600.0,657.1428571428571
MATRIX2,szo_conex,4,0.01,4600.0,657.1428571428571
MATRIX2,szo_conex,4,0.001,4650.0,664.2857142857143
MATRIX2,szo_conex,5,0.1,2250.0,321.42857142857144
MATRIX2,szo_conex,5,0.01,2250.0,321.42857142857144
MATRIX2,szo_conex,5,0.001,2400.0,342.85714285714283
MATRIX2,szo_conex,6,0.1,1750.0,250.0
MATRIX2,szo_conex,6,0.01,1750.0,250.0
MATRIX2,szo_conex,6,0.001,2300.0,328.57142857142856
MATRIX2,szo_conex,7,0.1,2750.0,392.85714285714283
MATRIX2,szo_conex,7,0.01,2750.0,392.85714285714283
MATRIX2,szo_conex,7,0.001,2750.0,392.85714285714283
MATRIX2,szo_conex,8,0.1,2450.0,350.0
MATRIX2,szo_conex,8,0.01,2450.0,350.0
MATRIX2,szo_conex,8,0.001,2700.0,385.7142857142857
MATRIX2,szo_conex,9,0.1,3900.0,557.1428571428571
MATRIX2,szo_conex,9,0.01,3900.0,557.1428571428571
MATRIX2,szo_conex,9,0.001,4250.0,607.1428571428571
MATRIX2,szo_conex,10,0.1,1100.0,157.14285714285714
MATRIX2,szo_conex,10,0.01,1450.0,207.14285714285714
MATRIX2,szo_conex,10,0.001,1750.0,250.0
PENTAGON,szo_conex,1,0.1,6750.0,964.2857142857143
PENTAGON,szo_conex,1,0.01,6750.0,964.2857142857143
PENTAGON,szo_conex,1,0.001,8150.0,1164.2857142857142
PENTAGON,szo_conex,2,0.1,6250.0,892.8571428571429
PENTAGON,szo_conex,2,0.01,6250.0,892.8571428571429
PENTAGON,szo_conex,2,0.001,6250.0,892.8571428571429
PENTAGON,szo_conex,3,0.1,6250.0,892.8571428571429
PENTAGON,szo_conex,3,0.01,6250.0,892.8571428571429
PENTAGON,szo_conex,3,0.001,6250.0,892.8571428571429
PENTAGON,szo_conex,4,0.1,5650.0,807.1428571428571
PENTAGON,szo_conex,4,0.01,5650.0,807.1428571428571
PENTAGON,szo_conex,4,0.001,6050.0,864.2857142857143
PENTAGON,szo_conex,5,0.1,5550.0,792.8571428571429
PENTAGON,szo_conex,5,0.01,5550.0,792.8571428571429
PENTAGON,szo_conex,5,0.001,5550.0,792.8571428571429
PENTAGON,szo_conex,6,0.1,6200.0,885.7142857142857
PENTAGON,szo_conex,6,0.01,6200.0,885.7142857142857
PENTAGON,szo_conex,6,0.001,6200.0,885.7142857142857
PENTAGON,szo_conex,7,0.1,6250.0,892.8571428571429
PENTAGON,szo_conex,7,0.01,6250.0,892.8571428571429
PENTAGON,szo_conex,7,0.001,9850.0,1407.142857142857
PENTAGON,szo_conex,8,0.1,5950.0,850.0
PENTAGON,szo_conex,8,0.01,5950.0,850.0
PENTAGON,szo_conex,8,0.001,5950.0,850.0
PENTAGON,szo_conex,9,0.1,5000.0,714.2857142857143
PENTAGON,szo_conex,9,0.01,5000.0,714.2857142857143
PENTAGON,szo_conex,9,0.001,5700.0,814.2857142857143
PENTAGON,szo_conex,10,0.1,5800.0,828.5714285714286
PENTAGON,szo_conex,10,0.01,5800.0,828.5714285714286
PENTAGON,szo_conex,10,0.001,5800.0,828.5714285714286
HS100,szo_conex,1,0.1,1.0,0.125
HS100,szo_conex,1,0.01,27400.0,3425.0
HS100,szo_conex,1,0.001,inf,inf
HS100,szo_conex,2,0.1,1.0,0.125
HS100,szo_conex,2,0.01,40800.0,5100.0
HS100,szo_conex,2,0.001,inf,inf
HS100,szo_conex,3,0.1,1.0,0.125
HS100,szo_conex,3,0.01,29650.0,3706.25
HS100,szo_conex,3,0.001,inf,inf
HS100,szo_conex,4,0.1,1.0,0.125
HS100,szo_conex,4,0.01,24700.0,3087.5
HS100,szo_conex,4,0.001,inf,inf
HS100,szo_conex,5,0.1,1.0,0.125
HS100,szo_conex,5,0.01,27850.0,3481.25
HS100,szo_conex,5,0.001,inf,inf
HS100,szo_conex,6,0.1,1.0,0.125
HS100,szo_conex,6,0.01,20650.0,2581.25
HS100,szo_conex,6,0.001,inf,inf
HS100,szo_conex,7,0.1,1.0,0.125
HS100,szo_conex,7,0.01,26800.0,3350.0
HS100,szo_conex,7,0.001,inf,inf
HS100,szo_conex,8,0.1,1.0,0.125
HS100,szo_conex,8,0.01,34900.0,4362.5
HS100,szo_conex,8,0.001,inf,inf
HS100,szo_conex,9,0.1,1.0,0.125
HS100,szo_conex,9,0.01,39500.0,4937.5
HS100,szo_conex,9,0.001,inf,inf
HS100,szo_conex,10,0.1,1.0,0.125
HS100,szo_conex,10,0.01,25500.0,3187.5
HS100,szo_conex,10,0.001,inf,inf
HS101,szo_conex,1,0.1,inf,inf
HS101,szo_conex,1,0.01,inf,inf
HS101,szo_conex,1,0.001,inf,inf
HS101,szo_conex,2,0.1,inf,inf
HS101,szo_conex,2,0.01,inf,inf
HS101,szo_conex,2,0.001,inf,inf
HS101,szo_conex,3,0.1,inf,inf
HS101,szo_conex,3,0.01,inf,inf
HS101,szo_conex,3,0.001,inf,inf
HS101,szo_conex,4,0.1,inf,inf
HS101,szo_conex,4,0.01,inf,inf
HS101,szo_conex,4,0.001,inf,inf
HS101,szo_conex,5,0.1,inf,inf
HS101,szo_conex,5,0.01,inf,inf
HS101,szo_conex,5,0.001,inf,inf
HS101,szo_conex,6,0.1,inf,inf
HS101,szo_conex,6,0.01,inf,inf
HS101,szo_conex,6,0.001,inf,inf
HS101,szo_conex,7,0.1,inf,inf
HS101,szo_conex,7,0.01,inf,inf
HS101,szo_conex,7,0.001,inf,inf
HS101,szo_conex,8,0.1,inf,inf
HS101,szo_conex,8,0.01,inf,inf
HS101,szo_conex,8,0.001,inf,inf
HS101,szo_conex,9,0.1,inf,inf
HS101,szo_conex,9,0.01,inf,inf
HS101,szo_conex,9,0.001,inf,inf
HS101,szo_conex,10,0.1,inf,inf
HS101,szo_conex,10,0.01,inf,inf
HS101,szo_conex,10,0.001,inf,inf
HS106,szo_conex,1,0.1,inf,inf
HS106,szo_conex,1,0.01,inf,inf
HS106,szo_conex,1,0.001,inf,inf
HS106,szo_conex,2,0.1,inf,inf
HS106,szo_conex,2,0.01,inf,inf
HS106,szo_conex,2,0.001,inf,inf
HS106,szo_conex,3,0.1,inf,inf
HS106,szo_conex,3,0.01,inf,inf
HS106,szo_conex,3,0.001,inf,inf
HS106,szo_conex,4,0.1,inf,inf
HS106,szo_conex,4,0.01,inf,inf
HS106,szo_conex,4,0.001,inf,inf
HS106,szo_conex,5,0.1,inf,inf
HS106,szo_conex,5,0.01,inf,inf
HS106,szo_conex,5,0.001,inf,inf
HS106,szo_conex,6,0.1,inf,inf
HS106,szo_conex,6,0.01,inf,inf
HS106,szo_conex,6,0.001,inf,inf
HS106,szo_conex,7,0.1,inf,inf
HS106,szo_conex,7,0.01,inf,inf
HS106,szo_conex,7,0.001,inf,inf
HS106,szo_conex,8,0.1,inf,inf
HS106,szo_conex,8,0.01,inf,inf
HS106,szo_conex,8,0.001,inf,inf
HS106,szo_conex,9,0.1,inf,inf
HS106,szo_conex,9,0.01,inf,inf
HS106,szo_conex,9,0.001,inf,inf
HS106,szo_conex,10,0.1,inf,inf
HS106,szo_conex,10,0.01,inf,inf
HS106,szo_conex,10,0.001,inf,inf
HS104,szo_conex,1,0.1,inf,inf
HS104,szo_conex,1,0.01,inf,inf
HS104,szo_conex,1,0.001,inf,inf
HS104,szo_conex,2,0.1,inf,inf
HS104,szo_conex,2,0.01,inf,inf
HS104,szo_conex,2,0.001,inf,inf
HS104,szo_conex,3,0.1,inf,inf
HS104,szo_conex,3,0.01,inf,inf
HS104,szo_conex,3,0.001,inf,inf
HS104,szo_conex,4,0.1,inf,inf
HS104,szo_conex,4,0.01,inf,inf
HS104,szo_conex,4,0.001,inf,inf
HS104,szo_conex,5,0.1,inf,inf
HS104,szo_conex,5,0.01,inf,inf
HS104,szo_conex,5,0.001,inf,inf
HS104,szo_conex,6,0.1,inf,inf
HS104,szo_conex,6,0.01,inf,inf
HS104,szo_conex,6,0.001,inf,inf
HS104,szo_conex,7,0.1,inf,inf
HS104,szo_conex,7,0.01,inf,inf
HS104,szo_conex,7,0.001,inf,inf
HS104,szo_conex,8,0.1,inf,inf
HS104,szo_conex,8,0.01,inf,inf
HS104,szo_conex,8,0.001,inf,inf
HS104,szo_conex,9,0.1,inf,inf
HS104,szo_conex,9,0.01,inf,inf
HS104,szo_conex,9,0.001,inf,inf
HS104,szo_conex,10,0.1,inf,inf
HS104,szo_conex,10,0.01,inf,inf
HS104,szo_conex,10,0.001,inf,inf
HS108,szo_conex,1,0.1,inf,inf
HS108,szo_conex,1,0.01,inf,inf
HS108,szo_conex,1,0.001,inf,inf
HS108,szo_conex,2,0.1,inf,inf
HS108,szo_conex,2,0.01,inf,inf
HS108,szo_conex,2,0.001,inf,inf
HS108,szo_conex,3,0.1,inf,inf
HS108,szo_conex,3,0.01,inf,inf
HS108,szo_conex,3,0.001,inf,inf
HS108,szo_conex,4,0.1,inf,inf
HS108,szo_conex,4,0.01,inf,inf
HS108,szo_conex,4,0.001,inf,inf
HS108,szo_conex,5,0.1,inf,inf
HS108,szo_conex,5,0.01,inf,inf
HS108,szo_conex,5,0.001,inf,inf
HS108,szo_conex,6,0.1,inf,inf
HS108,szo_conex,6,0.01,inf,inf
HS108,szo_conex,6,0.001,inf,inf
HS108,szo_conex,7,0.1,inf,inf
HS108,szo_conex,7,0.01,inf,inf
HS108,szo_conex,7,0.001,inf,inf
HS108,szo_conex,8,0.1,inf,inf
HS108,szo_conex,8,0.01,inf,inf
HS108,szo_conex,8,0.001,inf,inf
HS108,szo_conex,9,0.1,inf,inf
HS108,szo_conex,9,0.01,inf,inf
HS108,szo_conex,9,0.001,inf,inf
HS108,szo_conex,10,0.1,inf,inf
HS108,szo_conex,10,0.01,inf,inf
HS108,szo_conex,10,0.001,inf,inf
HS113,szo_conex,1,0.1,inf,inf
HS113,szo_conex,1,0.01,inf,inf
HS113,szo_conex,1,0.001,inf,inf
HS113,szo_conex,2,0.1,inf,inf
HS113,szo_conex,2,0.01,inf,inf
HS113,szo_conex,2,0.001,inf,inf
HS113,szo_conex,3,0.1,inf,inf
HS113,szo_conex,3,0.01,inf,inf
HS113,szo_conex,3,0.001,inf,inf
HS113,szo_conex,4,0.1,inf,inf
HS113,szo_conex,4,0.01,inf,inf
HS113,szo_conex,4,0.001,inf,inf
HS113,szo_conex,5,0.1,inf,inf
HS113,szo_conex,5,0.01,inf,inf
HS113,szo_conex,5,0.001,inf,inf
HS113,szo_conex,6,0.1,inf,inf
HS113,szo_conex,6,0.01,inf,inf
HS113,szo_conex,6,0.001,inf,inf
HS113,szo_conex,7,0.1,inf,inf
HS113,szo_conex,7,0.01,inf,inf
HS113,szo_conex,7,0.001,inf,inf
HS113,szo_conex,8,0.1,inf,inf
HS113,szo_conex,8,0.01,inf,inf
HS113,szo_conex,8,0.001,inf,inf
HS113,szo_conex,9,0.1,inf,inf
HS113,szo_conex,9,0.01,inf,inf
HS113,szo_conex,9,0.001,inf,inf
HS113,szo_conex,10,0.1,inf,inf
HS113,szo_conex,10,0.01,inf,inf
HS113,szo_conex,10,0.001,inf,inf
POLAK3,szo_conex,1,0.1,inf,inf
POLAK3,szo_conex,1,0.01,inf,inf
POLAK3,szo_conex,1,0.001,inf,inf
POLAK3,szo_conex,2,0.1,inf,inf
POLAK3,szo_conex,2,0.01,inf,inf
POLAK3,szo_conex,2,0.001,inf,inf
POLAK3,szo_conex,3,0.1,inf,inf
POLAK3,szo_conex,3,0.01,inf,inf
POLAK3,szo_conex,3,0.001,inf,inf
POLAK3,szo_conex,4,0.1,inf,inf
POLAK3,szo_conex,4,0.01,inf,inf
POLAK3,szo_conex,4,0.001,inf,inf
POLAK3,szo_conex,5,0.1,inf,inf
POLAK3,szo_conex,5,0.01,inf,inf
POLAK3,szo_conex,5,0.001,inf,inf
POLAK3,szo_conex,6,0.1,inf,inf
POLAK3,szo_conex,6,0.01,inf,inf
POLAK3,szo_conex,6,0.001,inf,inf
POLAK3,szo_conex,7,0.1,inf,inf
POLAK3,szo_conex,7,0.01,inf,inf
POLAK3,szo_conex,7,0.001,inf,inf
POLAK3,szo_conex,8,0.1,inf,inf
POLAK3,szo_conex,8,0.01,inf,inf
POLAK3,szo_conex,8,0.001,inf,inf
POLAK3,szo_conex,9,0.1,inf,inf
POLAK3,szo_conex,9,0.01,inf,inf
POLAK3,szo_conex,9,0.001,inf,inf
POLAK3,szo_conex,10,0.1,inf,inf
POLAK3,szo_conex,10,0.01,inf,inf
POLAK3,szo_conex,10,0.001,inf,inf
HS116,szo_conex,1,0.1,inf,inf
HS116,szo_conex,1,0.01,inf,inf
HS116,szo_conex,1,0.001,inf,inf
HS116,szo_conex,2,0.1,inf,inf
HS116,szo_conex,2,0.01,inf,inf
HS116,szo_conex,2,0.001,inf,inf
HS116,szo_conex,3,0.1,inf,inf
HS116,szo_conex,3,0.01,inf,inf
HS116,szo_conex,3,0.001,inf,inf
HS116,szo_conex,4,0.1,inf,inf
HS116,szo_conex,4,0.01,inf,inf
HS116,szo_conex,4,0.001,inf,inf
HS116,szo_conex,5,0.1,inf,inf
HS116,szo_conex,5,0.01,inf,inf
HS116,szo_conex,5,0.001,inf,inf
HS116,szo_conex,6,0.1,inf,inf
HS116,szo_conex,6,0.01,inf,inf
HS116,szo_conex,6,0.001,inf,inf
HS116,szo_conex,7,0.1,inf,inf
HS116,szo_conex,7,0.01,inf,inf
HS116,szo_conex,7,0.001,inf,inf
HS116,szo_conex,8,0.1,inf,inf
HS116,szo_conex,8,0.01,inf,inf
HS116,szo_conex,8,0.001,inf,inf
HS116,szo_conex,9,0.1,inf,inf
HS116,szo_conex,9,0.01,inf,inf
HS116,szo_conex,9,0.001,inf,inf
HS116,szo_conex,10,0.1,inf,inf
HS116,szo_conex,10,0.01,inf,inf
HS116,szo_conex,10,0.001,inf,inf
HAIFAS,szo_conex,1,0.1,inf,inf
HAIFAS,szo_conex,1,0.01,inf,inf
HAIFAS,szo_conex,1,0.001,inf,inf
HAIFAS,szo_conex,2,0.1,inf,inf
HAIFAS,szo_conex,2,0.01,inf,inf
HAIFAS,szo_conex,2,0.001,inf,inf
HAIFAS,szo_conex,3,0.1,inf,inf
HAIFAS,szo_conex,3,0.01,inf,inf
HAIFAS,szo_conex,3,0.001,inf,inf
HAIFAS,szo_conex,4,0.1,inf,inf
HAIFAS,szo_conex,4,0.01,inf,inf
HAIFAS,szo_conex,4,0.001,inf,inf
HAIFAS,szo_conex,5,0.1,inf,inf
HAIFAS,szo_conex,5,0.01,inf,inf
HAIFAS,szo_conex,5,0.001,inf,inf
HAIFAS,szo_conex,6,0.1,inf,inf
HAIFAS,szo_conex,6,0.01,inf,inf
HAIFAS,szo_conex,6,0.001,inf,inf
HAIFAS,szo_conex,7,0.1,inf,inf
HAIFAS,szo_conex,7,0.01,inf,inf
HAIFAS,szo_conex,7,0.001,inf,inf
HAIFAS,szo_conex,8,0.1,inf,inf
HAIFAS,szo_conex,8,0.01,inf,inf
HAIFAS,szo_conex,8,0.001,inf,inf
HAIFAS,szo_conex,9,0.1,inf,inf
HAIFAS,szo_conex,9,0.01,inf,inf
HAIFAS,szo_conex,9,0.001,inf,inf
HAIFAS,szo_conex,10,0.1,inf,inf
HAIFAS,szo_conex,10,0.01,inf,inf
HAIFAS,szo_conex,10,0.001,inf,inf
HS117,szo_conex,1,0.1,inf,inf
HS117,szo_conex,1,0.01,inf,inf
HS117,szo_conex,1,0.001,inf,inf
HS117,szo_conex,2,0.1,inf,inf
HS117,szo_conex,2,0.01,inf,inf
HS117,szo_conex,2,0.001,inf,inf
HS117,szo_conex,3,0.1,inf,inf
HS117,szo_conex,3,0.01,inf,inf
HS117,szo_conex,3,0.001,inf,inf
HS117,szo_conex,4,0.1,inf,inf
HS117,szo_conex,4,0.01,inf,inf
HS117,szo_conex,4,0.001,inf,inf
HS117,szo_conex,5,0.1,inf,inf
HS117,szo_conex,5,0.01,inf,inf
HS117,szo_conex,5,0.001,inf,inf
HS117,szo_conex,6,0.1,inf,inf
HS117,szo_conex,6,0.01,inf,inf
HS117,szo_conex,6,0.001,inf,inf
HS117,szo_conex,7,0.1,inf,inf
HS117,szo_conex,7,0.01,inf,inf
HS117,szo_conex,7,0.001,inf,inf
HS117,szo_conex,8,0.1,inf,inf
HS117,szo_conex,8,0.01,inf,inf
HS117,szo_conex,8,0.001,inf,inf
HS117,szo_conex,9,0.1,inf,inf
HS117,szo_conex,9,0.01,inf,inf
HS117,szo_conex,9,0.001,inf,inf
HS117,szo_conex,10,0.1,inf,inf
HS117,szo_conex,10,0.01,inf,inf
HS117,szo_conex,10,0.001,inf,inf
MAKELA3,szo_conex,1,0.1,inf,inf
MAKELA3,szo_conex,1,0.01,inf,inf
MAKELA3,szo_conex,1,0.001,inf,inf
MAKELA3,szo_conex,2,0.1,inf,inf
MAKELA3,szo_conex,2,0.01,inf,inf
MAKELA3,szo_conex,2,0.001,inf,inf
MAKELA3,szo_conex,3,0.1,inf,inf
MAKELA3,szo_conex,3,0.01,inf,inf
MAKELA3,szo_conex,3,0.001,inf,inf
MAKELA3,szo_conex,4,0.1,inf,inf
MAKELA3,szo_conex,4,0.01,inf,inf
MAKELA3,szo_conex,4,0.001,inf,inf
MAKELA3,szo_conex,5,0.1,inf,inf
MAKELA3,szo_conex,5,0.01,inf,inf
MAKELA3,szo_conex,5,0.001,inf,inf
MAKELA3,szo_conex,6,0.1,inf,inf
MAKELA3,szo_conex,6,0.01,inf,inf
MAKELA3,szo_conex,6,0.001,inf,inf
MAKELA3,szo_conex,7,0.1,inf,inf
MAKELA3,szo_conex,7,0.01,inf,inf
MAKELA3,szo_conex,7,0.001,inf,inf
MAKELA3,szo_conex,8,0.1,inf,inf
MAKELA3,szo_conex,8,0.01,inf,inf
MAKELA3,szo_conex,8,0.001,inf,inf
MAKELA3,szo_conex,9,0.1,inf,inf
MAKELA3,szo_conex,9,0.01,inf,inf
MAKELA3,szo_conex,9,0.001,inf,inf
MAKELA3,szo_conex,10,0.1,inf,inf
MAKELA3,szo_conex,10,0.01,inf,inf
MAKELA3,szo_conex,10,0.001,inf,inf
OPTPRLOC,szo_conex,1,0.1,inf,inf
OPTPRLOC,szo_conex,1,0.01,inf,inf
OPTPRLOC,szo_conex,1,0.001,inf,inf
OPTPRLOC,szo_conex,2,0.1,inf,inf
OPTPRLOC,szo_conex,2,0.01,inf,inf
OPTPRLOC,szo_conex,2,0.001,inf,inf
OPTPRLOC,szo_conex,3,0.1,inf,inf
OPTPRLOC,szo_conex,3,0.01,inf,inf
OPTPRLOC,szo_conex,3,0.001,inf,inf
OPTPRLOC,szo_conex,4,0.1,inf,inf
OPTPRLOC,szo_conex,4,0.01,inf,inf
OPTPRLOC,szo_conex,4,0.001,inf,inf
OPTPRLOC,szo_conex,5,0.1,inf,inf
OPTPRLOC,szo_conex,5,0.01,inf,inf
OPTPRLOC,szo_conex,5,0.001,inf,inf
OPTPRLOC,szo_conex,6,0.1,inf,inf
OPTPRLOC,szo_conex,6,0.01,inf,inf
OPTPRLOC,szo_conex,6,0.001,inf,inf
OPTPRLOC,szo_conex,7,0.1,inf,inf
OPTPRLOC,szo_conex,7,0.01,inf,inf
OPTPRLOC,szo_conex,7,0.001,inf,inf
OPTPRLOC,szo_conex,8,0.1,inf,inf
OPTPRLOC,szo_conex,8,0.01,inf,inf
OPTPRLOC,szo_conex,8,0.001,inf,inf
OPTPRLOC,szo_conex,9,0.1,inf,inf
OPTPRLOC,szo_conex,9,0.01,inf,inf
OPTPRLOC,szo_conex,9,0.001,inf,inf
OPTPRLOC,szo_conex,10,0.1,inf,inf
OPTPRLOC,szo_conex,10,0.01,inf,inf
OPTPRLOC,szo_conex,10,0.001,inf,inf
AIRPORT,szo_conex,1,0.1,inf,inf
AIRPORT,szo_conex,1,0.01,inf,inf
AIRPORT,szo_conex,1,0.001,inf,inf
AIRPORT,szo_conex,2,0.1,inf,inf
AIRPORT,szo_conex,2,0.01,inf,inf
AIRPORT,szo_conex,2,0.001,inf,inf
AIRPORT,szo_conex,3,0.1,inf,inf
AIRPORT,szo_conex,3,0.01,inf,inf
AIRPORT,szo_conex,3,0.001,inf,inf
AIRPORT,szo_conex,4,0.1,inf,inf
AIRPORT,szo_conex,4,0.01,inf,inf
AIRPORT,szo_conex,4,0.001,inf,inf
AIRPORT,szo_conex,5,0.1,inf,inf
AIRPORT,szo_conex,5,0.01,inf,inf
AIRPORT,szo_conex,5,0.001,inf,inf
AIRPORT,szo_conex,6,0.1,inf,inf
AIRPORT,szo_conex,6,0.01,inf,inf
AIRPORT,szo_conex,6,0.001,inf,inf
AIRPORT,szo_conex,7,0.1,inf,inf
AIRPORT,szo_conex,7,0.01,inf,inf
AIRPORT,szo_conex,7,0.001,inf,inf
AIRPORT,szo_conex,8,0.1,inf,inf
AIRPORT,szo_conex,8,0.01,inf,inf
AIRPORT,szo_conex,8,0.001,inf,inf
AIRPORT,szo_conex,9,0.1,inf,inf
AIRPORT,szo_conex,9,0.01,inf,inf
AIRPORT,szo_conex,9,0.001,inf,inf
AIRPORT,szo_conex,10,0.1,inf,inf
AIRPORT,szo_conex,10,0.01,inf,inf
AIRPORT,szo_conex,10,0.001,inf,inf
HAIFAM,szo_conex,1,0.1,35550.0,355.5
HAIFAM,szo_conex,1,0.01,inf,inf
HAIFAM,szo_conex,1,0.001,inf,inf
HAIFAM,szo_conex,2,0.1,32000.0,320.0
HAIFAM,szo_conex,2,0.01,inf,inf
HAIFAM,szo_conex,2,0.001,inf,inf
HAIFAM,szo_conex,3,0.1,25350.0,253.5
HAIFAM,szo_conex,3,0.01,inf,inf
HAIFAM,szo_conex,3,0.001,inf,inf
HAIFAM,szo_conex,4,0.1,14500.0,145.0
HAIFAM,szo_conex,4,0.01,inf,inf
HAIFAM,szo_conex,4,0.001,inf,inf
HAIFAM,szo_conex,5,0.1,21100.0,211.0
HAIFAM,szo_conex,5,0.01,inf,inf
HAIFAM,szo_conex,5,0.001,inf,inf
HAIFAM,szo_conex,6,0.1,27750.0,277.5
HAIFAM,szo_conex,6,0.01,inf,inf
HAIFAM,szo_conex,6,0.001,inf,inf
HAIFAM,szo_conex,7,0.1,27750.0,277.5
HAIFAM,szo_conex,7,0.01,inf,inf
HAIFAM,szo_conex,7,0.001,inf,inf
HAIFAM,szo_conex,8,0.1,28900.0,289.0
HAIFAM,szo_conex,8,0.01,inf,inf
HAIFAM,szo_conex,8,0.001,inf,inf
HAIFAM,szo_conex,9,0.1,20500.0,205.0
HAIFAM,szo_conex,9,0.01,inf,inf
HAIFAM,szo_conex,9,0.001,inf,inf
HAIFAM,szo_conex,10,0.1,21700.0,217.0
HAIFAM,szo_conex,10,0.01,inf,inf
HAIFAM,szo_conex,10,0.001,inf,inf
HIMMELBI,szo_conex,1,0.1,inf,inf
HIMMELBI,szo_conex,1,0.01,inf,inf
HIMMELBI,szo_conex,1,0.001,inf,inf
HIMMELBI,szo_conex,2,0.1,inf,inf
HIMMELBI,szo_conex,2,0.01,inf,inf
HIMMELBI,szo_conex,2,0.001,inf,inf
HIMMELBI,szo_conex,3,0.1,inf,inf
HIMMELBI,szo_conex,3,0.01,inf,inf
HIMMELBI,szo_conex,3,0.001,inf,inf
HIMMELBI,szo_conex,4,0.1,inf,inf
HIMMELBI,szo_conex,4,0.01,inf,inf
HIMMELBI,szo_conex,4,0.001,inf,inf
HIMMELBI,szo_conex,5,0.1,inf,inf
HIMMELBI,szo_conex,5,0.01,inf,inf
HIMMELBI,szo_conex,5,0.001,inf,inf
HIMMELBI,szo_conex,6,0.1,inf,inf
HIMMELBI,szo_conex,6,0.01,inf,inf
HIMMELBI,szo_conex,6,0.001,inf,inf
HIMMELBI,szo_conex,7,0.1,inf,inf
HIMMELBI,szo_conex,7,0.01,inf,inf
HIMMELBI,szo_conex,7,0.001,inf,inf
HIMMELBI,szo_conex,8,0.1,inf,inf
HIMMELBI,szo_conex,8,0.01,inf,inf
HIMMELBI,szo_conex,8,0.001,inf,inf
HIMMELBI,szo_conex,9,0.1,inf,inf
HIMMELBI,szo_conex,9,0.01,inf,inf
HIMMELBI,szo_conex,9,0.001,inf,inf
HIMMELBI,szo_conex,10,0.1,inf,inf
HIMMELBI,szo_conex,10,0.01,inf,inf
HIMMELBI,szo_conex,10,0.001,inf,inf
MADSSCHJ,szo_conex,1,0.1,inf,inf
MADSSCHJ,szo_conex,1,0.01,inf,inf
MADSSCHJ,szo_conex,1,0.001,inf,inf
MADSSCHJ,szo_conex,2,0.1,inf,inf
MADSSCHJ,szo_conex,2,0.01,inf,inf
MADSSCHJ,szo_conex,2,0.001,inf,inf
MADSSCHJ,szo_conex,3,0.1,inf,inf
MADSSCHJ,szo_conex,3,0.01,inf,inf
MADSSCHJ,szo_conex,3,0.001,inf,inf
MADSSCHJ,szo_conex,4,0.1,inf,inf
MADSSCHJ,szo_conex,4,0.01,inf,inf
MADSSCHJ,szo_conex,4,0.001,inf,inf
MADSSCHJ,szo_conex,5,0.1,inf,inf
MADSSCHJ,szo_conex,5,0.01,inf,inf
MADSSCHJ,szo_conex,5,0.001,inf,inf
MADSSCHJ,szo_conex,6,0.1,inf,inf
MADSSCHJ,szo_conex,6,0.01,inf,inf
MADSSCHJ,szo_conex,6,0.001,inf,inf
MADSSCHJ,szo_conex,7,0.1,inf,inf
MADSSCHJ,szo_conex,7,0.01,inf,inf
MADSSCHJ,szo_conex,7,0.001,inf,inf
MADSSCHJ,szo_conex,8,0.1,inf,inf
MADSSCHJ,szo_conex,8,0.01,inf,inf
MADSSCHJ,szo_conex,8,0.001,inf,inf
MADSSCHJ,szo_conex,9,0.1,inf,inf
MADSSCHJ,szo_conex,9,0.01,inf,inf
MADSSCHJ,szo_conex,9,0.001,inf,inf
MADSSCHJ,szo_conex,10,0.1,inf,inf
MADSSCHJ,szo_conex,10,0.01,inf,inf
MADSSCHJ,szo_conex,10,0.001,inf,inf
HAIFAL,szo_conex,1,0.1,1.0,0.0029069767441860465
HAIFAL,szo_conex,1,0.01,7650.0,22.238372093023255
HAIFAL,szo_conex,1,0.001,inf,inf
HAIFAL,szo_conex,2,0.1,1.0,0.0029069767441860465
HAIFAL,szo_conex,2,0.01,5850.0,17.00581395348837
HAIFAL,szo_conex,2,0.001,inf,inf
HAIFAL,szo_conex,3,0.1,1.0,0.0029069767441860465
HAIFAL,szo_conex,3,0.01,6600.0,19.186046511627907
HAIFAL,szo_conex,3,0.001,inf,inf
HAIFAL,szo_conex,4,0.1,1.0,0.0029069767441860465
HAIFAL,szo_conex,4,0.01,24550.0,71.36627906976744
HAIFAL,szo_conex,4,0.001,inf,inf
HAIFAL,szo_conex,5,0.1,1.0,0.0029069767441860465
HAIFAL,szo_conex,5,0.01,2850.0,8.284883720930232
HAIFAL,szo_conex,5,0.001,inf,inf
HAIFAL,szo_conex,6,0.1,1.0,0.0029069767441860465
HAIFAL,szo_conex,6,0.01,13050.0,37.93604651162791
HAIFAL,szo_conex,6,0.001,inf,inf
HAIFAL,szo_conex,7,0.1,1.0,0.0029069767441860465
HAIFAL,szo_conex,7,0.01,16250.0,47.23837209302326
HAIFAL,szo_conex,7,0.001,inf,inf
HAIFAL,szo_conex,8,0.1,1.0,0.0029069767441860465
HAIFAL,szo_conex,8,0.01,1300.0,3.7790697674418605
HAIFAL,szo_conex,8,0.001,inf,inf
HAIFAL,szo_conex,9,0.1,1.0,0.0029069767441860465
HAIFAL,szo_conex,9,0.01,3200.0,9.30232558139535
HAIFAL,szo_conex,9,0.001,inf,inf
HAIFAL,szo_conex,10,0.1,1.0,0.0029069767441860465
HAIFAL,szo_conex,10,0.01,950.0,2.761627906976744
HAIFAL,szo_conex,10,0.001,22750.0,66.13372093023256
CAMSHAPE,szo_conex,1,0.1,inf,inf
CAMSHAPE,szo_conex,1,0.01,inf,inf
CAMSHAPE,szo_conex,1,0.001,inf,inf
CAMSHAPE,szo_conex,2,0.1,inf,inf
CAMSHAPE,szo_conex,2,0.01,inf,inf
CAMSHAPE,szo_conex,2,0.001,inf,inf
CAMSHAPE,szo_conex,3,0.1,inf,inf
CAMSHAPE,szo_conex,3,0.01,inf,inf
CAMSHAPE,szo_conex,3,0.001,inf,inf
CAMSHAPE,szo_conex,4,0.1,inf,inf
CAMSHAPE,szo_conex,4,0.01,inf,inf
CAMSHAPE,szo_conex,4,0.001,inf,inf
CAMSHAPE,szo_conex,5,0.1,inf,inf
CAMSHAPE,szo_conex,5,0.01,inf,inf
CAMSHAPE,szo_conex,5,0.001,inf,inf
CAMSHAPE,szo_conex,6,0.1,inf,inf
CAMSHAPE,szo_conex,6,0.01,inf,inf
CAMSHAPE,szo_conex,6,0.001,inf,inf
CAMSHAPE,szo_conex,7,0.1,inf,inf
CAMSHAPE,szo_conex,7,0.01,inf,inf
CAMSHAPE,szo_conex,7,0.001,inf,inf
CAMSHAPE,szo_conex,8,0.1,inf,inf
CAMSHAPE,szo_conex,8,0.01,inf,inf
CAMSHAPE,szo_conex,8,0.001,inf,inf
CAMSHAPE,szo_conex,9,0.1,inf,inf
CAMSHAPE,szo_conex,9,0.01,inf,inf
CAMSHAPE,szo_conex,9,0.001,inf,inf
CAMSHAPE,szo_conex,10,0.1,inf,inf
CAMSHAPE,szo_conex,10,0.01,inf,inf
CAMSHAPE,szo_conex,10,0.001,inf,inf
ROSEPETAL,szo_conex,1,0.1,inf,inf
ROSEPETAL,szo_conex,1,0.01,inf,inf
ROSEPETAL,szo_conex,1,0.001,inf,inf
ROSEPETAL,szo_conex,2,0.1,inf,inf
ROSEPETAL,szo_conex,2,0.01,inf,inf
ROSEPETAL,szo_conex,2,0.001,inf,inf
ROSEPETAL,szo_conex,3,0.1,inf,inf
ROSEPETAL,szo_conex,3,0.01,inf,inf
ROSEPETAL,szo_conex,3,0.001,inf,inf
ROSEPETAL,szo_conex,4,0.1,inf,inf
ROSEPETAL,szo_conex,4,0.01,inf,inf
ROSEPETAL,szo_conex,4,0.001,inf,inf
ROSEPETAL,szo_conex,5,0.1,inf,inf
ROSEPETAL,szo_conex,5,0.01,inf,inf
ROSEPETAL,szo_conex,5,0.001,inf,inf
ROSEPETAL,szo_conex,6,0.1,inf,inf
ROSEPETAL,szo_conex,6,0.01,inf,inf
ROSEPETAL,szo_conex,6,0.001,inf,inf
ROSEPETAL,szo_conex,7,0.1,inf,inf
ROSEPETAL,szo_conex,7,0.01,inf,inf
ROSEPETAL,szo_conex,7,0.001,inf,inf
ROSEPETAL,szo_conex,8,0.1,inf,inf
ROSEPETAL,szo_conex,8,0.01,inf,inf
ROSEPETAL,szo_conex,8,0.001,inf,inf
ROSEPETAL,szo_conex,9,0.1,inf,inf
ROSEPETAL,szo_conex,9,0.01,inf,inf
ROSEPETAL,szo_conex,9,0.001,inf,inf
ROSEPETAL,szo_conex,10,0.1,inf,inf
ROSEPETAL,szo_conex,10,0.01,inf,inf
ROSEPETAL,szo_conex,10,0.001,inf,inf
