problem,solver,seed,query_budget,scoring_time_seconds,best_feasible_f,best_violation,feasible,norm_gap,queries,solver_seconds,excluded_rows,status,final_recorded_f,final_recorded_violation,solved_1e_1,solved_1e_2,solved_1e_3,total_queries,iterations,returned_average_evaluated,feasibility_correction,nomad_seed_state_verified,nomad_initial_rng_state,queries_solved_1e_1,queries_solved_1e_2,queries_solved_1e_3
HIMMELP3,zob_sgda,1,50000,1800,-7.4570916516025605,0.0,True,4.401627073598995e-15,49998,2.7479102079523727,0,completed,-7.456945812816416,0.0,True,True,True,49998.0,,,none,,,18500.0,21050.0,21450.0
HIMMELP3,zob_sgda,2,50000,1800,-7.4570916516025605,0.0,True,4.401627073598995e-15,49998,2.757863000035286,0,completed,-7.457026531500292,0.0,True,True,True,49998.0,,,none,,,18500.0,21050.0,21450.0
HIMMELP3,zob_sgda,3,50000,1800,-7.4570916516025605,0.0,True,4.401627073598995e-15,49998,2.732787708984688,0,completed,-7.457026531500292,0.0,True,True,True,49998.0,,,none,,,18500.0,21050.0,21450.0
HIMMELP3,zob_sgda,4,50000,1800,-7.4570916516025605,0.0,True,4.401627073598995e-15,49998,2.812863874947652,0,completed,-7.456945812816416,0.0,True,True,True,49998.0,,,none,,,18500.0,21050.0,21450.0
HIMMELP3,zob_sgda,5,50000,1800,-7.4570916516025605,0.0,True,4.401627073598995e-15,49998,2.822236082982272,0,completed,-7.456945812816416,0.0,True,True,True,49998.0,,,none,,,18500.0,21050.0,21450.0
HIMMELP3,zob_sgda,6,50000,1800,-7.4570916516025605,0.0,True,4.401627073598995e-15,49998,2.854224667069502,0,completed,-7.457026531500292,0.0,True,True,True,49998.0,,,none,,,18500.0,21050.0,21450.0
HIMMELP3,zob_sgda,7,50000,1800,-7.4570916516025605,0.0,True,4.401627073598995e-15,49998,2.7703724580351263,0,completed,-7.457026531500292,0.0,True,True,True,49998.0,,,none,,,18500.0,21050.0,21450.0
HIMMELP3,zob_sgda,8,50000,1800,-7.4570916516025605,0.0,True,4.401627073598995e-15,49998,2.8624017079127952,0,completed,-7.457026531500292,0.0,True,True,True,49998.0,,,none,,,18500.0,21050.0,21450.0
HIMMELP3,zob_sgda,9,50000,1800,-7.4570916516025605,0.0,True,4.401627073598995e-15,49998,2.744287540903315,0,completed,-7.456945812816416,0.0,True,True,True,49998.0,,,none,,,18500.0,21050.0,21450.0
HIMMELP3,zob_sgda,10,50000,1800,-7.4570916516025605,0.0,True,4.401627073598995e-15,49998,2.8296189579414204,0,completed,-7.457026531500292,0.0,True,True,True,49998.0,,,none,,,18500.0,21050.0,21450.0
HIMMELP3,zob_gda,1,50000,1800,-7.4570916516025605,0.0,True,4.401627073598995e-15,49998,1.1492080420721322,0,completed,-7.456945812816416,0.0,True,True,True,49998.0,,,none,,,11800.0,13400.0,13600.0
HIMMELP3,zob_gda,2,50000,1800,-7.4570916516025605,0.0,True,4.401627073598995e-15,49998,1.1333814579993486,0,completed,-7.457026531500292,0.0,True,True,True,49998.0,,,none,,,11800.0,13400.0,13600.0
HIMMELP3,zob_gda,3,50000,1800,-7.4570916516025605,0.0,True,4.401627073598995e-15,49998,1.1356909590540454,0,completed,-7.457026531500292,0.0,True,True,True,49998.0,,,none,,,11800.0,13400.0,13600.0
HIMMELP3,zob_gda,4,50000,1800,-7.4570916516025605,0.0,True,4.401627073598995e-15,49998,1.1259247499983758,0,completed,-7.456945812816416,0.0,True,True,True,49998.0,,,none,,,11800.0,13400.0,13600.0
HIMMELP3,zob_gda,5,50000,1800,-7.4570916516025605,0.0,True,4.401627073598995e-15,49998,1.1341186669887975,0,completed,-7.456945812816416,0.0,True,True,True,49998.0,,,none,,,11800.0,13400.0,13600.0
HIMMELP3,zob_gda,6,50000,1800,-7.4570916516025605,0.0,True,4.401627073598995e-15,49998,1.1218771670246497,0,completed,-7.457026531500292,0.0,True,True,True,49998.0,,,none,,,11800.0,13400.0,13600.0
HIMMELP3,zob_gda,7,50000,1800,-7.4570916516025605,0.0,True,4.401627073598995e-15,49998,1.123903000028804,0,completed,-7.457026531500292,0.0,True,True,True,49998.0,,,none,,,11800.0,13400.0,13600.0
HIMMELP3,zob_gda,8,50000,1800,-7.4570916516025605,0.0,True,4.401627073598995e-15,49998,1.1330514999572188,0,completed,-7.457026531500292,0.0,True,True,True,49998.0,,,none,,,11800.0,13400.0,13600.0
HIMMELP3,zob_gda,9,50000,1800,-7.4570916516025605,0.0,True,4.401627073598995e-15,49998,1.1252126659965143,0,completed,-7.456945812816416,0.0,True,True,True,49998.0,,,none,,,11800.0,13400.0,13600.0
HIMMELP3,zob_gda,10,50000,1800,-7.4570916516025605,0.0,True,4.401627073598995e-15,49998,1.138824832974933,0,completed,-7.457026531500292,0.0,True,True,True,49998.0,,,none,,,11800.0,13400.0,13600.0
HIMMELP3,nomad_default,1,50000,1800,-7.457091651602589,0.0,True,0.0,9400,262.6201164579834,0,nomad_done:1,-7.457091651602503,0.0,True,True,True,9411.0,,,none,True,362436069 521288629 1588437975,50.0,50.0,50.0
HIMMELP3,nomad_default,2,50000,1800,-7.457091651602589,0.0,True,0.0,150,0.40997616696404293,0,nomad_done:1,-7.457091651602215,0.0,True,True,True,163.0,,,none,True,521288629 1588437975 2268752316,50.0,50.0,50.0
HIMMELP3,nomad_default,3,50000,1800,-7.4570916516025605,0.0,True,4.401627073598995e-15,150,0.37693862500600517,0,nomad_done:1,-7.457091651601181,0.0,True,True,True,165.0,,,none,True,1588437975 2268752316 3071397075,50.0,50.0,50.0
HIMMELP3,nomad_default,4,50000,1800,-7.457091651602589,0.0,True,0.0,150,0.40142266696784645,0,nomad_done:1,-7.457091651602517,0.0,True,True,True,154.0,,,none,True,2268752316 3071397075 1066942004,50.0,50.0,50.0
HIMMELP3,nomad_default,5,50000,1800,-7.457091651602589,0.0,True,0.0,150,0.33106266701361164,0,nomad_done:1,-7.457091651602589,0.0,True,True,True,163.0,,,none,True,3071397075 1066942004 2996772340,50.0,50.0,50.0
HIMMELP3,nomad_default,6,50000,1800,-7.457091651602589,0.0,True,0.0,150,0.40411987504921854,0,nomad_done:1,-7.457091651602517,0.0,True,True,True,154.0,,,none,True,1066942004 2996772340 86133791,50.0,50.0,50.0
HIMMELP3,nomad_default,7,50000,1800,-7.457091651602589,0.0,True,0.0,150,0.33152533404063433,0,nomad_done:1,-7.457091651602589,0.0,True,True,True,163.0,,,none,True,2996772340 86133791 3042881956,50.0,50.0,50.0
HIMMELP3,nomad_default,8,50000,1800,-7.457091651602575,0.0,True,2.2008135367994975e-15,11000,495.83841124997707,0,nomad_done:1,-3.2328756935035643,5.1315144665085316e-14,True,True,True,11019.0,,,none,True,86133791 3042881956 1313616534,50.0,50.0,50.0
HIMMELP3,nomad_default,9,50000,1800,-7.457091651602589,0.0,True,0.0,9350,351.5748177090427,0,nomad_done:1,-3.2328756935141665,0.0,True,True,True,9388.0,,,none,True,3042881956 1313616534 646932915,50.0,50.0,50.0
HIMMELP3,nomad_default,10,50000,1800,-7.457091651602589,0.0,True,0.0,150,0.3777184580103494,0,nomad_done:1,-7.457091651602503,0.0,True,True,True,171.0,,,none,True,1313616534 646932915 1705310046,50.0,50.0,50.0
HIMMELP3,zoagp,1,50000,1800,-7.4570916516025605,0.0,True,4.401627073598995e-15,49999,1.0220907080220059,0,query_limit,-7.4570916516025605,0.0,True,True,True,49999.0,16666.0,,none,,,3850.0,4450.0,4500.0
HIMMELP3,zominmax,1,50000,1800,-7.4570916516025605,0.0,True,4.401627073598995e-15,49999,1.1360627500107512,0,query_limit,-7.456560265292123,0.0,True,True,True,49999.0,24999.0,,none,,,6400.0,7200.0,7300.0
HIMMELP3,zominmax,2,50000,1800,-7.4570916516025605,0.0,True,4.401627073598995e-15,49999,1.1345117919845507,0,query_limit,-7.4570916516025605,0.0,True,True,True,49999.0,24999.0,,none,,,6300.0,7150.0,7300.0
HIMMELP3,zominmax,3,50000,1800,-7.4570916516025605,0.0,True,4.401627073598995e-15,49999,1.1411933329654858,0,query_limit,-7.4568111713289795,0.0,True,True,True,49999.0,24999.0,,none,,,6300.0,7100.0,7250.0
HIMMELP3,zominmax,4,50000,1800,-7.4570916516025605,0.0,True,4.401627073598995e-15,49999,1.125702833989635,0,query_limit,-7.4570916516025605,0.0,True,True,True,49999.0,24999.0,,none,,,6350.0,7150.0,7300.0
HIMMELP3,zominmax,5,50000,1800,-7.4570916516025605,0.0,True,4.401627073598995e-15,49999,1.1409047089982778,0,query_limit,-7.457044361306171,0.0,True,True,True,49999.0,24999.0,,none,,,6250.0,7100.0,7250.0
HIMMELP3,zominmax,6,50000,1800,-7.4570916516025605,0.0,True,4.401627073598995e-15,49999,1.1165116250049323,0,query_limit,-7.457035674222584,0.0,True,True,True,49999.0,24999.0,,none,,,6300.0,7150.0,7250.0
HIMMELP3,zominmax,7,50000,1800,-7.4570916516025605,0.0,True,4.401627073598995e-15,49999,1.1469732079422101,0,query_limit,-7.45672618847408,0.0,True,True,True,49999.0,24999.0,,none,,,6200.0,7100.0,7250.0
HIMMELP3,zominmax,8,50000,1800,-7.4570916516025605,0.0,True,4.401627073598995e-15,49999,1.1049780839821324,0,query_limit,-7.456933225557241,0.0,True,True,True,49999.0,24999.0,,none,,,6400.0,7200.0,7350.0
HIMMELP3,zominmax,9,50000,1800,-7.4570916516025605,0.0,True,4.401627073598995e-15,49999,1.1240285419626161,0,query_limit,-7.456695330102031,0.0,True,True,True,49999.0,24999.0,,none,,,6250.0,7050.0,7250.0
HIMMELP3,zominmax,10,50000,1800,-7.4570916516025605,0.0,True,4.401627073598995e-15,49999,1.1234159159939736,0,query_limit,-7.456921852973463,0.0,True,True,True,49999.0,24999.0,,none,,,6500.0,7400.0,7500.0
HIMMELP3,szo_conex,1,50000,1800,-2.831069771784105,0.0,True,0.7164249989653391,49992,1.1065435420023277,0,query_limit,-1.7254244031648573,0.0,False,False,False,49992.0,4999.0,True,none,,,inf,inf,inf
HIMMELP3,szo_conex,2,50000,1800,-2.7857752205226576,0.0,True,0.723439697486802,49992,1.098017832962796,0,query_limit,-1.7317356353471087,0.0,False,False,False,49992.0,4999.0,True,none,,,inf,inf,inf
HIMMELP3,szo_conex,3,50000,1800,-2.8686509402977207,0.0,True,0.7106048603423587,49992,1.1136336249765009,0,query_limit,-1.7533200239434588,0.0,False,False,False,49992.0,4999.0,True,none,,,inf,inf,inf
HIMMELP3,szo_conex,4,50000,1800,-2.911775935036617,0.0,True,0.7039261577521309,49992,1.1085618750657886,0,query_limit,-1.7556432863578204,0.0,False,False,False,49992.0,4999.0,True,none,,,inf,inf,inf
HIMMELP3,szo_conex,5,50000,1800,-2.7739796539436985,0.0,True,0.7252664590096978,49992,1.1177962500369176,0,query_limit,-1.7141535306688864,0.0,False,False,False,49992.0,4999.0,True,none,,,inf,inf,inf
HIMMELP3,szo_conex,6,50000,1800,-2.9320513084172832,0.0,True,0.70078614139885,49992,1.123632917064242,0,query_limit,-1.7717471316338722,0.0,False,False,False,49992.0,4999.0,True,none,,,inf,inf,inf
HIMMELP3,szo_conex,7,50000,1800,-2.8847910327665174,0.0,True,0.7081052686779302,49992,1.1203210409730673,0,query_limit,-1.7579944592319896,0.0,False,False,False,49992.0,4999.0,True,none,,,inf,inf,inf
HIMMELP3,szo_conex,8,50000,1800,-2.9689699435365946,0.0,True,0.6950686083187445,49992,1.1141738339792937,0,query_limit,-1.790820353528286,0.0,False,False,False,49992.0,4999.0,True,none,,,inf,inf,inf
HIMMELP3,szo_conex,9,50000,1800,-2.879457159503694,0.0,True,0.7089313175480124,49992,1.1397058749571443,0,query_limit,-1.7596433721528717,0.0,False,False,False,49992.0,4999.0,True,none,,,inf,inf,inf
HIMMELP3,szo_conex,10,50000,1800,-2.880636262970145,0.0,True,0.7087487115807952,49992,1.1177663329290226,0,query_limit,-1.7463611761150621,0.0,False,False,False,49992.0,4999.0,True,none,,,inf,inf,inf
HIMMELP6,zob_sgda,1,50000,1800,-4.349265240744904,0.0,True,3.154711762236783e-15,49998,3.325830249930732,0,completed,-4.349180181905216,0.0,True,True,True,49998.0,,,none,,,12900.0,18100.0,19150.0
HIMMELP6,zob_sgda,2,50000,1800,-4.349265240744904,0.0,True,3.154711762236783e-15,49998,3.2237335829995573,0,completed,-4.349227260174126,0.0,True,True,True,49998.0,,,none,,,12900.0,18100.0,19150.0
HIMMELP6,zob_sgda,3,50000,1800,-4.349265240744904,0.0,True,3.154711762236783e-15,49998,3.3065237919799984,0,completed,-4.349227260174126,0.0,True,True,True,49998.0,,,none,,,12900.0,18100.0,19150.0
HIMMELP6,zob_sgda,4,50000,1800,-4.349265240744904,0.0,True,3.154711762236783e-15,49998,3.4724111660616472,0,completed,-4.349180181905216,0.0,True,True,True,49998.0,,,none,,,12900.0,18100.0,19150.0
HIMMELP6,zob_sgda,5,50000,1800,-4.349265240744904,0.0,True,3.154711762236783e-15,49998,3.5524921669857576,0,completed,-4.349180181905216,0.0,True,True,True,49998.0,,,none,,,12900.0,18100.0,19150.0
HIMMELP6,zob_sgda,6,50000,1800,-4.349265240744904,0.0,True,3.154711762236783e-15,49998,3.483330666087568,0,completed,-4.349227260174126,0.0,True,True,True,49998.0,,,none,,,12900.0,18100.0,19150.0
HIMMELP6,zob_sgda,7,50000,1800,-4.349265240744904,0.0,True,3.154711762236783e-15,49998,3.6158977919258177,0,completed,-4.349227260174126,0.0,True,True,True,49998.0,,,none,,,12900.0,18100.0,19150.0
HIMMELP6,zob_sgda,8,50000,1800,-4.349265240744904,0.0,True,3.154711762236783e-15,49998,3.600207334035076,0,completed,-4.349227260174126,0.0,True,True,True,49998.0,,,none,,,12900.0,18100.0,19150.0
HIMMELP6,zob_sgda,9,50000,1800,-4.349265240744904,0.0,True,3.154711762236783e-15,49998,3.4414467089809477,0,completed,-4.349180181905216,0.0,True,True,True,49998.0,,,none,,,12900.0,18100.0,19150.0
HIMMELP6,zob_sgda,10,50000,1800,-4.349265240744904,0.0,True,3.154711762236783e-15,49998,3.5365321249701083,0,completed,-4.349227260174126,0.0,True,True,True,49998.0,,,none,,,12900.0,18100.0,19150.0
HIMMELP6,zob_gda,1,50000,1800,-4.349265240744904,0.0,True,3.154711762236783e-15,49998,1.4539372080471367,0,completed,-4.349180181905216,0.0,True,True,True,49998.0,,,none,,,6900.0,10050.0,10700.0
HIMMELP6,zob_gda,2,50000,1800,-4.349265240744904,0.0,True,3.154711762236783e-15,49998,1.4300638330169022,0,completed,-4.349227260174126,0.0,True,True,True,49998.0,,,none,,,6900.0,10050.0,10700.0
HIMMELP6,zob_gda,3,50000,1800,-4.349265240744904,0.0,True,3.154711762236783e-15,49998,1.4365011249901727,0,completed,-4.349227260174126,0.0,True,True,True,49998.0,,,none,,,6900.0,10050.0,10700.0
HIMMELP6,zob_gda,4,50000,1800,-4.349265240744904,0.0,True,3.154711762236783e-15,49998,1.4347980410093442,0,completed,-4.349180181905216,0.0,True,True,True,49998.0,,,none,,,6900.0,10050.0,10700.0
HIMMELP6,zob_gda,5,50000,1800,-4.349265240744904,0.0,True,3.154711762236783e-15,49998,1.543716415995732,0,completed,-4.349180181905216,0.0,True,True,True,49998.0,,,none,,,6900.0,10050.0,10700.0
HIMMELP6,zob_gda,6,50000,1800,-4.349265240744904,0.0,True,3.154711762236783e-15,49998,1.5377977919997647,0,completed,-4.349227260174126,0.0,True,True,True,49998.0,,,none,,,6900.0,10050.0,10700.0
HIMMELP6,zob_gda,7,50000,1800,-4.349265240744904,0.0,True,3.154711762236783e-15,49998,1.5347531250445172,0,completed,-4.349227260174126,0.0,True,True,True,49998.0,,,none,,,6900.0,10050.0,10700.0
HIMMELP6,zob_gda,8,50000,1800,-4.349265240744904,0.0,True,3.154711762236783e-15,49998,1.556343499920331,0,completed,-4.349227260174126,0.0,True,True,True,49998.0,,,none,,,6900.0,10050.0,10700.0
HIMMELP6,zob_gda,9,50000,1800,-4.349265240744904,0.0,True,3.154711762236783e-15,49998,1.5435825829626992,0,completed,-4.349180181905216,0.0,True,True,True,49998.0,,,none,,,6900.0,10050.0,10700.0
HIMMELP6,zob_gda,10,50000,1800,-4.349265240744904,0.0,True,3.154711762236783e-15,49998,1.5357319579925388,0,completed,-4.349227260174126,0.0,True,True,True,49998.0,,,none,,,6900.0,10050.0,10700.0
HIMMELP6,nomad_default,1,50000,1800,-4.349265240744921,0.0,True,0.0,18350,1790.6376848749933,0,nomad_done:-4,1.9692342684835504,1.5813070963344033e-07,True,True,True,18393.0,,,none,True,362436069 521288629 1588437975,50.0,50.0,50.0
HIMMELP6,nomad_default,2,50000,1800,-4.349265240744921,0.0,True,0.0,800,7.154539957991801,0,nomad_done:1,-4.3492652407399435,0.0,True,True,True,815.0,,,none,True,521288629 1588437975 2268752316,50.0,50.0,50.0
HIMMELP6,nomad_default,3,50000,1800,-4.349265240744904,0.0,True,3.154711762236783e-15,350,2.179112957965117,0,nomad_done:1,-4.3492652407423815,0.0,True,True,True,388.0,,,none,True,1588437975 2268752316 3071397075,50.0,50.0,50.0
HIMMELP6,nomad_default,4,50000,1800,-4.349265240744904,0.0,True,3.154711762236783e-15,500,3.566205999988597,0,nomad_done:1,-4.349265240744904,0.0,True,True,True,504.0,,,none,True,2268752316 3071397075 1066942004,50.0,50.0,50.0
HIMMELP6,nomad_default,5,50000,1800,-4.349265240744904,0.0,True,3.154711762236783e-15,250,1.8216006659786217,0,nomad_done:1,-4.349265240697346,0.0,True,True,True,295.0,,,none,True,3071397075 1066942004 2996772340,50.0,50.0,50.0
HIMMELP6,nomad_default,6,50000,1800,-4.349265240744904,0.0,True,3.154711762236783e-15,500,3.521798832982313,0,nomad_done:1,-4.349265240744904,0.0,True,True,True,504.0,,,none,True,1066942004 2996772340 86133791,50.0,50.0,50.0
HIMMELP6,nomad_default,7,50000,1800,-4.349265240744904,0.0,True,3.154711762236783e-15,250,1.8444757090182975,0,nomad_done:1,-4.349265240697346,0.0,True,True,True,295.0,,,none,True,2996772340 86133791 3042881956,50.0,50.0,50.0
HIMMELP6,nomad_default,8,50000,1800,-4.349265240744921,0.0,True,0.0,800,7.067887499986682,0,nomad_done:1,-4.349265240744895,0.0,True,True,True,806.0,,,none,True,86133791 3042881956 1313616534,50.0,50.0,50.0
HIMMELP6,nomad_default,9,50000,1800,-4.349265240744904,0.0,True,3.154711762236783e-15,350,2.1851152080344036,0,nomad_done:1,-4.349265240739885,0.0,True,True,True,389.0,,,none,True,3042881956 1313616534 646932915,50.0,50.0,50.0
HIMMELP6,nomad_default,10,50000,1800,-4.349265240744912,0.0,True,1.6603746117035701e-15,500,2.9388578750076704,0,nomad_done:1,-2.418764984425795,3.9744083921994033e-07,True,True,True,546.0,,,none,True,1313616534 646932915 1705310046,50.0,50.0,50.0
HIMMELP6,zoagp,1,50000,1800,-4.349265240744904,0.0,True,3.154711762236783e-15,49999,1.1698180839885026,0,query_limit,-4.349265240744904,0.0,True,True,True,49999.0,16666.0,,none,,,2000.0,3100.0,3350.0
HIMMELP6,zominmax,1,50000,1800,-4.349265240744904,0.0,True,3.154711762236783e-15,49999,1.3270415830193087,0,query_limit,-4.349084589806516,0.0,True,True,True,49999.0,24999.0,,none,,,3350.0,5000.0,5300.0
HIMMELP6,zominmax,2,50000,1800,-4.349265240744904,0.0,True,3.154711762236783e-15,49999,1.3294557500630617,0,query_limit,-4.349265240744904,0.0,True,True,True,49999.0,24999.0,,none,,,3350.0,4950.0,5200.0
HIMMELP6,zominmax,3,50000,1800,-4.349265240744904,0.0,True,3.154711762236783e-15,49999,1.305768666905351,0,query_limit,-4.3491698790917654,0.0,True,True,True,49999.0,24999.0,,none,,,3300.0,4800.0,5150.0
HIMMELP6,zominmax,4,50000,1800,-4.349265240744904,0.0,True,3.154711762236783e-15,49999,1.3088364999275655,0,query_limit,-4.349265240744904,0.0,True,True,True,49999.0,24999.0,,none,,,3450.0,5150.0,5450.0
HIMMELP6,zominmax,5,50000,1800,-4.349265240744904,0.0,True,3.154711762236783e-15,49999,1.302923082956113,0,query_limit,-4.349249154429464,0.0,True,True,True,49999.0,24999.0,,none,,,3300.0,4850.0,5150.0
HIMMELP6,zominmax,6,50000,1800,-4.349265240744904,0.0,True,3.154711762236783e-15,49999,1.3075183749897406,0,query_limit,-4.34924619948894,0.0,True,True,True,49999.0,24999.0,,none,,,3400.0,4900.0,5250.0
HIMMELP6,zominmax,7,50000,1800,-4.349265240744904,0.0,True,3.154711762236783e-15,49999,1.3269550000550225,0,query_limit,-4.349140997534685,0.0,True,True,True,49999.0,24999.0,,none,,,3300.0,4750.0,5000.0
HIMMELP6,zominmax,8,50000,1800,-4.349265240744904,0.0,True,3.154711762236783e-15,49999,1.315472083981149,0,query_limit,-4.349211366811597,0.0,True,True,True,49999.0,24999.0,,none,,,3450.0,5050.0,5400.0
HIMMELP6,zominmax,9,50000,1800,-4.349265240744904,0.0,True,3.154711762236783e-15,49999,1.328023000038229,0,query_limit,-4.349130460831815,0.0,True,True,True,49999.0,24999.0,,none,,,3350.0,4850.0,5200.0
HIMMELP6,zominmax,10,50000,1800,-4.349265240744904,0.0,True,3.154711762236783e-15,49999,1.2910640829941258,0,query_limit,-4.34920740376684,0.0,True,True,True,49999.0,24999.0,,none,,,3450.0,5050.0,5400.0
HIMMELP6,szo_conex,1,50000,1800,-1.5139457941086465,0.0,True,0.5300390463048785,49986,1.2997747079934925,0,query_limit,-1.1288425272586644,0.0,False,False,False,49986.0,2272.0,True,none,,,inf,inf,inf
HIMMELP6,szo_conex,2,50000,1800,-1.5102589426301867,0.0,True,0.5307282720793601,49986,1.2837827919283882,0,query_limit,-1.2108073913468569,0.0,False,False,False,49986.0,2272.0,True,none,,,inf,inf,inf
HIMMELP6,szo_conex,3,50000,1800,-1.5319006640736603,0.0,True,0.5266825348669613,49986,1.2809206249658018,0,query_limit,-1.0895757157723287,0.0,False,False,False,49986.0,2272.0,True,none,,,inf,inf,inf
HIMMELP6,szo_conex,4,50000,1800,-1.5109826959117025,0.0,True,0.5305929725103645,49986,1.322117958101444,0,query_limit,-1.2692956178715324,0.0,False,False,False,49986.0,2272.0,True,none,,,inf,inf,inf
HIMMELP6,szo_conex,5,50000,1800,-1.521799643504787,0.0,True,0.528570835430548,49986,1.307307375012897,0,query_limit,-1.116475725284027,0.0,False,False,False,49986.0,2272.0,True,none,,,inf,inf,inf
HIMMELP6,szo_conex,6,50000,1800,-1.5275221810934267,0.0,True,0.5275010553147571,49986,1.2976454170420766,0,query_limit,-1.100061824060454,0.0,False,False,False,49986.0,2272.0,True,none,,,inf,inf,inf
HIMMELP6,szo_conex,7,50000,1800,-1.5339868402681376,0.0,True,0.5262925418304247,49986,1.2860640420112759,0,query_limit,-1.1395682903450663,0.0,False,False,False,49986.0,2272.0,True,none,,,inf,inf,inf
HIMMELP6,szo_conex,8,50000,1800,-1.5152611500964055,0.0,True,0.5297931516018566,49986,1.3132408750243485,0,query_limit,-1.1620761709375684,0.0,False,False,False,49986.0,2272.0,True,none,,,inf,inf,inf
HIMMELP6,szo_conex,9,50000,1800,-1.5338120700342506,0.0,True,0.5263252136509499,49986,1.2916838749079034,0,query_limit,-1.1225484261489944,0.0,False,False,False,49986.0,2272.0,True,none,,,inf,inf,inf
HIMMELP6,szo_conex,10,50000,1800,-1.517458720658424,0.0,True,0.5293823343282467,49986,1.2994888339890167,0,query_limit,-1.1700084346900004,0.0,False,False,False,49986.0,2272.0,True,none,,,inf,inf,inf
MADSEN,zob_sgda,1,50000,1800,0.6159871408675148,0.0,True,5.682666764850186e-05,49998,3.7254632499534637,0,completed,0.6164324400523621,0.0,True,True,True,49998.0,,,none,,,3650.0,3650.0,5600.0
MADSEN,zob_sgda,2,50000,1800,0.616028977829131,0.0,True,9.866362926469474e-05,49998,3.682897667051293,0,completed,0.6164556784040446,0.0,True,True,True,49998.0,,,none,,,3750.0,3750.0,7700.0
MADSEN,zob_sgda,3,50000,1800,0.6160244396827459,0.0,True,9.412548287957012e-05,49998,3.6716382909798995,0,completed,0.6164324396087263,1.673706728766433e-10,True,True,True,49998.0,,,none,,,3600.0,3600.0,5700.0
MADSEN,zob_sgda,4,50000,1800,0.6159590705778478,0.0,True,2.8756377981498105e-05,49998,3.7349220000905916,0,completed,0.6164324395829077,0.0,True,True,True,49998.0,,,none,,,3750.0,3750.0,5850.0
MADSEN,zob_sgda,5,50000,1800,0.616000084015413,0.0,True,6.976981554662753e-05,49998,3.2439345839666203,0,completed,0.6164556779817698,0.0,True,True,True,49998.0,,,none,,,3500.0,3500.0,5600.0
MADSEN,zob_sgda,6,50000,1800,0.6160384506142614,0.0,True,0.00010813641439511024,49998,3.2910756659694016,0,completed,0.6164324399379133,2.6324244069980685e-06,True,True,True,49998.0,,,none,,,3400.0,3400.0,3400.0
MADSEN,zob_sgda,7,50000,1800,0.6160129847956838,0.0,True,8.267059581745784e-05,49998,3.403614250011742,0,completed,0.6164324401047769,2.1559232177281729e-10,True,True,True,49998.0,,,none,,,3700.0,3700.0,3700.0
MADSEN,zob_sgda,8,50000,1800,0.615995400429391,0.0,True,6.508622952472454e-05,49998,3.28455474996008,0,completed,0.6164324398887033,4.4255610287535774e-10,True,True,True,49998.0,,,none,,,3700.0,3700.0,3700.0
MADSEN,zob_sgda,9,50000,1800,0.6159728235498101,0.0,True,4.250934994376454e-05,49998,3.356181332957931,0,completed,0.6164556698951373,0.0,True,True,True,49998.0,,,none,,,4300.0,4300.0,8400.0
MADSEN,zob_sgda,10,50000,1800,0.6160636069244745,0.0,True,0.00013329272460815833,49998,3.240167291020043,0,completed,0.6164324399282868,0.0,True,True,True,49998.0,,,none,,,3700.0,3700.0,7700.0
MADSEN,zob_gda,1,50000,1800,0.6159455879551399,0.0,True,1.527375527354824e-05,49998,1.638941542012617,0,completed,0.6164360430443486,6.585463063109772e-07,True,True,True,49998.0,,,none,,,650.0,3950.0,5700.0
MADSEN,zob_gda,2,50000,1800,0.6159505828863875,0.0,True,2.0268686521163204e-05,49998,1.6237544589675963,0,completed,0.6164453160831267,0.0,True,True,True,49998.0,,,none,,,4000.0,4050.0,5550.0
MADSEN,zob_gda,3,50000,1800,0.6159498603712709,0.0,True,1.9546171404538626e-05,49998,1.6244544590590522,0,completed,0.6163598776342661,0.00012780425998060174,True,True,True,49998.0,,,none,,,3700.0,3750.0,17150.0
MADSEN,zob_gda,4,50000,1800,0.615984042117397,0.0,True,5.372791753066597e-05,49998,1.6205147500149906,0,completed,0.6164338212505762,4.890647285667645e-07,True,True,True,49998.0,,,none,,,3850.0,3850.0,6650.0
MADSEN,zob_gda,5,50000,1800,0.6160164936013447,0.0,True,8.617940147837011e-05,49998,1.6796185000566766,0,completed,0.6164526145103761,0.0,True,True,True,49998.0,,,none,,,3850.0,3850.0,8050.0
MADSEN,zob_gda,6,50000,1800,0.6160804318668542,0.0,True,0.0001501176669879145,49998,1.6526278749806806,0,completed,0.6164323894535142,2.5983681878107476e-06,True,True,True,49998.0,,,none,,,3650.0,3650.0,7650.0
MADSEN,zob_gda,7,50000,1800,0.6159916557943567,0.0,True,6.134159449033838e-05,49998,1.6425420839805156,0,completed,0.6164508962519011,9.029207484467783e-08,True,True,True,49998.0,,,none,,,4100.0,4100.0,5700.0
MADSEN,zob_gda,8,50000,1800,0.6159316165854266,0.0,True,1.302385560286723e-06,49998,1.648592249955982,0,completed,0.6164243961381105,9.690319144994852e-06,True,True,True,49998.0,,,none,,,4150.0,5350.0,8700.0
MADSEN,zob_gda,9,50000,1800,0.6159977704199878,0.0,True,6.745622012149788e-05,49998,1.6702073330525309,0,completed,0.6164559060484797,0.0,True,True,True,49998.0,,,none,,,700.0,5000.0,7900.0
MADSEN,zob_gda,10,50000,1800,0.6160187349057276,0.0,True,8.842070586123629e-05,49998,1.6539731670636684,0,completed,0.6164240069463881,7.964617658062778e-06,True,True,True,49998.0,,,none,,,1000.0,5500.0,7100.0
MADSEN,nomad_default,1,50000,1800,0.8022894034568,0.0,True,0.18635908925693367,2400,19.90257804101566,0,nomad_done:1,22.58326820572541,0.0,False,False,False,2441.0,,,none,True,362436069 521288629 1588437975,inf,inf,inf
MADSEN,nomad_default,2,50000,1800,0.67987366588139,0.0,True,0.06394335168152365,600,4.709329415985849,0,nomad_done:1,5000.679873665881,17023.358059806695,True,False,False,633.0,,,none,True,521288629 1588437975 2268752316,550.0,inf,inf
MADSEN,nomad_default,3,50000,1800,0.74936597002668,0.0,True,0.13343565582681371,650,4.916727958014235,0,nomad_done:1,5000.749365970027,1368.3893897346868,False,False,False,688.0,,,none,True,1588437975 2268752316 3071397075,inf,inf,inf
MADSEN,nomad_default,4,50000,1800,0.63732733132716,0.0,True,0.021397017127293694,950,6.944600542017724,0,nomad_done:1,0.54654246474686,0.3176468094074122,True,False,False,959.0,,,none,True,2268752316 3071397075 1066942004,800.0,inf,inf
MADSEN,nomad_default,5,50000,1800,1.2758322047656,0.0,True,0.6599018905657338,3750,27.284230125020258,0,nomad_done:1,-566.2585287355357,566.9135464099702,False,False,False,3774.0,,,none,True,3071397075 1066942004 2996772340,inf,inf,inf
MADSEN,nomad_default,6,50000,1800,0.63732733132716,0.0,True,0.021397017127293694,950,7.015394624962937,0,nomad_done:1,0.54654246474686,0.3176468094074122,True,False,False,959.0,,,none,True,1066942004 2996772340 86133791,800.0,inf,inf
MADSEN,nomad_default,7,50000,1800,1.2758322047656,0.0,True,0.6599018905657338,3750,27.6393185830093,0,nomad_done:1,-566.2585287355357,566.9135464099702,False,False,False,3774.0,,,none,True,2996772340 86133791 3042881956,inf,inf,inf
MADSEN,nomad_default,8,50000,1800,0.88303067302469,0.0,True,0.26710035882482364,2050,15.018294457986485,0,nomad_done:1,282.9876907918183,0.0,False,False,False,2078.0,,,none,True,86133791 3042881956 1313616534,inf,inf,inf
MADSEN,nomad_default,9,50000,1800,0.62076221480431,0.0,True,0.004831900604443717,2700,17.219594916969072,0,nomad_done:1,0.92114666286206,0.02680052477872097,True,True,False,2724.0,,,none,True,3042881956 1313616534 646932915,2700.0,2700.0,inf
MADSEN,nomad_default,10,50000,1800,19.26402138501798,0.0,True,18.648091070818115,2200,15.821877499984112,0,nomad_done:1,-5111.021116699831,5112.013993031743,False,False,False,2243.0,,,none,True,1313616534 646932915 1705310046,inf,inf,inf
MADSEN,zoagp,1,50000,1800,inf,0.03694040131058726,False,inf,49997,3.1682777910027653,0,query_limit,0.45531774455540613,0.036942057521342574,False,False,False,49997.0,12499.0,,none,,,inf,inf,inf
MADSEN,zominmax,1,50000,1800,0.6159331948725735,0.0,True,2.8806727071506444e-06,49999,1.3844450829783455,0,query_limit,0.6161524986324095,9.71522454256829e-05,True,True,True,49999.0,24999.0,,none,,,44450.0,44450.0,44450.0
MADSEN,zominmax,2,50000,1800,0.6159656214585132,0.0,True,3.5307258646866124e-05,49999,1.4168397089233622,0,query_limit,0.616296478610181,3.106836381874811e-05,True,True,True,49999.0,24999.0,,none,,,44700.0,44700.0,44700.0
MADSEN,zominmax,3,50000,1800,0.6159630097157962,0.0,True,3.26955159298814e-05,49999,1.4158140419749543,0,query_limit,0.6167020892766597,4.206257823014906e-05,True,True,True,49999.0,24999.0,,none,,,44650.0,44650.0,44650.0
MADSEN,zominmax,4,50000,1800,0.6159417721671224,0.0,True,1.1457967256101043e-05,49999,1.4093017079867423,0,query_limit,0.6164541446402875,1.8511059235832666e-05,True,True,True,49999.0,24999.0,,none,,,44400.0,44400.0,44400.0
MADSEN,zominmax,5,50000,1800,0.6159408174205349,0.0,True,1.0503220668534041e-05,49999,1.3964603329077363,0,query_limit,0.6157974658154581,0.0004731907906797561,True,True,True,49999.0,24999.0,,none,,,44700.0,44700.0,44700.0
MADSEN,zominmax,6,50000,1800,0.6159687456702511,0.0,True,3.84314703847366e-05,49999,1.3823471670038998,0,query_limit,0.6155891484952577,0.0008846535908808573,True,True,True,49999.0,24999.0,,none,,,43000.0,43000.0,43000.0
MADSEN,zominmax,7,50000,1800,0.6159433077629801,0.0,True,1.2993563113794515e-05,49999,1.4141737499739975,0,query_limit,0.6163646673890851,3.062773901276831e-05,True,True,True,49999.0,24999.0,,none,,,43550.0,43550.0,43550.0
MADSEN,zominmax,8,50000,1800,0.6159506567624817,0.0,True,2.0342562615405235e-05,49999,1.414955792017281,0,query_limit,0.6167088549261676,3.8285514335314096e-05,True,True,True,49999.0,24999.0,,none,,,42950.0,42950.0,42950.0
MADSEN,zominmax,9,50000,1800,0.6159361283007481,0.0,True,5.814100881740281e-06,49999,1.4012019579531625,0,query_limit,0.6163841579399061,0.0001800591194937029,True,True,True,49999.0,24999.0,,none,,,44450.0,44450.0,44450.0
MADSEN,zominmax,10,50000,1800,0.6159445622587703,0.0,True,1.424805890393177e-05,49999,1.4065334999468178,0,query_limit,0.6158572509410624,0.0005476759290946598,True,True,True,49999.0,24999.0,,none,,,45200.0,45200.0,45200.0
MADSEN,szo_conex,1,50000,1800,0.6494740376697714,0.0,True,0.033543723469905085,50000,1.337978208088316,0,query_limit,0.3199369920652937,0.11394161959530946,True,False,False,50000.0,1923.0,True,none,,,23100.0,inf,inf
MADSEN,szo_conex,2,50000,1800,0.751885951542448,0.0,True,0.13595563734258165,50000,1.3580449169967324,0,query_limit,0.399054401733101,0.32644213385177934,False,False,False,50000.0,1923.0,True,none,,,inf,inf,inf
MADSEN,szo_conex,3,50000,1800,0.8422170809170323,0.0,True,0.22628676671716597,50000,1.361412625061348,0,query_limit,0.3831873023240973,0.5990647022545132,False,False,False,50000.0,1923.0,True,none,,,inf,inf,inf
MADSEN,szo_conex,4,50000,1800,0.7529525899875593,0.0,True,0.137022275787693,50000,1.343539166962728,0,query_limit,0.32729937191032843,0.09313042723471472,False,False,False,50000.0,1923.0,True,none,,,inf,inf,inf
MADSEN,szo_conex,5,50000,1800,0.6647696889453004,0.0,True,0.048839374745434094,50000,1.3721627499908209,0,query_limit,0.3463008980516726,0.09949961740033669,True,False,False,50000.0,1923.0,True,none,,,18800.0,inf,inf
MADSEN,szo_conex,6,50000,1800,0.7332516753990295,0.0,True,0.11732136119916314,50000,1.3281182500068098,0,query_limit,0.3595709437274446,0.09842953115051922,False,False,False,50000.0,1923.0,True,none,,,inf,inf,inf
MADSEN,szo_conex,7,50000,1800,0.9136113785300471,0.0,True,0.2976810643301808,50000,1.3711007080273703,0,query_limit,0.32930846833664074,0.1932770050970668,False,False,False,50000.0,1923.0,True,none,,,inf,inf,inf
MADSEN,szo_conex,8,50000,1800,0.6773377302120626,0.0,True,0.061407416012196236,50000,1.3381532919593155,0,query_limit,0.3194958779613531,0.10361404281763109,True,False,False,50000.0,1923.0,True,none,,,14250.0,inf,inf
MADSEN,szo_conex,9,50000,1800,0.6495245829998251,0.0,True,0.03359426879995875,50000,1.3404235419584438,0,query_limit,0.4129754525334162,0.11014704463589925,True,False,False,50000.0,1923.0,True,none,,,42000.0,inf,inf
MADSEN,szo_conex,10,50000,1800,0.6205537405297261,0.0,True,0.004623426329859792,50000,1.3621304580010474,0,query_limit,0.30120228042835795,0.10198236408347487,True,True,False,50000.0,1923.0,True,none,,,22950.0,34000.0,inf
MAKELA2,zob_sgda,1,50000,1800,7.198691358308375,0.0,True,0.00010551786117236771,49998,2.7736202500527725,0,completed,7.242015045258211,0.0,True,True,True,49998.0,,,none,,,3550.0,3550.0,8300.0
MAKELA2,zob_sgda,2,50000,1800,7.198169680362677,0.0,True,3.304177266265707e-05,49998,2.8004345420049503,0,completed,7.259999694372595,0.0,True,True,True,49998.0,,,none,,,3550.0,3550.0,12750.0
MAKELA2,zob_sgda,3,50000,1800,7.198057256863489,0.0,True,1.7422911361472525e-05,49998,2.8104571249568835,0,completed,7.270590207681313,0.0,True,True,True,49998.0,,,none,,,3550.0,12750.0,26500.0
MAKELA2,zob_sgda,4,50000,1800,7.19824204796454,0.0,True,4.3095716405370296e-05,49998,2.7121971250744537,0,completed,7.258146218895402,0.0,True,True,True,49998.0,,,none,,,3550.0,3550.0,22000.0
MAKELA2,zob_sgda,5,50000,1800,7.198763645021219,0.0,True,0.00011556056710111612,49998,2.6812794159632176,0,completed,7.264770075918485,0.0,True,True,True,49998.0,,,none,,,3550.0,3550.0,17350.0
MAKELA2,zob_sgda,6,50000,1800,7.1982963331980825,0.0,True,5.063749850180564e-05,49998,2.739859833032824,0,completed,7.253642063056413,0.0,True,True,True,49998.0,,,none,,,3500.0,3500.0,21950.0
MAKELA2,zob_sgda,7,50000,1800,7.197991303140341,0.0,True,8.260040061615267e-06,49998,2.7730122089851648,0,completed,7.258373089701048,0.0,True,True,True,49998.0,,,none,,,3550.0,12800.0,31100.0
MAKELA2,zob_sgda,8,50000,1800,7.1986323427243235,0.0,True,9.731889717848555e-05,49998,2.8714222089620307,0,completed,7.259145013153443,0.0,True,True,True,49998.0,,,none,,,3500.0,3500.0,31050.0
MAKELA2,zob_sgda,9,50000,1800,7.198381587267174,0.0,True,6.248174361172471e-05,49998,2.782859291997738,0,completed,7.24835698208011,0.0,True,True,True,49998.0,,,none,,,3550.0,3550.0,22000.0
MAKELA2,zob_sgda,10,50000,1800,7.1983060255045,0.0,True,5.198403895573858e-05,49998,2.902446374995634,0,completed,7.246763875584982,0.00021011312342866795,True,True,True,49998.0,,,none,,,3600.0,3600.0,26600.0
MAKELA2,zob_gda,1,50000,1800,7.201699400300483,0.0,True,0.0005234215112285875,49998,1.3742011249996722,0,completed,7.421016087072253,0.0,True,True,True,49998.0,,,none,,,3000.0,3000.0,31950.0
MAKELA2,zob_gda,2,50000,1800,7.203982152540544,0.0,True,0.0008405615298181636,49998,1.3768020001007244,0,completed,7.200545708539834,0.0003387486006158902,True,True,True,49998.0,,,none,,,2950.0,2950.0,39150.0
MAKELA2,zob_gda,3,50000,1800,7.2055825745913396,0.0,True,0.0010629062372434046,49998,1.414018833078444,0,completed,7.32231892301705,0.0023891462374274752,True,True,False,49998.0,,,none,,,3050.0,3050.0,inf
MAKELA2,zob_gda,4,50000,1800,7.2024571486554585,0.0,True,0.0006286945772958687,49998,1.4035157919861376,0,completed,7.349274022691686,0.002585986298462517,True,True,True,49998.0,,,none,,,3050.0,3050.0,46600.0
MAKELA2,zob_gda,5,50000,1800,7.2039835185153915,0.0,True,0.0008407513030581383,49998,1.4140714169479907,0,completed,7.245842601587973,0.0,True,True,True,49998.0,,,none,,,3000.0,10300.0,21200.0
MAKELA2,zob_gda,6,50000,1800,7.202927092226831,0.0,True,0.0006939832715070667,49998,1.412625917000696,0,completed,7.641136193279465,0.0,True,True,True,49998.0,,,none,,,2950.0,2950.0,43300.0
MAKELA2,zob_gda,7,50000,1800,7.201648968635008,0.0,True,0.0005164151007011979,49998,1.4203837079694495,0,completed,7.324331964150791,0.0013558497779249112,True,True,True,49998.0,,,none,,,3050.0,10350.0,39250.0
MAKELA2,zob_gda,8,50000,1800,7.198991672301579,0.0,True,0.00014724012244804664,49998,1.4268535830779001,0,completed,7.359028117768487,0.0013863311464881178,True,True,True,49998.0,,,none,,,2950.0,6650.0,24550.0
MAKELA2,zob_gda,9,50000,1800,7.201227152428513,0.0,True,0.0004578126833114687,49998,1.422416500048712,0,completed,7.275505844316413,0.0,True,True,True,49998.0,,,none,,,3050.0,10300.0,39250.0
MAKELA2,zob_gda,10,50000,1800,7.202811512591221,0.0,True,0.0006779259319750361,49998,1.431561665958725,0,completed,7.363424276784716,0.0,True,True,True,49998.0,,,none,,,3050.0,10300.0,39250.0
MAKELA2,nomad_default,1,50000,1800,7.24536971241059,0.0,True,0.0065904853613310554,3250,18.58614295901498,0,nomad_done:1,8.85097352695162,3.6803891879399174e-07,True,True,False,3258.0,,,none,True,362436069 521288629 1588437975,3250.0,3250.0,inf
MAKELA2,nomad_default,2,50000,1800,7.20002381328933,0.0,True,0.00029063422641512575,650,4.781595750013366,0,nomad_done:1,7.19812265553139,0.0009212086370662398,True,True,True,669.0,,,none,True,521288629 1588437975 2268752316,500.0,500.0,600.0
MAKELA2,nomad_default,3,50000,1800,7.20030480148202,0.0,True,0.0003296715775079979,600,3.7392828339943662,0,nomad_done:1,439.55838635660865,1132786.6006675097,True,True,True,643.0,,,none,True,1588437975 2268752316 3071397075,550.0,550.0,550.0
MAKELA2,nomad_default,4,50000,1800,7.21059325436892,0.0,True,0.001759033942178256,2000,10.415590958029497,0,nomad_done:1,7.49472001339604,3.880199158560279e-07,True,True,False,2022.0,,,none,True,2268752316 3071397075 1066942004,1950.0,2000.0,inf
MAKELA2,nomad_default,5,50000,1800,7.20005748975601,0.0,True,0.0002953128573596294,4000,32.01573666697368,0,nomad_done:1,7.24291007872087,0.0,True,True,True,4006.0,,,none,True,3071397075 1066942004 2996772340,3950.0,3950.0,3950.0
MAKELA2,nomad_default,6,50000,1800,7.21059325436892,0.0,True,0.001759033942178256,2000,10.477402541029733,0,nomad_done:1,7.49472001339604,3.880199158560279e-07,True,True,False,2022.0,,,none,True,1066942004 2996772340 86133791,1950.0,2000.0,inf
MAKELA2,nomad_default,7,50000,1800,7.20005748975601,0.0,True,0.0002953128573596294,4000,32.196256958006416,0,nomad_done:1,7.24291007872087,0.0,True,True,True,4006.0,,,none,True,2996772340 86133791 3042881956,3950.0,3950.0,3950.0
MAKELA2,nomad_default,8,50000,1800,7.27977842246765,0.0,True,0.011370845996022423,2950,21.026261334016453,0,nomad_done:1,147.14622114156262,0.0,True,False,False,2974.0,,,none,True,86133791 3042881956 1313616534,2950.0,inf,inf
MAKELA2,nomad_default,9,50000,1800,1.2309964312796597e+17,0.0,True,1.7102085116752418e+16,50000,1654.3097213750007,0,nomad_done:0,1.2309964312796597e+17,0.0,False,False,False,50000.0,,,none,True,3042881956 1313616534 646932915,inf,inf,inf
MAKELA2,nomad_default,10,50000,1800,7.2883285287971,0.0,True,0.012558701967721247,3350,19.600077916984446,0,nomad_done:1,1145.595923061339,9.185479441381107,True,False,False,,,,none,True,1313616534 646932915 1705310046,3300.0,inf,inf
MAKELA2,zoagp,1,50000,1800,7.221169515467579,0.0,True,0.0032283811549742394,49997,1.0276153329759836,0,query_limit,3.629828607837703,0.18244157396249422,True,True,False,49997.0,12499.0,,none,,,1900.0,1900.0,inf
MAKELA2,zominmax,1,50000,1800,7.198128361110887,0.0,True,2.7301338790308933e-05,49999,1.1891540839569643,0,query_limit,7.188504406648189,0.0005729990854725578,True,True,True,49999.0,24999.0,,none,,,7000.0,14850.0,14850.0
MAKELA2,zominmax,2,50000,1800,7.198127939152824,0.0,True,2.7242716665067512e-05,49999,1.1946730420459062,0,query_limit,7.190170629854513,0.0005320078787249485,True,True,True,49999.0,24999.0,,none,,,7000.0,7000.0,22550.0
MAKELA2,zominmax,3,50000,1800,7.198424289397757,0.0,True,6.841429916862577e-05,49999,1.1613385829841718,0,query_limit,7.193923350738398,0.0015043527882301344,True,True,True,49999.0,24999.0,,none,,,6900.0,22450.0,22450.0
MAKELA2,zominmax,4,50000,1800,7.198104609384967,0.0,True,2.4001540122972175e-05,49999,1.1851755829993635,0,query_limit,7.192535961677062,0.00040599999930876696,True,True,True,49999.0,24999.0,,none,,,7150.0,14850.0,22500.0
MAKELA2,zominmax,5,50000,1800,7.198328926556909,0.0,True,5.5165654577006074e-05,49999,1.19430166692473,0,query_limit,7.1862526302773215,0.0007598586796381171,True,True,True,49999.0,24999.0,,none,,,7000.0,22550.0,30400.0
MAKELA2,zominmax,6,50000,1800,7.198042548280299,0.0,True,1.5379465618948928e-05,49999,1.2321652920218185,0,query_limit,7.197195655290867,0.000197671974457619,True,True,True,49999.0,24999.0,,none,,,6950.0,6950.0,30250.0
MAKELA2,zominmax,7,50000,1800,7.1981407024507735,0.0,True,2.901590627269819e-05,49999,1.2148602500092238,0,query_limit,7.188224591822848,0.0005784520280899008,True,True,True,49999.0,24999.0,,none,,,7000.0,22500.0,22500.0
MAKELA2,zominmax,8,50000,1800,7.198176180360708,0.0,True,3.394480955822723e-05,49999,1.2320547089911997,0,query_limit,7.187275366804102,0.00063827293190735,True,True,True,49999.0,24999.0,,none,,,7000.0,22550.0,22550.0
MAKELA2,zominmax,9,50000,1800,7.198033257134969,0.0,True,1.408865799160214e-05,49999,1.206759124994278,0,query_limit,7.193036822501725,0.0003713834299866005,True,True,True,49999.0,24999.0,,none,,,6800.0,22450.0,22450.0
MAKELA2,zominmax,10,50000,1800,7.198163921786772,0.0,True,3.2241740649758136e-05,49999,1.2117094170534983,0,query_limit,7.191293539164752,0.0012316898664179732,True,True,True,49999.0,24999.0,,none,,,7000.0,14800.0,22450.0
MAKELA2,szo_conex,1,50000,1800,9.301926883960142,0.0,True,0.2923054955888282,49996,1.0668771249474958,0,query_limit,-9.706025450427903,0.961040971920379,False,False,False,49996.0,3571.0,True,none,,,inf,inf,inf
MAKELA2,szo_conex,2,50000,1800,8.082627837443553,0.0,True,0.12290974799413466,49996,1.0459667090326548,0,query_limit,-6.531055983648096,0.7669938114716105,False,False,False,49996.0,3571.0,True,none,,,inf,inf,inf
MAKELA2,szo_conex,3,50000,1800,7.885509366119207,0.0,True,0.09552431624947323,49996,1.0664148749783635,0,query_limit,-6.305554159900773,0.7605888297042003,True,False,False,49996.0,3571.0,True,none,,,41900.0,inf,inf
MAKELA2,szo_conex,4,50000,1800,8.554583551816377,0.0,True,0.18847798680820838,49996,1.0780100830597803,0,query_limit,-9.33632209592467,0.9477940292399943,False,False,False,49996.0,3571.0,True,none,,,inf,inf,inf
MAKELA2,szo_conex,5,50000,1800,8.79969298015949,0.0,True,0.2225307443948803,49996,1.0848549590446055,0,query_limit,-10.954646542916995,1.018005327551815,False,False,False,49996.0,3571.0,True,none,,,inf,inf,inf
MAKELA2,szo_conex,6,50000,1800,7.2714584383513,0.0,True,0.010214960626152398,49996,1.0429679999360815,0,query_limit,-7.094629608340469,0.7946055222780503,True,False,False,49996.0,3571.0,True,none,,,39400.0,inf,inf
MAKELA2,szo_conex,7,50000,1800,7.40894687965458,0.0,True,0.029316064138646045,49996,1.073181416024454,0,query_limit,-8.434682782622774,0.8849811097488074,True,False,False,49996.0,3571.0,True,none,,,35850.0,inf,inf
MAKELA2,szo_conex,8,50000,1800,8.863040090816387,0.0,True,0.2313314821616697,49996,1.0761331249959767,0,query_limit,-6.197490273396483,0.7552443388737703,False,False,False,49996.0,3571.0,True,none,,,inf,inf,inf
MAKELA2,szo_conex,9,50000,1800,8.82609729112643,0.0,True,0.22619906350719807,49996,1.0634193330770358,0,query_limit,-12.690293510193051,1.138492540892885,False,False,False,49996.0,3571.0,True,none,,,inf,inf,inf
MAKELA2,szo_conex,10,50000,1800,7.523651162324797,0.0,True,0.045251791941226756,49996,1.0933201659936458,0,query_limit,-5.7662019249547205,0.7391614557259977,True,False,False,49996.0,3571.0,True,none,,,33400.0,inf,inf
GIGOMEZ2,zob_sgda,1,50000,1800,0.9756909885135445,0.0,True,2.1380967683670704e-05,49998,2.8180812089703977,0,completed,0.9761120638340737,3.3981126289495123e-06,True,True,True,49998.0,,,none,,,2850.0,2850.0,5950.0
GIGOMEZ2,zob_sgda,2,50000,1800,0.9756852509987152,0.0,True,1.564345285431923e-05,49998,2.9929765419801697,0,completed,0.9761347469935862,0.0,True,True,True,49998.0,,,none,,,2850.0,2850.0,6000.0
GIGOMEZ2,zob_sgda,3,50000,1800,0.9757085673562738,0.0,True,3.8959810412908524e-05,49998,2.9355342079652473,0,completed,0.9761120638376735,3.3981135790290337e-06,True,True,True,49998.0,,,none,,,2800.0,2800.0,5900.0
GIGOMEZ2,zob_sgda,4,50000,1800,0.9756909444542831,0.0,True,2.1336908422209255e-05,49998,2.8870958330808207,0,completed,0.976112063750967,3.398125420162046e-06,True,True,True,49998.0,,,none,,,2900.0,2900.0,6000.0
GIGOMEZ2,zob_sgda,5,50000,1800,0.9756882387378497,0.0,True,1.863119198886043e-05,49998,2.9268097499152645,0,completed,0.9761347469025909,0.0,True,True,True,49998.0,,,none,,,2850.0,2850.0,5950.0
GIGOMEZ2,zob_sgda,6,50000,1800,0.9757059160935809,0.0,True,3.630854772007641e-05,49998,3.0158403330715373,0,completed,0.9761120639208828,3.8071843031814743e-06,True,True,True,49998.0,,,none,,,2850.0,2850.0,6000.0
GIGOMEZ2,zob_sgda,7,50000,1800,0.9756745582161204,0.0,True,4.9506702595181196e-06,49998,2.902231708052568,0,completed,0.9761120639820293,3.3980386628755057e-06,True,True,True,49998.0,,,none,,,2900.0,2900.0,6000.0
GIGOMEZ2,zob_sgda,8,50000,1800,0.9756915740466547,0.0,True,2.196650079389073e-05,49998,2.9415065000066534,0,completed,0.9761120640317366,3.3980395751395974e-06,True,True,True,49998.0,,,none,,,2850.0,2850.0,5950.0
GIGOMEZ2,zob_sgda,9,50000,1800,0.9756777499137368,0.0,True,8.142367875940693e-06,49998,3.0993877499131486,0,completed,0.9761347469254817,0.0,True,True,True,49998.0,,,none,,,2800.0,2800.0,5950.0
GIGOMEZ2,zob_sgda,10,50000,1800,0.9756789651246575,0.0,True,9.357578796609367e-06,49998,3.097154082963243,0,completed,0.9761120638821458,3.3981309154514547e-06,True,True,True,49998.0,,,none,,,2800.0,2800.0,2800.0
GIGOMEZ2,zob_gda,1,50000,1800,0.9760187896468129,0.0,True,0.00034918210095202795,49998,1.4675766660366207,0,completed,0.9761120637356994,3.3981435630072966e-06,True,True,True,49998.0,,,none,,,3150.0,3150.0,3150.0
GIGOMEZ2,zob_gda,2,50000,1800,0.9760689569811588,0.0,True,0.00039934943529795763,49998,1.4791221249615774,0,completed,0.9761347469947921,0.0,True,True,True,49998.0,,,none,,,3050.0,3050.0,3050.0
GIGOMEZ2,zob_gda,3,50000,1800,0.9760612913812339,0.0,True,0.00039168383537302454,49998,1.475327624939382,0,completed,0.9761120636871593,3.3981526309882306e-06,True,True,True,49998.0,,,none,,,2900.0,2900.0,2900.0
GIGOMEZ2,zob_gda,4,50000,1800,0.9760569847584039,0.0,True,0.0003873772125430053,49998,1.5026179999113083,0,completed,0.9761120635722235,3.3981665824455042e-06,True,True,True,49998.0,,,none,,,3100.0,3100.0,3100.0
GIGOMEZ2,zob_gda,5,50000,1800,0.9760727131402838,0.0,True,0.0004031055944229145,49998,1.414604791905731,0,completed,0.9761347468163449,0.0,True,True,True,49998.0,,,none,,,3050.0,3050.0,3050.0
GIGOMEZ2,zob_gda,6,50000,1800,0.9760010811756704,0.0,True,0.0003314736298095644,49998,1.4531701250234619,0,completed,0.9761120639132496,3.8071765471572562e-06,True,True,True,49998.0,,,none,,,3050.0,3050.0,3050.0
GIGOMEZ2,zob_gda,7,50000,1800,0.9760095269283887,0.0,True,0.0003399193825278646,49998,1.446568833081983,0,completed,0.976112064020631,3.3980352667957923e-06,True,True,True,49998.0,,,none,,,3050.0,3050.0,3050.0
GIGOMEZ2,zob_gda,8,50000,1800,0.9760703913641944,0.0,True,0.0004007838183335277,49998,1.4776055830297992,0,completed,0.9761120640644589,3.398032104411857e-06,True,True,True,49998.0,,,none,,,3000.0,3000.0,3000.0
GIGOMEZ2,zob_gda,9,50000,1800,0.9760620004506642,0.0,True,0.000392392904803307,49998,1.4718385000014678,0,completed,0.9761347468236935,0.0,True,True,True,49998.0,,,none,,,3000.0,3000.0,3000.0
GIGOMEZ2,zob_gda,10,50000,1800,0.9760558436854493,0.0,True,0.00038623613958843617,49998,1.481422333046794,0,completed,0.9761120638566576,3.3981484129055574e-06,True,True,True,49998.0,,,none,,,2950.0,2950.0,2950.0
GIGOMEZ2,nomad_default,1,50000,1800,3.951725946535685,0.0,True,2.9760563389898245,48400,1511.1651724170079,0,nomad_done:1,2503.9517259465356,0.0,False,False,False,48449.0,,,none,True,362436069 521288629 1588437975,inf,inf,inf
GIGOMEZ2,nomad_default,2,50000,1800,10.4373452755,0.0,True,9.46167566795414,550,1.6639714580378495,0,nomad_done:1,5009.7403860063805,31307228730.899387,False,False,False,596.0,,,none,True,521288629 1588437975 2268752316,inf,inf,inf
GIGOMEZ2,nomad_default,3,50000,1800,inf,1.0,False,inf,500,1.6128679580288008,0,nomad_done:-1,-10581.117413800057,inf,False,False,False,538.0,,,none,True,1588437975 2268752316 3071397075,inf,inf,inf
GIGOMEZ2,nomad_default,4,50000,1800,1.1053490933005,0.0,True,0.12967948575463906,9150,72.06316858396167,0,nomad_done:1,-3.35987335716834,7.860723885406365,False,False,False,9161.0,,,none,True,2268752316 3071397075 1066942004,inf,inf,inf
GIGOMEZ2,nomad_default,5,50000,1800,1.88244298255546,0.0,True,0.9067733750095992,4000,27.066920292039867,0,nomad_done:1,31.901123469468175,0.0,False,False,False,4022.0,,,none,True,3071397075 1066942004 2996772340,inf,inf,inf
GIGOMEZ2,nomad_default,6,50000,1800,1.1053490933005,0.0,True,0.12967948575463906,9150,73.514837292023,0,nomad_done:1,-3.35987335716834,7.860723885406365,False,False,False,9161.0,,,none,True,1066942004 2996772340 86133791,inf,inf,inf
GIGOMEZ2,nomad_default,7,50000,1800,1.88244298255546,0.0,True,0.9067733750095992,4000,28.13253912498476,0,nomad_done:1,31.901123469468175,0.0,False,False,False,4022.0,,,none,True,2996772340 86133791 3042881956,inf,inf,inf
GIGOMEZ2,nomad_default,8,50000,1800,1.158994171410295,0.0,True,0.18332456386443408,3300,26.00171333400067,0,nomad_done:1,-192.5854433297544,385.3874069232907,False,False,False,3305.0,,,none,True,86133791 3042881956 1313616534,inf,inf,inf
GIGOMEZ2,nomad_default,9,50000,1800,1.12718668710455,0.0,True,0.1515170795586891,1300,6.994054666021839,0,nomad_done:1,0.4032782484182,1.4313978758870816,False,False,False,1321.0,,,none,True,3042881956 1313616534 646932915,inf,inf,inf
GIGOMEZ2,nomad_default,10,50000,1800,2.47727024010896,0.0,True,1.5016006325630993,22700,341.2742972910055,0,nomad_done:1,618.2662633695313,0.0,False,False,False,22738.0,,,none,True,1313616534 646932915 1705310046,inf,inf,inf
GIGOMEZ2,zoagp,1,50000,1800,inf,0.03297657686149329,False,inf,49997,2.7838417920283973,0,query_limit,0.8514999999372496,0.03297746806762074,False,False,False,49997.0,12499.0,,none,,,inf,inf,inf
GIGOMEZ2,zominmax,1,50000,1800,inf,0.000482270544039302,False,inf,49999,1.2079197919229046,0,query_limit,0.9733173215508449,0.00074198411028679,False,False,False,49999.0,24999.0,,none,,,inf,inf,inf
GIGOMEZ2,zominmax,2,50000,1800,inf,0.0004665221920223364,False,inf,49999,1.1942315419437364,0,query_limit,0.9738021344219594,0.000742230025421928,False,False,False,49999.0,24999.0,,none,,,inf,inf,inf
GIGOMEZ2,zominmax,3,50000,1800,inf,0.0003589860275714569,False,inf,49999,1.2198436670005322,0,query_limit,0.9730039826517443,0.00092362273096247,False,False,False,49999.0,24999.0,,none,,,inf,inf,inf
GIGOMEZ2,zominmax,4,50000,1800,inf,0.00038888165972468373,False,inf,49999,1.2386706669349223,0,query_limit,0.9737595159945519,0.0006834813159320194,False,False,False,49999.0,24999.0,,none,,,inf,inf,inf
GIGOMEZ2,zominmax,5,50000,1800,inf,0.0005476423801058567,False,inf,49999,1.2132923749741167,0,query_limit,0.9731568098763534,0.000828737429716897,False,False,False,49999.0,24999.0,,none,,,inf,inf,inf
GIGOMEZ2,zominmax,6,50000,1800,inf,0.0005434364556944904,False,inf,49999,1.2398903749417514,0,query_limit,0.9720684826567279,0.0009862911027071362,False,False,False,49999.0,24999.0,,none,,,inf,inf,inf
GIGOMEZ2,zominmax,7,50000,1800,inf,0.0005259977320056786,False,inf,49999,1.223025624989532,0,query_limit,0.9732800937022204,0.0007256576731334162,False,False,False,49999.0,24999.0,,none,,,inf,inf,inf
GIGOMEZ2,zominmax,8,50000,1800,inf,0.0005419189080710805,False,inf,49999,1.2209322500275448,0,query_limit,0.9731494790761589,0.0007919020062942415,False,False,False,49999.0,24999.0,,none,,,inf,inf,inf
GIGOMEZ2,zominmax,9,50000,1800,inf,0.000235592868539938,False,inf,49999,1.238907374907285,0,query_limit,0.9750263212426095,0.0005229946037660546,False,False,False,49999.0,24999.0,,none,,,inf,inf,inf
GIGOMEZ2,zominmax,10,50000,1800,inf,0.0006529593907977298,False,inf,49999,1.231939124991186,0,query_limit,0.9731424300917884,0.0007654009839144647,False,False,False,49999.0,24999.0,,none,,,inf,inf,inf
GIGOMEZ2,szo_conex,1,50000,1800,0.9847781994584057,0.0,True,0.009108591912544872,49996,1.0733450000407174,0,query_limit,0.7300114411513552,0.08716924108341788,True,True,False,49996.0,3571.0,True,none,,,24950.0,39350.0,inf
GIGOMEZ2,szo_conex,2,50000,1800,0.9899624265592922,0.0,True,0.01429281901343138,49996,1.0942094579804689,0,query_limit,0.7090290588109702,0.0941137586103023,True,False,False,49996.0,3571.0,True,none,,,31350.0,inf,inf
GIGOMEZ2,szo_conex,3,50000,1800,1.018745421171517,0.0,True,0.043075813625656156,49996,1.0634616669267416,0,query_limit,0.710237385638463,0.09395156070351979,True,False,False,49996.0,3571.0,True,none,,,28300.0,inf,inf
GIGOMEZ2,szo_conex,4,50000,1800,0.9871204053326199,0.0,True,0.01145079778675906,49996,1.0600048749474809,0,query_limit,0.6864844168734694,0.1020970538557764,True,False,False,49996.0,3571.0,True,none,,,30900.0,inf,inf
GIGOMEZ2,szo_conex,5,50000,1800,0.9803912623825982,0.0,True,0.004721654836737366,49996,1.0883464580401778,0,query_limit,0.7222512032250414,0.0877584371792056,True,True,False,49996.0,3571.0,True,none,,,25050.0,37450.0,inf
GIGOMEZ2,szo_conex,6,50000,1800,0.9847081716262208,0.0,True,0.009038564080359968,49996,1.064772209036164,0,query_limit,0.7301064172137546,0.08820863922059134,True,True,False,49996.0,3571.0,True,none,,,27850.0,38850.0,inf
GIGOMEZ2,szo_conex,7,50000,1800,0.978033250728417,0.0,True,0.0023636431825561077,49996,1.0790752921020612,0,query_limit,0.7206767806507834,0.0929994891689962,True,True,False,49996.0,3571.0,True,none,,,18250.0,49300.0,inf
GIGOMEZ2,szo_conex,8,50000,1800,0.982295100895465,0.0,True,0.006625493349604161,49996,1.0884522499982268,0,query_limit,0.7034739725942101,0.09655615244022171,True,True,False,49996.0,3571.0,True,none,,,39300.0,49550.0,inf
GIGOMEZ2,szo_conex,9,50000,1800,0.9920014474947633,0.0,True,0.016331839948902416,49996,1.0751235829666257,0,query_limit,0.7190639252688423,0.0899771658857252,True,False,False,49996.0,3571.0,True,none,,,36550.0,inf,inf
GIGOMEZ2,szo_conex,10,50000,1800,0.9873415846323024,0.0,True,0.01167197708644152,49996,1.072689332999289,0,query_limit,0.7247193116096202,0.08833379344925708,True,False,False,49996.0,3571.0,True,none,,,28850.0,inf,inf
CANTILVR,zob_sgda,1,50000,1800,inf,0.009985787770169886,False,inf,49998,2.7020064579555765,0,completed,1.024369607956571,0.009985787770169886,False,False,False,49998.0,,,none,,,inf,inf,inf
CANTILVR,zob_sgda,2,50000,1800,inf,0.009980471887496524,False,inf,49998,2.7628505839966238,0,completed,1.0244670233306932,0.009980621240001259,False,False,False,49998.0,,,none,,,inf,inf,inf
CANTILVR,zob_sgda,3,50000,1800,inf,0.009985853116065946,False,inf,49998,2.7436054999707267,0,completed,1.0243675926322262,0.009985895256719448,False,False,False,49998.0,,,none,,,inf,inf,inf
CANTILVR,zob_sgda,4,50000,1800,inf,0.009987042970975595,False,inf,49998,2.7976069999858737,0,completed,1.0243462072893357,0.009987042970975595,False,False,False,49998.0,,,none,,,inf,inf,inf
CANTILVR,zob_sgda,5,50000,1800,inf,0.009983073025631643,False,inf,49998,2.8006652910262346,0,completed,1.0244200162199248,0.00998313168894186,False,False,False,49998.0,,,none,,,inf,inf,inf
CANTILVR,zob_sgda,6,50000,1800,inf,0.009983968505194485,False,inf,49998,2.778204167028889,0,completed,1.0244021149116682,0.00998405927623527,False,False,False,49998.0,,,none,,,inf,inf,inf
CANTILVR,zob_sgda,7,50000,1800,inf,0.00997995314921609,False,inf,49998,2.8199061250779778,0,completed,1.0244798777182278,0.00997995314921609,False,False,False,49998.0,,,none,,,inf,inf,inf
CANTILVR,zob_sgda,8,50000,1800,inf,0.009982746544025752,False,inf,49998,2.8309337500249967,0,completed,1.0244273742854992,0.009982746544025752,False,False,False,49998.0,,,none,,,inf,inf,inf
CANTILVR,zob_sgda,9,50000,1800,inf,0.009984201352724612,False,inf,49998,2.73729054199066,0,completed,1.024398751489893,0.009984243264021702,False,False,False,49998.0,,,none,,,inf,inf,inf
CANTILVR,zob_sgda,10,50000,1800,inf,0.00998380308911489,False,inf,49998,2.7760606249794364,0,completed,1.024406724399623,0.00998380308911489,False,False,False,49998.0,,,none,,,inf,inf,inf
CANTILVR,zob_gda,1,50000,1800,inf,0.012161637558810365,False,inf,49996,1.1619472919264808,0,completed,0.9862280013439807,0.01216193230511049,False,False,False,49996.0,,,none,,,inf,inf,inf
CANTILVR,zob_gda,2,50000,1800,inf,0.012164957090934911,False,inf,49996,1.1714002909138799,0,completed,0.9861789641220573,0.012164957090934911,False,False,False,49996.0,,,none,,,inf,inf,inf
CANTILVR,zob_gda,3,50000,1800,inf,0.012167152211065504,False,inf,49996,1.1813315830659121,0,completed,0.9861432073273744,0.012167152211065504,False,False,False,49996.0,,,none,,,inf,inf,inf
CANTILVR,zob_gda,4,50000,1800,inf,0.012166554939361755,False,inf,49996,1.1909791670041159,0,completed,0.9861516428042723,0.012166630578288536,False,False,False,49996.0,,,none,,,inf,inf,inf
CANTILVR,zob_gda,5,50000,1800,inf,0.012167750465732648,False,inf,49996,1.1863177090417594,0,completed,0.986132590848154,0.012167804745530105,False,False,False,49996.0,,,none,,,inf,inf,inf
CANTILVR,zob_gda,6,50000,1800,inf,0.012161891020738206,False,inf,49996,1.2088534169597551,0,completed,0.9862284920138152,0.012161891020738206,False,False,False,49996.0,,,none,,,inf,inf,inf
CANTILVR,zob_gda,7,50000,1800,inf,0.012169552490616482,False,inf,49996,1.2100965840509161,0,completed,0.986102328594538,0.012169669157691514,False,False,False,49996.0,,,none,,,inf,inf,inf
CANTILVR,zob_gda,8,50000,1800,inf,0.012169793249102941,False,inf,49996,1.201442459016107,0,completed,0.986098647881472,0.012169910088944667,False,False,False,49996.0,,,none,,,inf,inf,inf
CANTILVR,zob_gda,9,50000,1800,inf,0.012169607162547601,False,inf,49996,1.179896584013477,0,completed,0.9861032448129174,0.012169607162547601,False,False,False,49996.0,,,none,,,inf,inf,inf
CANTILVR,zob_gda,10,50000,1800,inf,0.012173494650805037,False,inf,49996,1.1800929999444634,0,completed,0.9860371308958311,0.012173687065573825,False,False,False,49996.0,,,none,,,inf,inf,inf
CANTILVR,nomad_default,1,50000,1800,18.15416694670237,0.0,True,16.450175998868712,3350,27.25940158299636,0,nomad_done:1,828.854689186996,0.0,False,False,False,3376.0,,,none,True,362436069 521288629 1588437975,inf,inf,inf
CANTILVR,nomad_default,2,50000,1800,9.786000980591952,0.0,True,8.26585795428507,4800,40.4869742920273,0,nomad_done:1,11.347462148045663,4.919354838709678e+17,False,False,False,4838.0,,,none,True,521288629 1588437975 2268752316,inf,inf,inf
CANTILVR,nomad_default,3,50000,1800,15.505218690154939,0.0,True,13.859424918759998,3900,30.009487790986896,0,nomad_done:1,29.39454923990552,8064516129032259.0,False,False,False,3919.0,,,none,True,1588437975 2268752316 3071397075,inf,inf,inf
CANTILVR,nomad_default,4,50000,1800,46.80927689160911,0.0,True,44.47573552307065,4500,38.58410541701596,0,nomad_done:1,311.98438272978706,0.0,False,False,False,4511.0,,,none,True,2268752316 3071397075 1066942004,inf,inf,inf
CANTILVR,nomad_default,5,50000,1800,12.619161608197032,0.0,True,11.036774274732986,4900,42.676292290969286,0,nomad_done:1,10.929013441616481,7.016129032258066e+17,False,False,False,4938.0,,,none,True,3071397075 1066942004 2996772340,inf,inf,inf
CANTILVR,nomad_default,6,50000,1800,46.80927689160911,0.0,True,44.47573552307065,4500,38.82006033300422,0,nomad_done:1,311.98438272978706,0.0,False,False,False,4511.0,,,none,True,1066942004 2996772340 86133791,inf,inf,inf
CANTILVR,nomad_default,7,50000,1800,12.619161608197032,0.0,True,11.036774274732986,4900,42.76991533301771,0,nomad_done:1,10.929013441616481,7.016129032258066e+17,False,False,False,4938.0,,,none,True,2996772340 86133791 3042881956,inf,inf,inf
CANTILVR,nomad_default,8,50000,1800,259.89334555819585,0.0,True,252.87836463725446,4900,48.1887877919944,0,nomad_done:1,260.36156432474405,0.0,False,False,False,4930.0,,,none,True,86133791 3042881956 1313616534,inf,inf,inf
CANTILVR,nomad_default,9,50000,1800,2358.4647499700413,0.0,True,2305.344327015667,4200,35.13206391601125,0,nomad_done:1,2346.6569878828427,9.435483870967743e+17,False,False,False,4230.0,,,none,True,3042881956 1313616534 646932915,inf,inf,inf
CANTILVR,nomad_default,10,50000,1800,24.10641192391062,0.0,True,22.27165064098685,3750,31.064277332974598,0,nomad_done:1,23.606902338892652,1.5322580645161293e+17,False,False,False,3785.0,,,none,True,1313616534 646932915 1705310046,inf,inf,inf
CANTILVR,zoagp,1,50000,1800,inf,0.04633865048163148,False,inf,49999,2.2740771669195965,0,query_limit,0.7091564168107882,0.04633865048163148,False,False,False,49999.0,8333.0,,none,,,inf,inf,inf
CANTILVR,zominmax,1,50000,1800,inf,0.03837318719207512,False,inf,49999,1.1215837079798803,0,query_limit,0.747545929076184,0.03838024054589882,False,False,False,49999.0,24999.0,,none,,,inf,inf,inf
CANTILVR,zominmax,2,50000,1800,inf,0.03838181345576312,False,inf,49999,1.1000877500046045,0,query_limit,0.7474780346862868,0.03839289940674665,False,False,False,49999.0,24999.0,,none,,,inf,inf,inf
CANTILVR,zominmax,3,50000,1800,inf,0.0383566012842252,False,inf,49999,1.1143086249940097,0,query_limit,0.7475868076356497,0.03837262094185758,False,False,False,49999.0,24999.0,,none,,,inf,inf,inf
CANTILVR,zominmax,4,50000,1800,inf,0.038373642059139366,False,inf,49999,1.1107862089993432,0,query_limit,0.7475122948327103,0.03838650701117577,False,False,False,49999.0,24999.0,,none,,,inf,inf,inf
CANTILVR,zominmax,5,50000,1800,inf,0.03835870371400074,False,inf,49999,1.1100016669370234,0,query_limit,0.7475684898934188,0.03837603799159862,False,False,False,49999.0,24999.0,,none,,,inf,inf,inf
CANTILVR,zominmax,6,50000,1800,inf,0.038365107405218486,False,inf,49999,1.094137083971873,0,query_limit,0.7475364557099438,0.03838200992541033,False,False,False,49999.0,24999.0,,none,,,inf,inf,inf
CANTILVR,zominmax,7,50000,1800,inf,0.03837073876772978,False,inf,49999,1.1070766251068562,0,query_limit,0.7475285750394175,0.038383475257245024,False,False,False,49999.0,24999.0,,none,,,inf,inf,inf
CANTILVR,zominmax,8,50000,1800,inf,0.038378872780927005,False,inf,49999,1.091251292033121,0,query_limit,0.7475232317986236,0.03838447288212475,False,False,False,49999.0,24999.0,,none,,,inf,inf,inf
CANTILVR,zominmax,9,50000,1800,inf,0.03836893774205235,False,inf,49999,1.112436959054321,0,query_limit,0.7475369124877815,0.03838191957291828,False,False,False,49999.0,24999.0,,none,,,inf,inf,inf
CANTILVR,zominmax,10,50000,1800,inf,0.038344593980648094,False,inf,49999,1.117273582960479,0,query_limit,0.7476249492356651,0.03836551689646298,False,False,False,49999.0,24999.0,,none,,,inf,inf,inf
CANTILVR,szo_conex,1,50000,1800,inf,0.03664086481836414,False,inf,50000,1.0535440410021693,0,query_limit,0.6600749897603853,0.05946373000051401,False,False,False,50000.0,8333.0,True,none,,,inf,inf,inf
CANTILVR,szo_conex,2,50000,1800,inf,0.03272131145970472,False,inf,50000,1.0209848339436576,0,query_limit,0.661340113805207,0.05910997035298289,False,False,False,50000.0,8333.0,True,none,,,inf,inf,inf
CANTILVR,szo_conex,3,50000,1800,inf,0.03560246901347731,False,inf,50000,0.8425312920007855,0,query_limit,0.6588962426533547,0.05978916787286699,False,False,False,50000.0,8333.0,True,none,,,inf,inf,inf
CANTILVR,szo_conex,4,50000,1800,inf,0.031487091872020416,False,inf,50000,1.0732600830961019,0,query_limit,0.6655844653042462,0.05784218568932928,False,False,False,50000.0,8333.0,True,none,,,inf,inf,inf
CANTILVR,szo_conex,5,50000,1800,inf,0.03196715937328922,False,inf,50000,1.044509792001918,0,query_limit,0.6639959042097561,0.05823216174505939,False,False,False,50000.0,8333.0,True,none,,,inf,inf,inf
CANTILVR,szo_conex,6,50000,1800,inf,0.035590328477362994,False,inf,50000,1.0785076669417322,0,query_limit,0.6607571906128509,0.05926671725940036,False,False,False,50000.0,8333.0,True,none,,,inf,inf,inf
CANTILVR,szo_conex,7,50000,1800,inf,0.035254650892749324,False,inf,50000,1.085007416899316,0,query_limit,0.6582350211924246,0.060027814740358613,False,False,False,50000.0,8333.0,True,none,,,inf,inf,inf
CANTILVR,szo_conex,8,50000,1800,inf,0.03372692058815499,False,inf,50000,1.0647166250273585,0,query_limit,0.657216884710706,0.06036739487496654,False,False,False,50000.0,8333.0,True,none,,,inf,inf,inf
CANTILVR,szo_conex,9,50000,1800,inf,0.03327956157308664,False,inf,50000,0.8780576670542359,0,query_limit,0.6585078419190842,0.05990953665016749,False,False,False,50000.0,8333.0,True,none,,,inf,inf,inf
CANTILVR,szo_conex,10,50000,1800,inf,0.03563951519149432,False,inf,50000,1.076046917005442,0,query_limit,0.6635572329870495,0.058396972733787654,False,False,False,50000.0,8333.0,True,none,,,inf,inf,inf
POLAK6,zob_sgda,1,50000,1800,-44.00079376639753,0.0,True,2.421519048909364e-05,49998,3.0524750830372795,0,completed,-43.98645509672902,0.0,True,True,True,49998.0,,,none,,,5800.0,12700.0,19250.0
POLAK6,zob_sgda,2,50000,1800,-44.00127808861531,0.0,True,1.3208332467481852e-05,49998,2.8674362499732524,0,completed,-43.98868891872664,0.0,True,True,True,49998.0,,,none,,,5600.0,12400.0,18950.0
POLAK6,zob_sgda,3,50000,1800,-44.000521564215134,0.0,True,3.040134232107222e-05,49998,2.884149125078693,0,completed,-43.98858200349669,0.0,True,True,True,49998.0,,,none,,,5650.0,12500.0,19000.0
POLAK6,zob_sgda,4,50000,1800,-44.00100828126472,0.0,True,1.934005860376746e-05,49998,2.93106579198502,0,completed,-43.98666082024195,0.0,True,True,True,49998.0,,,none,,,5900.0,12650.0,19150.0
POLAK6,zob_sgda,5,50000,1800,-44.00069615520544,0.0,True,2.6433532933863505e-05,49998,2.927816875046119,0,completed,-43.98580518898791,0.0,True,True,True,49998.0,,,none,,,5600.0,12600.0,19150.0
POLAK6,zob_sgda,6,50000,1800,-44.001154343478746,0.0,True,1.6020603098494714e-05,49998,2.9602100420743227,0,completed,-43.98563785011425,0.0,True,True,True,49998.0,,,none,,,5750.0,12700.0,19300.0
POLAK6,zob_sgda,7,50000,1800,-44.000807434011854,0.0,True,2.3904576016220338e-05,49998,3.06479433295317,0,completed,-43.98243008304137,0.0,True,True,True,49998.0,,,none,,,5600.0,12650.0,19150.0
POLAK6,zob_sgda,8,50000,1800,-44.00129036630072,0.0,True,1.2929305953260097e-05,49998,3.0557486249599606,0,completed,-43.987277327176955,0.0,True,True,True,49998.0,,,none,,,5650.0,12450.0,18800.0
POLAK6,zob_sgda,9,50000,1800,-44.00103030653552,0.0,True,1.883950541891665e-05,49998,3.0254788330057636,0,completed,-43.98604032466139,0.0,True,True,True,49998.0,,,none,,,5800.0,12700.0,19250.0
POLAK6,zob_sgda,10,50000,1800,-44.00119637957071,0.0,True,1.5065277740657916e-05,49998,2.948321250034496,0,completed,-43.98648897234105,0.0,True,True,True,49998.0,,,none,,,5700.0,12600.0,19200.0
POLAK6,zob_gda,1,50000,1800,-43.86101884685001,0.0,True,0.0032007836772593957,49996,1.57944741693791,0,completed,-48.506420507948064,0.3147734241992773,True,True,False,49996.0,,,none,,,3250.0,14900.0,inf
POLAK6,zob_gda,2,50000,1800,-43.83480756210708,0.0,True,0.0037964695226291078,49996,1.5777920000255108,0,completed,-49.55628442331339,0.3886512784721772,True,True,False,49996.0,,,none,,,6700.0,14850.0,inf
POLAK6,zob_gda,3,50000,1800,-43.829363711702094,0.0,True,0.003920188167570228,49996,1.5891062910668552,0,completed,-49.62766702422451,0.3936226495915456,True,True,False,49996.0,,,none,,,6750.0,9350.0,inf
POLAK6,zob_gda,4,50000,1800,-43.84392134019971,0.0,True,0.0035893469545877723,49996,1.6159929160494357,0,completed,-50.337780282987275,0.4436200744635484,True,True,False,49996.0,,,none,,,3200.0,14900.0,inf
POLAK6,zob_gda,5,50000,1800,-43.86186398326188,0.0,True,0.0031815768431459925,49996,1.617696875007823,0,completed,-48.883442681398094,0.34088699299395947,True,True,False,49996.0,,,none,,,6900.0,9450.0,inf
POLAK6,zob_gda,6,50000,1800,-43.85290396695972,0.0,True,0.0033852049727024925,49996,1.5785247079329565,0,completed,-48.14561102729112,0.28846217605036023,True,True,False,49996.0,,,none,,,3250.0,9300.0,inf
POLAK6,zob_gda,7,50000,1800,-43.836615348128305,0.0,True,0.003755385212765541,49996,1.610116166062653,0,completed,-47.53058283621738,0.24670817205601359,True,True,False,49996.0,,,none,,,3400.0,15000.0,inf
POLAK6,zob_gda,8,50000,1800,-43.83455682532618,0.0,True,0.0038021678450409955,49996,1.61743216693867,0,completed,-50.54048690490112,0.45856515939827136,True,True,False,49996.0,,,none,,,3450.0,9500.0,inf
POLAK6,zob_gda,9,50000,1800,-43.848534414044465,0.0,True,0.003484508797285718,49996,1.6083336250158027,0,completed,-48.05881757222118,0.2858292026804326,True,True,False,49996.0,,,none,,,3400.0,20850.0,inf
POLAK6,zob_gda,10,50000,1800,-43.86115262005212,0.0,True,0.0031977435056780574,49996,1.6241543750511482,0,completed,-49.75257479453531,0.4035663567520877,True,True,False,49996.0,,,none,,,6800.0,15000.0,inf
POLAK6,nomad_default,1,50000,1800,2e+19,0.0,True,4.545262479210869e+17,500,0.109724959009327,0,nomad_done:1,2e+19,5.134905669631461e+76,False,False,False,511.0,,,none,True,362436069 521288629 1588437975,inf,inf,inf
POLAK6,nomad_default,2,50000,1800,1e+19,0.0,True,2.2726312396054346e+17,550,0.11061358399456367,0,nomad_done:1,1e+19,1.4576546661367734e+58,False,False,False,587.0,,,none,True,521288629 1588437975 2268752316,inf,inf,inf
POLAK6,nomad_default,3,50000,1800,inf,1.0,False,inf,450,0.08863883296726272,0,nomad_done:-1,899.4921048334918,5.592249753643369e+39,False,False,False,483.0,,,none,True,1588437975 2268752316 3071397075,inf,inf,inf
POLAK6,nomad_default,4,50000,1800,inf,1.0,False,inf,450,0.09552291600266472,0,nomad_done:-1,-500.00000000000006,2.8887918363137157e+85,False,False,False,455.0,,,none,True,2268752316 3071397075 1066942004,inf,inf,inf
POLAK6,nomad_default,5,50000,1800,1e+19,0.0,True,2.2726312396054346e+17,500,0.11007912497734651,0,nomad_done:1,1e+19,1.3008191153635457e+68,False,False,False,524.0,,,none,True,3071397075 1066942004 2996772340,inf,inf,inf
POLAK6,nomad_default,6,50000,1800,inf,1.0,False,inf,450,0.0914334169938229,0,nomad_done:-1,-500.00000000000006,2.8887918363137157e+85,False,False,False,455.0,,,none,True,1066942004 2996772340 86133791,inf,inf,inf
POLAK6,nomad_default,7,50000,1800,1e+19,0.0,True,2.2726312396054346e+17,500,0.11062950000632554,0,nomad_done:1,1e+19,1.3008191153635457e+68,False,False,False,524.0,,,none,True,2996772340 86133791 3042881956,inf,inf,inf
POLAK6,nomad_default,8,50000,1800,1e+19,0.0,True,2.2726312396054346e+17,550,0.11589412501780316,0,nomad_done:1,1.0000000000000004e+19,2.3152835251625305e+36,False,False,False,575.0,,,none,True,86133791 3042881956 1313616534,inf,inf,inf
POLAK6,nomad_default,9,50000,1800,1e+19,0.0,True,2.2726312396054346e+17,500,0.10484899999573827,0,nomad_done:1,1.0000000000000008e+19,8.087858695261988e+62,False,False,False,546.0,,,none,True,3042881956 1313616534 646932915,inf,inf,inf
POLAK6,nomad_default,10,50000,1800,1e+19,0.0,True,2.2726312396054346e+17,550,0.12033666600473225,0,nomad_done:1,1e+19,4.5680428524049e+49,False,False,False,555.0,,,none,True,1313616534 646932915 1705310046,inf,inf,inf
POLAK6,zoagp,1,50000,1800,-37.61295567770652,0.0,True,0.14519621912949557,1855,0.058453707955777645,0,oracle_domain_failure,-60.23862849332101,inf,False,False,False,1855.0,308.0,,none,,,inf,inf,inf
POLAK6,zominmax,1,50000,1800,inf,0.9902661419194533,False,inf,7,0.0003037919523194432,0,oracle_domain_failure,1e+20,inf,False,False,False,7.0,2.0,,none,,,inf,inf,inf
POLAK6,zominmax,2,50000,1800,inf,0.990552289755423,False,inf,7,0.00029679201543331146,0,oracle_domain_failure,-1e+20,inf,False,False,False,7.0,2.0,,none,,,inf,inf,inf
POLAK6,zominmax,3,50000,1800,-18.963361604144424,0.0,True,0.5690327201048716,369,0.01072579191531986,0,oracle_domain_failure,1e+20,inf,False,False,False,369.0,183.0,,none,,,inf,inf,inf
POLAK6,zominmax,4,50000,1800,inf,1.0,False,inf,7,0.00038233306258916855,0,oracle_domain_failure,-1e+20,inf,False,False,False,7.0,2.0,,none,,,inf,inf,inf
POLAK6,zominmax,5,50000,1800,-0.7726047631319692,0.0,True,0.9824415427943833,37,0.001229874906130135,0,oracle_domain_failure,1e+20,inf,False,False,False,37.0,17.0,,none,,,inf,inf,inf
POLAK6,zominmax,6,50000,1800,-0.07506550376594923,0.0,True,0.9982940379112478,47,0.0014132079668343067,0,oracle_domain_failure,1e+20,inf,False,False,False,47.0,22.0,,none,,,inf,inf,inf
POLAK6,zominmax,7,50000,1800,-17.773729639296036,0.0,True,0.596068667774348,377,0.009281000006012619,0,oracle_domain_failure,-491209629281.11365,inf,False,False,False,377.0,187.0,,none,,,inf,inf,inf
POLAK6,zominmax,8,50000,1800,inf,0.5649620385749785,False,inf,17,0.0005331250140443444,0,oracle_domain_failure,1e+20,inf,False,False,False,17.0,7.0,,none,,,inf,inf,inf
POLAK6,zominmax,9,50000,1800,-35.074391807964744,0.0,True,0.20288841467058386,2445,0.06535675004124641,0,oracle_domain_failure,1e+20,inf,False,False,False,2445.0,1221.0,,none,,,inf,inf,inf
POLAK6,zominmax,10,50000,1800,inf,1.0,False,inf,15,0.0006047500064596534,0,oracle_domain_failure,1e+20,inf,False,False,False,15.0,6.0,,none,,,inf,inf,inf
POLAK6,szo_conex,1,50000,1800,-43.3016041498086,0.0,True,0.015914216841166614,40267,0.9530375000322238,0,oracle_domain_failure,-2.5106310040705148e+16,inf,True,False,False,40267.0,2236.0,False,none,,,27800.0,inf,inf
POLAK6,szo_conex,2,50000,1800,-41.147268028289446,0.0,True,0.06487433254491494,36415,0.8355882909381762,0,oracle_domain_failure,1e+20,inf,True,False,False,36415.0,2022.0,False,none,,,25100.0,inf,inf
POLAK6,szo_conex,3,50000,1800,-37.16044561605499,0.0,True,0.15548010415294608,35641,0.8251621250528842,0,oracle_domain_failure,-1e+20,inf,False,False,False,35641.0,1979.0,False,none,,,inf,inf,inf
POLAK6,szo_conex,4,50000,1800,-38.82479823936124,0.0,True,0.11765550649849567,35101,0.8156833749962971,0,oracle_domain_failure,1e+20,inf,False,False,False,35101.0,1949.0,False,none,,,inf,inf,inf
POLAK6,szo_conex,5,50000,1800,-37.75287931690605,0.0,True,0.14201627079345425,37603,0.8921900419518352,0,oracle_domain_failure,-1e+20,inf,False,False,False,37603.0,2088.0,False,none,,,inf,inf,inf
POLAK6,szo_conex,6,50000,1800,-39.42369070908341,0.0,True,0.1040448891399452,33913,0.7759591250214726,0,oracle_domain_failure,-1e+20,inf,False,False,False,33913.0,1883.0,False,none,,,inf,inf,inf
POLAK6,szo_conex,7,50000,1800,-37.18434305908089,0.0,True,0.15493700339727268,32833,0.7598144580842927,0,oracle_domain_failure,1e+20,inf,False,False,False,32833.0,1823.0,False,none,,,inf,inf,inf
POLAK6,szo_conex,8,50000,1800,-41.25821388056559,0.0,True,0.062352942447040746,35317,0.8525973750511184,0,oracle_domain_failure,-1e+20,inf,True,False,False,35317.0,1961.0,False,none,,,23850.0,inf,inf
POLAK6,szo_conex,9,50000,1800,-35.88794811070469,0.0,True,0.18439927998273686,24661,0.605432708049193,0,oracle_domain_failure,-1e+20,inf,False,False,False,24661.0,1369.0,False,none,,,inf,inf,inf
POLAK6,szo_conex,10,50000,1800,-37.99120780001719,0.0,True,0.13659994323339275,40177,0.9668161669978872,0,oracle_domain_failure,-1e+20,inf,False,False,False,40177.0,2231.0,False,none,,,inf,inf,inf
CRESC4,zob_sgda,1,50000,1800,inf,0.00430793183446845,False,inf,49998,3.6860359159763902,0,completed,-4.544117497549166e-08,0.04159029903966114,False,False,False,49998.0,,,none,,,inf,inf,inf
CRESC4,zob_sgda,2,50000,1800,inf,0.004650202413680318,False,inf,49998,3.6225875419331715,0,completed,-4.430279507194495e-08,0.03202862117219915,False,False,False,49998.0,,,none,,,inf,inf,inf
CRESC4,zob_sgda,3,50000,1800,0.6571976232214407,0.0,True,0.10055871595393195,49998,4.7764231249457225,0,completed,0.9460033198738876,0.09746390237179488,False,False,False,49998.0,,,none,,,inf,inf,inf
CRESC4,zob_sgda,4,50000,1800,inf,0.00406019238134624,False,inf,49998,4.617720541893505,0,completed,-4.3787554047876636e-08,0.03206888665340078,False,False,False,49998.0,,,none,,,inf,inf,inf
CRESC4,zob_sgda,5,50000,1800,0.7063391504862137,0.0,True,0.1497002432187049,49998,4.872613166924566,0,completed,0.4523839450882024,0.012552967228942115,False,False,False,49998.0,,,none,,,inf,inf,inf
CRESC4,zob_sgda,6,50000,1800,inf,0.004724656292567302,False,inf,49998,4.857612958992831,0,completed,-4.449485357628137e-08,0.037195088941909496,False,False,False,49998.0,,,none,,,inf,inf,inf
CRESC4,zob_sgda,7,50000,1800,inf,0.004847767594323022,False,inf,49998,4.830896458006464,0,completed,-4.3896311506509187e-08,0.030732796913732298,False,False,False,49998.0,,,none,,,inf,inf,inf
CRESC4,zob_sgda,8,50000,1800,inf,0.004669091632864188,False,inf,49998,4.859648499987088,0,completed,-4.7736712737414086e-08,0.011932211989567098,False,False,False,49998.0,,,none,,,inf,inf,inf
CRESC4,zob_sgda,9,50000,1800,0.6102436225471524,0.0,True,0.05360471527964361,49998,4.785934084095061,0,completed,0.42480426118559533,0.0009122706478461513,True,False,False,49998.0,,,none,,,40300.0,inf,inf
CRESC4,zob_sgda,10,50000,1800,0.6023416085562767,0.0,True,0.045702701288767966,49998,4.962545458925888,0,completed,0.8570584923140208,0.07720126998348557,True,False,False,49998.0,,,none,,,45250.0,inf,inf
CRESC4,zob_gda,1,50000,1800,inf,0.0018947926100937366,False,inf,49996,2.071834374917671,0,completed,1.8357532654212518,0.3725878538234657,False,False,False,49996.0,,,none,,,inf,inf,inf
CRESC4,zob_gda,2,50000,1800,inf,0.002315065527745505,False,inf,49996,2.059886417002417,0,completed,-1.2962200599851779e-08,0.008589712665221795,False,False,False,49996.0,,,none,,,inf,inf,inf
CRESC4,zob_gda,3,50000,1800,inf,0.00036353512767992285,False,inf,49996,2.030200666980818,0,completed,0.03955612405728729,0.001794507739657266,False,False,False,49996.0,,,none,,,inf,inf,inf
CRESC4,zob_gda,4,50000,1800,inf,0.00038895729138497344,False,inf,49996,2.0626006659585983,0,completed,0.6435609880706009,0.0004382759803274559,False,False,False,49996.0,,,none,,,inf,inf,inf
CRESC4,zob_gda,5,50000,1800,0.6433999894690419,2.018597518679206e-05,True,0.08676108220153311,49996,2.0645222910679877,0,completed,0.1489943367638687,0.0007236150332613601,True,False,False,49996.0,,,none,,,18200.0,inf,inf
CRESC4,zob_gda,6,50000,1800,inf,0.0020485493989983506,False,inf,49996,2.0474482499994338,0,completed,6.19548039923255e-09,0.0957290275117962,False,False,False,49996.0,,,none,,,inf,inf,inf
CRESC4,zob_gda,7,50000,1800,0.5965576457841544,0.0,True,0.039918738516645624,49996,2.046766374958679,0,completed,0.47998131144275746,0.0020546441144520737,True,False,False,49996.0,,,none,,,45300.0,inf,inf
CRESC4,zob_gda,8,50000,1800,inf,0.0003206918018044671,False,inf,49996,2.03212537500076,0,completed,0.09951463747559305,0.0006475765263032446,False,False,False,49996.0,,,none,,,inf,inf,inf
CRESC4,zob_gda,9,50000,1800,inf,0.0003012384328233823,False,inf,49996,2.053936375072226,0,completed,0.031023781048551184,0.0008976989378588125,False,False,False,49996.0,,,none,,,inf,inf,inf
CRESC4,zob_gda,10,50000,1800,inf,0.0025513646514452246,False,inf,49996,2.094020333024673,0,completed,1.775982194323344,0.010478913379269794,False,False,False,49996.0,,,none,,,inf,inf,inf
CRESC4,nomad_default,1,50000,1800,inf,1.0000000000000002,False,inf,500,2.0623714579851367,0,nomad_done:1,102401354867.53444,1.1775533797181683e+17,False,False,False,517.0,,,high_precision_posthoc,True,362436069 521288629 1588437975,inf,inf,inf
CRESC4,nomad_default,2,50000,1800,83.55135098571895,0.0,True,82.99471207845144,1550,26.779259750037454,0,nomad_done:1,69.1423581620766,0.027804060250094007,False,False,False,,,,none,True,521288629 1588437975 2268752316,inf,inf,inf
CRESC4,nomad_default,3,50000,1800,16491.420362155462,0.0,True,16490.863723248196,1800,31.89989541703835,0,nomad_done:1,16621.83559253375,0.0,False,False,False,1819.0,,,none,True,1588437975 2268752316 3071397075,inf,inf,inf
CRESC4,nomad_default,4,50000,1800,inf,0.9964654414919346,False,inf,400,4.120980750012677,0,nomad_done:-1,459716783.08221483,11114298.346253807,False,False,False,430.0,,,none,True,2268752316 3071397075 1066942004,inf,inf,inf
CRESC4,nomad_default,5,50000,1800,3570.487052791552,0.0,True,3569.9304138842845,1050,12.603055292041972,0,nomad_done:1,1.0085812842795506e-07,40.625778648130776,False,False,False,1079.0,,,none,True,3071397075 1066942004 2996772340,inf,inf,inf
CRESC4,nomad_default,6,50000,1800,inf,0.9964654414919346,False,inf,400,4.208794499980286,0,nomad_done:-1,459716783.08221483,11114298.346253807,False,False,False,430.0,,,none,True,1066942004 2996772340 86133791,inf,inf,inf
CRESC4,nomad_default,7,50000,1800,3570.487052791552,0.0,True,3569.9304138842845,1050,12.614886957977433,0,nomad_done:1,1.0085812842795506e-07,40.625778648130776,False,False,False,1079.0,,,none,True,2996772340 86133791 3042881956,inf,inf,inf
CRESC4,nomad_default,8,50000,1800,10951826.530575927,0.0,True,10951825.97393702,1050,17.492765832983423,0,nomad_done:1,2.8554268128321316e-09,2815.169291992872,False,False,False,1073.0,,,none,True,86133791 3042881956 1313616534,inf,inf,inf
CRESC4,nomad_default,9,50000,1800,212504.08123109813,0.0,True,212503.52459219086,650,6.6678748749545775,0,nomad_done:1,4115.585904353042,262.8399530107254,False,False,False,657.0,,,none,True,3042881956 1313616534 646932915,inf,inf,inf
CRESC4,nomad_default,10,50000,1800,inf,0.9964654404909293,False,inf,550,6.022391332953703,0,nomad_done:1,1.0602311315770636e-10,18300.6237265501,False,False,False,595.0,,,high_precision_posthoc,True,1313616534 646932915 1705310046,inf,inf,inf
CRESC4,zoagp,1,50000,1800,inf,0.0024791043629252114,False,inf,49995,3.3921978749567643,0,query_limit,-1.502577062272678e-08,0.002748656926249232,False,False,False,49995.0,7142.0,,none,,,inf,inf,inf
CRESC4,zominmax,1,50000,1800,inf,0.0002427555722623371,False,inf,49999,1.5751300839474425,0,query_limit,-5.493975491720121e+22,6.166826973519177e+36,False,False,False,49999.0,24999.0,,none,,,inf,inf,inf
CRESC4,zominmax,2,50000,1800,inf,0.0032224350541228985,False,inf,9704,0.30607741593848914,0,oracle_domain_failure,,inf,False,False,False,9704.0,4851.0,,none,,,inf,inf,inf
CRESC4,zominmax,3,50000,1800,inf,0.00023578549718519074,False,inf,49999,1.5544054169440642,0,query_limit,0.052982724010662986,0.00523330385304193,False,False,False,49999.0,24999.0,,none,,,inf,inf,inf
CRESC4,zominmax,4,50000,1800,inf,0.0002613309997741556,False,inf,49999,1.5859709170181304,0,query_limit,0.04930042492571848,0.03046343173447334,False,False,False,49999.0,24999.0,,none,,,inf,inf,inf
CRESC4,zominmax,5,50000,1800,inf,0.0002735232969079953,False,inf,49999,1.5812036669813097,0,query_limit,0.07136108077613561,0.016250924139849434,False,False,False,49999.0,24999.0,,none,,,inf,inf,inf
CRESC4,zominmax,6,50000,1800,inf,0.0002488719981914825,False,inf,49999,1.5645417500054464,0,query_limit,0.07373688929651247,0.00537807811837104,False,False,False,49999.0,24999.0,,none,,,inf,inf,inf
CRESC4,zominmax,7,50000,1800,inf,0.0002672831440033171,False,inf,49999,1.5596600830322132,0,query_limit,0.015411825381995984,0.0025064699158327524,False,False,False,49999.0,24999.0,,none,,,inf,inf,inf
CRESC4,zominmax,8,50000,1800,inf,0.00024911864207287837,False,inf,49999,1.566302708000876,0,query_limit,5.617084847252446e-10,0.001054221027717708,False,False,False,49999.0,24999.0,,none,,,inf,inf,inf
CRESC4,zominmax,9,50000,1800,inf,0.00512713867525665,False,inf,49999,1.5744972500251606,0,query_limit,2.8554268128321316e-09,1.2333653947038355e+37,False,False,False,49999.0,24999.0,,none,,,inf,inf,inf
CRESC4,zominmax,10,50000,1800,inf,0.00023919178200905293,False,inf,35056,1.092435915954411,0,oracle_domain_failure,,inf,False,False,False,35056.0,17527.0,,none,,,inf,inf,inf
CRESC4,szo_conex,1,50000,1800,inf,0.14847353406581598,False,inf,49982,1.4200864580925554,0,query_limit,0.004548286552314479,0.5395057896730173,False,False,False,49982.0,1470.0,True,none,,,inf,inf,inf
CRESC4,szo_conex,2,50000,1800,inf,0.14376387026210555,False,inf,49982,1.4318757089786232,0,query_limit,0.004968040489459276,0.5191816949931368,False,False,False,49982.0,1470.0,True,none,,,inf,inf,inf
CRESC4,szo_conex,3,50000,1800,inf,0.13409439393553996,False,inf,49982,1.398097165976651,0,query_limit,0.007027544178437993,0.5301392145325222,False,False,False,49982.0,1470.0,True,none,,,inf,inf,inf
CRESC4,szo_conex,4,50000,1800,inf,0.006863164455737736,False,inf,49982,1.4307530419901013,0,query_limit,1.1783688887548864,0.4162714231391328,False,False,False,49982.0,1470.0,True,none,,,inf,inf,inf
CRESC4,szo_conex,5,50000,1800,inf,0.14658395426021073,False,inf,49982,1.4128556250361726,0,query_limit,0.007285364187932271,0.5225625160259356,False,False,False,49982.0,1470.0,True,none,,,inf,inf,inf
CRESC4,szo_conex,6,50000,1800,inf,0.001005851578191029,False,inf,49982,1.3954322499921545,0,query_limit,1.135546788501219,0.3964932283296868,False,False,False,49982.0,1470.0,True,none,,,inf,inf,inf
CRESC4,szo_conex,7,50000,1800,2.4093346083297935,0.0,True,1.8526957010622849,49982,1.389473250019364,0,query_limit,0.8983675580861973,0.3661109534309484,False,False,False,49982.0,1470.0,True,none,,,inf,inf,inf
CRESC4,szo_conex,8,50000,1800,inf,0.0041141023624846375,False,inf,49982,1.4172477920074016,0,query_limit,0.2561048722336641,0.5200240614616639,False,False,False,49982.0,1470.0,True,none,,,inf,inf,inf
CRESC4,szo_conex,9,50000,1800,inf,0.04029941682870719,False,inf,49982,1.3953239580150694,0,query_limit,0.08321406075909023,0.5219251468600865,False,False,False,49982.0,1470.0,True,none,,,inf,inf,inf
CRESC4,szo_conex,10,50000,1800,inf,0.007909938070358186,False,inf,49982,1.4006481670076028,0,query_limit,0.9630768399173913,0.3632404469451605,False,False,False,49982.0,1470.0,True,none,,,inf,inf,inf
HALDMADS,zob_sgda,1,50000,1800,0.25218774640451574,0.0,True,0.21754796383398575,49998,14.13945204205811,0,completed,0.2710395908379343,0.0,False,False,False,49998.0,,,none,,,inf,inf,inf
HALDMADS,zob_sgda,2,50000,1800,2.535799920776692,0.0,True,2.501160138206162,49998,14.196780832950026,0,completed,2.525061980497914,0.018938310219746235,False,False,False,49998.0,,,none,,,inf,inf,inf
HALDMADS,zob_sgda,3,50000,1800,2.7130745645265177,0.0,True,2.6784347819559877,49998,14.497693167068064,0,completed,2.7132309457660857,2.595430501315377e-08,False,False,False,49998.0,,,none,,,inf,inf,inf
HALDMADS,zob_sgda,4,50000,1800,1.0714446122164687,0.0,True,1.0368048296459387,49998,14.772931666928343,0,completed,2.7168881971162833,0.0,False,False,False,49998.0,,,none,,,inf,inf,inf
HALDMADS,zob_sgda,5,50000,1800,2.718453766317998,0.0,True,2.683813983747468,49998,15.970195499947295,0,completed,2.7187269040289146,0.0,False,False,False,49998.0,,,none,,,inf,inf,inf
HALDMADS,zob_sgda,6,50000,1800,2.656903426298696,0.0,True,2.622263643728166,49998,15.778015790972859,0,completed,2.656976442004069,5.178685415904338e-05,False,False,False,49998.0,,,none,,,inf,inf,inf
HALDMADS,zob_sgda,7,50000,1800,2.328655384559923,0.0,True,2.294015601989393,49998,15.855330500053242,0,completed,2.3261388806301464,0.0016692464192673562,False,False,False,49998.0,,,none,,,inf,inf,inf
HALDMADS,zob_sgda,8,50000,1800,0.4017182070725752,0.0,True,0.3670784245020452,49998,15.796080749947578,0,completed,0.32881864801373545,0.23260645215122877,False,False,False,49998.0,,,none,,,inf,inf,inf
HALDMADS,zob_sgda,9,50000,1800,2.71849308823887,0.0,True,2.68385330566834,49998,15.842181875021197,0,completed,2.7187014180486937,0.0,False,False,False,49998.0,,,none,,,inf,inf,inf
HALDMADS,zob_sgda,10,50000,1800,1.3247518282402733,0.0,True,1.2901120456697432,49998,15.560490583069623,0,completed,1.9475125167885285,0.020099879179054536,False,False,False,49998.0,,,none,,,inf,inf,inf
HALDMADS,zob_gda,1,50000,1800,0.6869711781619666,0.0,True,0.6523313955914366,49996,5.9690057499101385,0,completed,2.5230035629194183,0.014350361796880762,False,False,False,49996.0,,,none,,,inf,inf,inf
HALDMADS,zob_gda,2,50000,1800,1.2167214435620715,0.0,True,1.1820816609915414,49996,5.900221250019968,0,completed,2.6930919760617016,0.0,False,False,False,49996.0,,,none,,,inf,inf,inf
HALDMADS,zob_gda,3,50000,1800,0.21033650064374493,0.0,True,0.17569671807321494,49996,6.079473874997348,0,completed,2.590831690504344,0.0,False,False,False,49996.0,,,none,,,inf,inf,inf
HALDMADS,zob_gda,4,50000,1800,0.1142376365075203,0.0,True,0.07959785393699029,49996,5.961791125009768,0,completed,0.1363213710004938,0.0,True,False,False,49996.0,,,none,,,48950.0,inf,inf
HALDMADS,zob_gda,5,50000,1800,0.9572317386800492,0.0,True,0.9225919561095192,49996,5.946634000050835,0,completed,2.2570947662333705,0.017406456724903485,False,False,False,49996.0,,,none,,,inf,inf,inf
HALDMADS,zob_gda,6,50000,1800,0.27742988408777913,0.0,True,0.24279010151724914,49996,5.936922000022605,0,completed,0.26039650123076885,0.01537248632126581,False,False,False,49996.0,,,none,,,inf,inf,inf
HALDMADS,zob_gda,7,50000,1800,2.713398927021371,0.0,True,2.678759144450841,49996,5.953705416992307,0,completed,2.509927988791151,0.0917449897719841,False,False,False,49996.0,,,none,,,inf,inf,inf
HALDMADS,zob_gda,8,50000,1800,2.7184058346244258,0.0,True,2.6837660520538957,49996,6.024190166033804,0,completed,2.5202450720744145,0.08938489840653048,False,False,False,49996.0,,,none,,,inf,inf,inf
HALDMADS,zob_gda,9,50000,1800,0.12512686059558797,0.0,True,0.09048707802505798,49996,6.119414084008895,0,completed,1.9485798287951424,0.0,True,False,False,49996.0,,,none,,,21650.0,inf,inf
HALDMADS,zob_gda,10,50000,1800,1.5694319960518486,0.0,True,1.5347922134813186,49996,6.077004333026707,0,completed,2.6151347320529417,0.0,False,False,False,49996.0,,,none,,,inf,inf,inf
HALDMADS,nomad_default,1,50000,1800,5.00755400456613,0.0,True,4.972914221995601,8500,496.8478853330016,0,nomad_done:1,5.00755715427166,0.0,False,False,False,8549.0,,,none,True,362436069 521288629 1588437975,inf,inf,inf
HALDMADS,nomad_default,2,50000,1800,2.71807639598591,0.0,True,2.68343661341538,2400,38.97052787494613,0,nomad_done:1,2.71828100234845,3.7242760374064915e-07,False,False,False,2435.0,,,none,True,521288629 1588437975 2268752316,inf,inf,inf
HALDMADS,nomad_default,3,50000,1800,2.71808345819505,0.0,True,2.68344367562452,2500,56.75998550001532,0,nomad_done:1,2.71828176872983,2.695070773304319e-08,False,False,False,2522.0,,,none,True,1588437975 2268752316 3071397075,inf,inf,inf
HALDMADS,nomad_default,4,50000,1800,2.56845755210793,0.0,True,2.5338177695374,2000,60.05540450004628,0,nomad_done:1,2.56851057911593,9.260275790573182e-14,False,False,False,2022.0,,,none,True,2268752316 3071397075 1066942004,inf,inf,inf
HALDMADS,nomad_default,5,50000,1800,0.03463978257053,0.0,True,0.0,4350,217.4109747079783,0,nomad_done:1,0.03465964228832,1.7350804926152819e-07,True,True,True,4395.0,,,none,True,3071397075 1066942004 2996772340,3500.0,3800.0,3850.0
HALDMADS,nomad_default,6,50000,1800,2.56845755210793,0.0,True,2.5338177695374,2000,60.40535074996296,0,nomad_done:1,2.56851057911593,9.260275790573182e-14,False,False,False,2022.0,,,none,True,1066942004 2996772340 86133791,inf,inf,inf
HALDMADS,nomad_default,7,50000,1800,0.03463978257053,0.0,True,0.0,4350,217.6712970000226,0,nomad_done:1,0.03465964228832,1.7350804926152819e-07,True,True,True,4395.0,,,none,True,2996772340 86133791 3042881956,3500.0,3800.0,3850.0
HALDMADS,nomad_default,8,50000,1800,2.49276039304226,0.0,True,2.45812061047173,3200,122.60747933300445,0,nomad_done:1,2.49281805509579,1.4901676043913102e-07,False,False,False,3225.0,,,none,True,86133791 3042881956 1313616534,inf,inf,inf
HALDMADS,nomad_default,9,50000,1800,0.69122398333852,0.0,True,0.65658420076799,8950,530.5066687499639,0,nomad_done:1,0.69328117765582,7.44791185926906e-08,False,False,False,8987.0,,,none,True,3042881956 1313616534 646932915,inf,inf,inf
HALDMADS,nomad_default,10,50000,1800,1.55804082078644,0.0,True,1.52340103821591,7850,490.48873054102296,0,nomad_done:1,1.5581399640998,6.6821897144464515e-06,False,False,False,7887.0,,,none,True,1313616534 646932915 1705310046,inf,inf,inf
HALDMADS,zoagp,1,50000,1800,2.7152171738130355,0.0,True,2.6805773912425055,49995,7.302126582944766,0,query_limit,2.66167347328924,0.02422217992039664,False,False,False,49995.0,7142.0,,none,,,inf,inf,inf
HALDMADS,zominmax,1,50000,1800,2.4086605215767176,0.0,True,2.3740207390061876,49999,3.826276458101347,0,query_limit,2.3600396934159926,0.029898168440495088,False,False,False,49999.0,24999.0,,none,,,inf,inf,inf
HALDMADS,zominmax,2,50000,1800,inf,0.9998180496055667,False,inf,49999,3.866484666010365,0,query_limit,196913.14575173,2979760.254285127,False,False,False,49999.0,24999.0,,none,,,inf,inf,inf
HALDMADS,zominmax,3,50000,1800,3.1278540994858357,0.0,True,3.0932143169153057,49999,3.89054470800329,0,query_limit,3.124642444037474,0.015509502908234385,False,False,False,49999.0,24999.0,,none,,,inf,inf,inf
HALDMADS,zominmax,4,50000,1800,408.4967883787173,0.0,True,408.4621485961468,49999,3.8880132919875905,0,query_limit,404.2488446913799,3.68378902300816,False,False,False,49999.0,24999.0,,none,,,inf,inf,inf
HALDMADS,zominmax,5,50000,1800,1432.9258252005907,0.0,True,1432.89118541802,49999,3.9295621670316905,0,query_limit,1432.9258252005907,0.0,False,False,False,49999.0,24999.0,,none,,,inf,inf,inf
HALDMADS,zominmax,6,50000,1800,2.0160343923706288,0.0,True,1.9813946098000987,49999,3.9942405000329018,0,query_limit,2.1071199927531277,0.0,False,False,False,49999.0,24999.0,,none,,,inf,inf,inf
HALDMADS,zominmax,7,50000,1800,2.604969345330537,0.0,True,2.570329562760007,49999,3.9579323339276016,0,query_limit,2.670625410507952,0.0,False,False,False,49999.0,24999.0,,none,,,inf,inf,inf
HALDMADS,zominmax,8,50000,1800,2.1999298386540924,0.0,True,2.1652900560835624,49999,3.9595933749806136,0,query_limit,2.1886703246637573,0.09478528677557385,False,False,False,49999.0,24999.0,,none,,,inf,inf,inf
HALDMADS,zominmax,9,50000,1800,0.9285928164963049,0.0,True,0.8939530339257749,49999,3.965790083981119,0,query_limit,0.819157621003908,0.0074384053838591965,False,False,False,49999.0,24999.0,,none,,,inf,inf,inf
HALDMADS,zominmax,10,50000,1800,1.2544876712491084,0.0,True,1.2198478886785784,49999,3.9438184580067173,0,query_limit,2.8925817936030014,0.0,False,False,False,49999.0,24999.0,,none,,,inf,inf,inf
HALDMADS,szo_conex,1,50000,1800,83.54037853164394,0.0,True,83.5057387490734,49982,3.804854374960996,0,query_limit,895374.0562045602,0.0,False,False,False,49982.0,294.0,True,none,,,inf,inf,inf
HALDMADS,szo_conex,2,50000,1800,5.8361249305786735,0.0,True,5.801485148008144,49982,3.8143978329608217,0,query_limit,88.3061926628957,0.0,False,False,False,49982.0,294.0,True,none,,,inf,inf,inf
HALDMADS,szo_conex,3,50000,1800,94.45996239421967,0.0,True,94.42532261164914,49982,3.8423777499701828,0,query_limit,238.1036133398586,0.0,False,False,False,49982.0,294.0,True,none,,,inf,inf,inf
HALDMADS,szo_conex,4,50000,1800,89.84286732495275,0.0,True,89.80822754238221,49982,3.8429427091032267,0,query_limit,672610.1998816321,0.0,False,False,False,49982.0,294.0,True,none,,,inf,inf,inf
HALDMADS,szo_conex,5,50000,1800,821.2809188299445,0.0,True,821.2462790473741,49982,3.873589124996215,0,query_limit,68543.90293762456,0.0,False,False,False,49982.0,294.0,True,none,,,inf,inf,inf
HALDMADS,szo_conex,6,50000,1800,179.91732513255906,0.0,True,179.88268534998852,49982,3.8302888750331476,0,query_limit,4752.152718200904,0.0,False,False,False,49982.0,294.0,True,none,,,inf,inf,inf
HALDMADS,szo_conex,7,50000,1800,6948287.337935507,0.0,True,6948287.303295725,49982,3.7982238329714164,0,query_limit,119185782.29141371,0.0,False,False,False,49982.0,294.0,True,none,,,inf,inf,inf
HALDMADS,szo_conex,8,50000,1800,26.3073871545686,0.0,True,26.272747371998072,49982,3.8513018750818446,0,query_limit,196.42263849756313,0.0,False,False,False,49982.0,294.0,True,none,,,inf,inf,inf
HALDMADS,szo_conex,9,50000,1800,201.42678027522618,0.0,True,201.39214049265564,49982,3.798541208030656,0,query_limit,380.4686753550281,0.0,False,False,False,49982.0,294.0,True,none,,,inf,inf,inf
HALDMADS,szo_conex,10,50000,1800,11.816668822918487,0.0,True,11.782029040347958,49982,3.8466867500683293,0,query_limit,1439.4235035831011,0.0,False,False,False,49982.0,294.0,True,none,,,inf,inf,inf
MATRIX2,zob_sgda,1,50000,1800,2.6853154727485676e-10,0.0,True,1.3426577363362596e-10,49998,4.278251040959731,0,completed,8.114932560400508e-10,2.873544491649913e-09,True,True,True,49998.0,,,none,,,500.0,500.0,1300.0
MATRIX2,zob_sgda,2,50000,1800,2.6818367560911097e-10,0.0,True,1.3409183780075306e-10,49998,4.379742542048916,0,completed,2.6824167959350534e-10,2.9659011710158356e-09,True,True,True,49998.0,,,none,,,450.0,450.0,1300.0
MATRIX2,zob_sgda,3,50000,1800,2.68359539332217e-10,0.0,True,1.3417976966230608e-10,49998,4.678227209020406,0,completed,2.435090688232699e-09,9.599076345641285e-10,True,True,True,49998.0,,,none,,,550.0,550.0,1250.0
MATRIX2,zob_sgda,4,50000,1800,2.685189149501764e-10,0.0,True,1.342594574712858e-10,49998,4.482823000056669,0,completed,2.4333333346821054e-09,8.632364962377752e-10,True,True,True,49998.0,,,none,,,350.0,450.0,1300.0
MATRIX2,zob_sgda,5,50000,1800,1.1787397784415435e-10,0.0,True,5.893698891827474e-11,49998,4.6539346660720184,0,completed,8.112396553837184e-10,3.5209222581762008e-09,True,True,True,49998.0,,,none,,,1750.0,1750.0,1750.0
MATRIX2,zob_sgda,6,50000,1800,2.6860847544456486e-10,0.0,True,1.3430423771848e-10,49998,4.619476833962835,0,completed,8.116486885661013e-10,2.533665075231892e-09,True,True,True,49998.0,,,none,,,300.0,500.0,1400.0
MATRIX2,zob_sgda,7,50000,1800,2.688157416267672e-10,0.0,True,1.3440787080958118e-10,49998,4.863246875000186,0,completed,2.434482491794501e-09,6.27638061302608e-10,True,True,True,49998.0,,,none,,,300.0,600.0,1500.0
MATRIX2,zob_sgda,8,50000,1800,2.68669078681131e-10,0.0,True,1.3433453933676307e-10,49998,4.593975833966397,0,completed,8.111350251985219e-10,2.7265349508393356e-09,True,True,True,49998.0,,,none,,,350.0,400.0,1350.0
MATRIX2,zob_sgda,9,50000,1800,2.6852939328674956e-10,0.0,True,1.3426469663957236e-10,49998,4.239452874986455,0,completed,2.4347495000031168e-09,9.172911783155361e-10,True,True,True,49998.0,,,none,,,400.0,450.0,1300.0
MATRIX2,zob_sgda,10,50000,1800,2.5742777836627946e-10,0.0,True,1.287138891793373e-10,49998,4.112057500053197,0,completed,8.110033111442094e-10,3.1872013467544493e-09,True,True,True,49998.0,,,none,,,1100.0,1100.0,1250.0
MATRIX2,zob_gda,1,50000,1800,2.075136327586959e-11,0.0,True,1.0375681634132368e-11,49996,1.5413999169832096,0,completed,1.0811475512486045e-09,4.307439429440275e-09,True,True,True,49996.0,,,none,,,600.0,600.0,600.0
MATRIX2,zob_gda,2,50000,1800,6.923756707908894e-13,0.0,True,3.4618783159301785e-13,49996,1.5593555830419064,0,completed,1.0811130915276735e-09,4.001494919308668e-09,True,True,True,49996.0,,,none,,,550.0,550.0,550.0
MATRIX2,zob_gda,3,50000,1800,1.8750164365326074e-13,0.0,True,9.375081802420352e-14,49996,1.5617963330587372,0,completed,3.2416027520491428e-09,1.6724815284783702e-09,True,True,True,49996.0,,,none,,,650.0,650.0,650.0
MATRIX2,zob_gda,4,50000,1800,3.58663392205819e-10,0.0,True,1.7933169609910708e-10,49996,1.5679042499978095,0,completed,3.5947009421568617e-10,3.418679970411952e-09,True,True,True,49996.0,,,none,,,550.0,550.0,550.0
MATRIX2,zob_gda,5,50000,1800,4.1303013974381e-11,0.0,True,2.0651506983388073e-11,49996,1.5237925000255927,0,completed,3.2430074482098554e-09,1.921016207074643e-09,True,True,True,49996.0,,,none,,,600.0,600.0,600.0
MATRIX2,zob_gda,6,50000,1800,9.341251497522707e-13,0.0,True,4.670625710737085e-13,49996,1.5441867919871584,0,completed,1.0811019419099665e-09,3.977787778000479e-09,True,True,True,49996.0,,,none,,,550.0,550.0,550.0
MATRIX2,zob_gda,7,50000,1800,3.372678104026594e-12,0.0,True,1.68633904821087e-12,49996,1.5582968749804422,0,completed,1.0816215010624511e-09,3.994745782659477e-09,True,True,True,49996.0,,,none,,,550.0,550.0,550.0
MATRIX2,zob_gda,8,50000,1800,1.657193415440621e-15,0.0,True,8.28592905293464e-16,49996,1.558356749941595,0,completed,1.0806904767651836e-09,4.790758567620879e-09,True,True,True,49996.0,,,none,,,550.0,550.0,550.0
MATRIX2,zob_gda,9,50000,1800,7.184896378350267e-12,0.0,True,3.5924481853727066e-12,49996,1.596246957895346,0,completed,1.081109488412115e-09,4.075942356353063e-09,True,True,True,49996.0,,,none,,,600.0,600.0,600.0
MATRIX2,zob_gda,10,50000,1800,1.9721423265495018e-12,0.0,True,9.86071159472324e-13,49996,1.5776580000529066,0,completed,3.591676750523316e-10,3.906945299673084e-09,True,True,True,49996.0,,,none,,,550.0,550.0,550.0
MATRIX2,nomad_default,1,50000,1800,0.000259615479331572,0.0,True,0.000129807739665786,700,4.425330500002019,0,nomad_done:1,14448.374089708585,5421.614008592789,True,True,True,702.0,,,none,True,362436069 521288629 1588437975,650.0,700.0,700.0
MATRIX2,nomad_default,2,50000,1800,0.0001896150837478567,0.0,True,9.480754187392835e-05,2150,17.488489499955904,0,nomad_done:1,77917.48238954986,12809.940595267879,True,True,True,2183.0,,,none,True,521288629 1588437975 2268752316,1150.0,1250.0,1900.0
MATRIX2,nomad_default,3,50000,1800,0.0008909333479916666,0.0,True,0.0004454666739958333,700,4.795855708012823,0,nomad_done:1,1100682.5276706042,30400.583173101488,True,True,True,735.0,,,none,True,1588437975 2268752316 3071397075,600.0,700.0,700.0
MATRIX2,nomad_default,4,50000,1800,0.013832691790559773,0.0,True,0.006916345895279887,1250,8.175373832986224,0,nomad_done:1,3.0833659312649138,0.015778501119931287,True,True,False,1293.0,,,none,True,2268752316 3071397075 1066942004,1200.0,1200.0,inf
MATRIX2,nomad_default,5,50000,1800,1.245479728141203e-05,0.0,True,6.227398640706011e-06,650,4.048401499981992,0,nomad_done:1,0.20160813812304873,0.08352642581463157,True,True,True,673.0,,,none,True,3071397075 1066942004 2996772340,600.0,600.0,600.0
MATRIX2,nomad_default,6,50000,1800,0.013832691790559773,0.0,True,0.006916345895279887,1250,8.152164208993781,0,nomad_done:1,3.0833659312649138,0.015778501119931287,True,True,False,1293.0,,,none,True,1066942004 2996772340 86133791,1200.0,1200.0,inf
MATRIX2,nomad_default,7,50000,1800,1.245479728141203e-05,0.0,True,6.227398640706011e-06,650,3.990263833955396,0,nomad_done:1,0.20160813812304873,0.08352642581463157,True,True,True,673.0,,,none,True,2996772340 86133791 3042881956,600.0,600.0,600.0
MATRIX2,nomad_default,8,50000,1800,0.0023706410059341227,0.0,True,0.0011853205029670614,650,4.563477957970463,0,nomad_done:1,0.006039611205222099,1.0617646865220255e-09,True,True,False,682.0,,,none,True,86133791 3042881956 1313616534,600.0,600.0,inf
MATRIX2,nomad_default,9,50000,1800,0.0023072249885096267,0.0,True,0.0011536124942548133,700,4.948763583030086,0,nomad_done:1,0.83434641121328,1.576224037695889e-05,True,True,False,719.0,,,none,True,3042881956 1313616534 646932915,650.0,700.0,inf
MATRIX2,nomad_default,10,50000,1800,0.061086208326851694,0.0,True,0.030543104163425847,650,4.733363167033531,0,nomad_done:1,218879.92346192407,108142.80051417134,True,False,False,682.0,,,none,True,1313616534 646932915 1705310046,600.0,inf,inf
MATRIX2,zoagp,1,50000,1800,2.0,0.0,True,1.0,49995,2.526056917035021,0,query_limit,5.679122355140296e+29,2.840915895156921e+29,False,False,False,49995.0,7142.0,,none,,,inf,inf,inf
MATRIX2,zominmax,1,50000,1800,1.7547203226857596e-11,0.0,True,8.773601609626372e-12,49999,1.2309015409555286,0,query_limit,1.341732843664461e+28,9.80479177697117e+26,True,True,True,49999.0,24999.0,,none,,,250.0,600.0,600.0
MATRIX2,zominmax,2,50000,1800,2.9502984457922724e-09,0.0,True,1.4751492228923339e-09,49999,1.2277125000255182,0,query_limit,3.024830184564744e+29,8.383383222077455e+28,True,True,True,49999.0,24999.0,,none,,,250.0,250.0,250.0
MATRIX2,zominmax,3,50000,1800,2.0,0.0,True,1.0,49999,1.22614549996797,0,query_limit,8.359034353449768e+28,2.0924572236928357e+30,False,False,False,49999.0,24999.0,,none,,,inf,inf,inf
MATRIX2,zominmax,4,50000,1800,2.5971312992300166e-09,0.0,True,1.298565649611206e-09,49999,1.2586605419637635,0,query_limit,1.0031822217442372e+28,22066365.000379514,True,True,True,49999.0,24999.0,,none,,,400.0,400.0,400.0
MATRIX2,zominmax,5,50000,1800,4.1809806811823826e-10,0.0,True,2.090490340553167e-10,49999,1.247135250014253,0,query_limit,1.6111933346731754e+29,1.0633563104964807e+28,True,True,True,49999.0,24999.0,,none,,,150.0,300.0,750.0
MATRIX2,zominmax,6,50000,1800,7.0653402002070185e-09,0.0,True,3.5326701000997067e-09,49999,1.237933999975212,0,query_limit,5.890378110294827e+27,3.9163305413284556e+26,True,True,True,49999.0,24999.0,,none,,,300.0,300.0,400.0
MATRIX2,zominmax,7,50000,1800,2.057546251606113e-09,0.0,True,1.028773125799254e-09,49999,1.2318330409470946,0,query_limit,6.050071586580134e+26,1.0818987132682021e+27,True,True,True,49999.0,24999.0,,none,,,550.0,550.0,550.0
MATRIX2,zominmax,8,50000,1800,4.10430780375839e-12,0.0,True,2.052153898076768e-12,49999,1.2618661250453442,0,query_limit,5.977187401177945e-07,2.7685087310679994e-05,True,True,True,49999.0,24999.0,,none,,,150.0,950.0,950.0
MATRIX2,zominmax,9,50000,1800,2.47493314270275e-10,0.0,True,1.2374665713133507e-10,49999,1.2765375829767436,0,query_limit,4.7666686720577154e-06,3.250564434793626e-05,True,True,True,49999.0,24999.0,,none,,,50.0,200.0,200.0
MATRIX2,zominmax,10,50000,1800,1.498691720603664,0.0,True,0.749345860301832,49999,1.2715781660517678,0,query_limit,3.416256509165397e+29,275630682.5630142,False,False,False,49999.0,24999.0,,none,,,inf,inf,inf
MATRIX2,szo_conex,1,50000,1800,1.6642429548274104e-06,0.0,True,8.321214774137014e-07,49992,1.1257554159965366,0,query_limit,0.0006148047660395434,0.00047677246817998066,True,True,True,49992.0,4999.0,True,none,,,2550.0,2550.0,2550.0
MATRIX2,szo_conex,2,50000,1800,6.050063562008393e-06,0.0,True,3.0250317810041926e-06,49992,1.1240566249471158,0,query_limit,0.0006177094381315753,0.0003403567457753176,True,True,True,49992.0,4999.0,True,none,,,4550.0,4550.0,4750.0
MATRIX2,szo_conex,3,50000,1800,1.6385605939086598e-06,0.0,True,8.192802969543261e-07,49992,1.1286198339657858,0,query_limit,0.0007432980242189635,0.00019344480482043076,True,True,True,49992.0,4999.0,True,none,,,1150.0,1450.0,1600.0
MATRIX2,szo_conex,4,50000,1800,3.5034324299116535e-06,0.0,True,1.751716214955823e-06,49992,1.1166051250183955,0,query_limit,0.000537338008108558,0.0007407457252664446,True,True,True,49992.0,4999.0,True,none,,,4600.0,4600.0,4650.0
MATRIX2,szo_conex,5,50000,1800,5.0277793835960535e-06,0.0,True,2.513889691798023e-06,49992,1.120164915919304,0,query_limit,0.0007663545741779319,0.0002362112559197007,True,True,True,49992.0,4999.0,True,none,,,2250.0,2250.0,2400.0
MATRIX2,szo_conex,6,50000,1800,1.3608680359620667e-06,0.0,True,6.804340179810296e-07,49992,1.1250638749916106,0,query_limit,0.0006524000560153137,0.0001483796810732603,True,True,True,49992.0,4999.0,True,none,,,1750.0,1750.0,2300.0
MATRIX2,szo_conex,7,50000,1800,1.4623073044075741e-07,0.0,True,7.311536522037491e-08,49992,1.1147725420305505,0,query_limit,0.0008628466855654854,0.00029583987046262244,True,True,True,49992.0,4999.0,True,none,,,2750.0,2750.0,2750.0
MATRIX2,szo_conex,8,50000,1800,6.9686946335287385e-06,0.0,True,3.4843473167643654e-06,49992,1.1188275000313297,0,query_limit,0.000609713317419207,0.0005105793104971115,True,True,True,49992.0,4999.0,True,none,,,2450.0,2450.0,2700.0
MATRIX2,szo_conex,9,50000,1800,2.020439825314709e-06,0.0,True,1.0102199126573506e-06,49992,1.1295927499886602,0,query_limit,0.0005876098659476944,0.00015195584859319488,True,True,True,49992.0,4999.0,True,none,,,3900.0,3900.0,4250.0
MATRIX2,szo_conex,10,50000,1800,9.352354769656214e-07,0.0,True,4.676177384828069e-07,49992,1.1557539580389857,0,query_limit,0.0008671615489915833,0.00010834602955674038,True,True,True,49992.0,4999.0,True,none,,,1100.0,1450.0,1750.0
PENTAGON,zob_sgda,1,50000,1800,0.0001698947196997918,0.0,True,3.334696033699481e-05,49998,8.14174216601532,0,completed,0.00016996782165396072,3.6218330206569375e-05,True,True,True,49998.0,,,none,,,150.0,150.0,550.0
PENTAGON,zob_sgda,2,50000,1800,0.0001700196313653573,0.0,True,3.347187200256031e-05,49998,7.866283999988809,0,completed,0.00017007008879545466,1.4837599346322294e-05,True,True,True,49998.0,,,none,,,150.0,150.0,550.0
PENTAGON,zob_sgda,3,50000,1800,0.00016859227048250425,0.0,True,3.204451111970725e-05,49998,8.02482683409471,0,completed,0.00016861536821516075,1.1124216131872017e-05,True,True,True,49998.0,,,none,,,100.0,100.0,550.0
PENTAGON,zob_sgda,4,50000,1800,0.0001671421534341904,0.0,True,3.059439407139341e-05,49998,8.045855875010602,0,completed,0.00016714668620725802,6.379431368592682e-05,True,True,True,49998.0,,,none,,,150.0,150.0,450.0
PENTAGON,zob_sgda,5,50000,1800,0.00017066632875627357,0.0,True,3.411856939347657e-05,49998,7.803663208032958,0,completed,0.00017066632875627357,3.332599004632811e-05,True,True,True,49998.0,,,none,,,150.0,150.0,550.0
PENTAGON,zob_sgda,6,50000,1800,0.00016791388512948143,0.0,True,3.136612576668443e-05,49998,8.136669792002067,0,completed,0.00016794507787122433,2.3560823842824545e-05,True,True,True,49998.0,,,none,,,150.0,150.0,550.0
PENTAGON,zob_sgda,7,50000,1800,0.00016695153357987915,0.0,True,3.0403774217082155e-05,49998,7.816105208941735,0,completed,0.00016695153357987915,3.5610162147885586e-05,True,True,True,49998.0,,,none,,,150.0,150.0,550.0
PENTAGON,zob_sgda,8,50000,1800,0.00016645070325184367,0.0,True,2.9902943889046675e-05,49998,7.993617165950127,0,completed,0.00016649273866242828,3.035191879446985e-05,True,True,True,49998.0,,,none,,,150.0,150.0,600.0
PENTAGON,zob_sgda,9,50000,1800,0.00016851473663450847,0.0,True,3.196697727171147e-05,49998,7.888814416946843,0,completed,0.00016851473663450847,3.257407533286107e-05,True,True,True,49998.0,,,none,,,150.0,150.0,550.0
PENTAGON,zob_sgda,10,50000,1800,0.0001710545394502956,0.0,True,3.4506780087498597e-05,49998,7.851470791967586,0,completed,0.00017108177170149547,3.9439972483051674e-05,True,True,True,49998.0,,,none,,,150.0,150.0,600.0
PENTAGON,zob_gda,1,50000,1800,0.00016063551335283383,0.0,True,2.408775399003683e-05,49996,3.0357869170838967,0,completed,0.00015865283387949,0.001003764838680577,True,True,True,49996.0,,,none,,,200.0,200.0,650.0
PENTAGON,zob_gda,2,50000,1800,0.00016071001461756454,0.0,True,2.4162255254767535e-05,49996,3.1095115419011563,0,completed,0.0001613733035567808,0.0006830391181474811,True,True,True,49996.0,,,none,,,150.0,150.0,500.0
PENTAGON,zob_gda,3,50000,1800,0.00016088255203721886,0.0,True,2.4334792674421857e-05,49996,3.0867687499849126,0,completed,0.00016006804239710446,0.0005829762843618672,True,True,True,49996.0,,,none,,,150.0,150.0,550.0
PENTAGON,zob_gda,4,50000,1800,0.00016470259172025637,0.0,True,2.8154832357459367e-05,49996,3.069811666966416,0,completed,0.0001622103568646943,0.0008822524091339231,True,True,True,49996.0,,,none,,,150.0,150.0,600.0
PENTAGON,zob_gda,5,50000,1800,0.00016064346453294778,0.0,True,2.409570517015078e-05,49996,3.0755727909272537,0,completed,0.0001603588036057575,0.00018693444637111865,True,True,True,49996.0,,,none,,,150.0,150.0,550.0
PENTAGON,zob_gda,6,50000,1800,0.00015876716516474034,0.0,True,2.2219405801943344e-05,49996,3.0576737079536542,0,completed,0.00015753231037817864,0.0005847128100467497,True,True,True,49996.0,,,none,,,150.0,150.0,500.0
PENTAGON,zob_gda,7,50000,1800,0.00016157654342384946,0.0,True,2.5028784061052457e-05,49996,3.026023916900158,0,completed,0.0001616370175911766,0.0008163328315941267,True,True,True,49996.0,,,none,,,150.0,150.0,500.0
PENTAGON,zob_gda,8,50000,1800,0.00016327075504055926,0.0,True,2.6722995677762264e-05,49996,3.057608207920566,0,completed,0.00016236654712259319,0.0008442176061306522,True,True,True,49996.0,,,none,,,150.0,150.0,550.0
PENTAGON,zob_gda,9,50000,1800,0.00015974949531339042,0.0,True,2.320173595059342e-05,49996,3.073416042025201,0,completed,0.00015914600838530266,0.0006798164590904565,True,True,True,49996.0,,,none,,,200.0,200.0,500.0
PENTAGON,zob_gda,10,50000,1800,0.00015938799504857423,0.0,True,2.2840235685777228e-05,49996,3.0697422500234097,0,completed,0.00015889771367566692,0.00021669923343794768,True,True,True,49996.0,,,none,,,150.0,150.0,550.0
PENTAGON,nomad_default,1,50000,1800,0.002702331965305401,0.0,True,0.002565784205942604,700,10.887162500002887,0,nomad_done:1,5.034188941813063e-47,1127.9254443634345,True,True,False,735.0,,,none,True,362436069 521288629 1588437975,600.0,700.0,inf
PENTAGON,nomad_default,2,50000,1800,0.0007766167388006814,0.0,True,0.0006400689794378844,700,10.989657292026095,0,nomad_done:1,1.6550328875137347e-40,955.6108391368289,True,True,True,736.0,,,none,True,521288629 1588437975 2268752316,700.0,700.0,700.0
PENTAGON,nomad_default,3,50000,1800,0.00020136095461931197,0.0,True,6.481319525651497e-05,750,14.240308874985203,0,nomad_done:1,7.360251398923509,0.11831637908050434,True,True,True,787.0,,,none,True,1588437975 2268752316 3071397075,700.0,700.0,700.0
PENTAGON,nomad_default,4,50000,1800,0.0006520772047380961,0.0,True,0.0005155294453752991,800,14.82997737498954,0,nomad_done:1,1.4941783047148334e-05,0.3303097518392333,True,True,True,823.0,,,none,True,2268752316 3071397075 1066942004,700.0,750.0,800.0
PENTAGON,nomad_default,5,50000,1800,0.0014305971969302245,0.0,True,0.0012940494375674276,800,13.229663916979916,0,nomad_done:1,0.014952701033236667,0.0,True,True,False,832.0,,,none,True,3071397075 1066942004 2996772340,800.0,800.0,inf
PENTAGON,nomad_default,6,50000,1800,0.0006520772047380961,0.0,True,0.0005155294453752991,800,16.433841500023846,0,nomad_done:1,1.4941783047148334e-05,0.3303097518392333,True,True,True,823.0,,,none,True,1066942004 2996772340 86133791,700.0,750.0,800.0
PENTAGON,nomad_default,7,50000,1800,0.0014305971969302245,0.0,True,0.0012940494375674276,800,13.791168625000864,0,nomad_done:1,0.014952701033236667,0.0,True,True,False,832.0,,,none,True,2996772340 86133791 3042881956,800.0,800.0,inf
PENTAGON,nomad_default,8,50000,1800,0.0002278252867840902,0.0,True,9.12775274212932e-05,750,11.838440541003365,0,nomad_done:1,5.4164925647474545e-12,21.903301881191098,True,True,True,784.0,,,none,True,86133791 3042881956 1313616534,750.0,750.0,750.0
PENTAGON,nomad_default,9,50000,1800,0.0025660096154152185,0.0,True,0.0024294618560524216,850,14.477315708994865,0,nomad_done:1,2.432827096639566e+52,0.0,True,True,False,867.0,,,none,True,3042881956 1313616534 646932915,700.0,850.0,inf
PENTAGON,nomad_default,10,50000,1800,0.0023093622151700807,0.0,True,0.0021728144558072838,750,12.014282792049926,0,nomad_done:1,2.657895018476499e-52,1811.7396470351812,True,True,False,790.0,,,none,True,1313616534 646932915 1705310046,600.0,600.0,inf
PENTAGON,zoagp,1,50000,1800,0.0001504414409018851,0.0,True,1.3893681539088089e-05,49995,4.236534249968827,0,query_limit,0.0001504605800308435,1.8154050502031657e-05,True,True,True,49995.0,7142.0,,none,,,200.0,200.0,200.0
PENTAGON,zominmax,1,50000,1800,0.00014592048517055695,0.0,True,9.372725807759954e-06,49999,2.181952959042974,0,query_limit,0.00014616920203755653,0.00030626074555879177,True,True,True,49999.0,24999.0,,none,,,450.0,450.0,450.0
PENTAGON,zominmax,2,50000,1800,0.00014407461429800106,0.0,True,7.526854935204061e-06,49999,2.192893334082328,0,query_limit,0.00014407672730181755,0.0019464629978694261,True,True,True,49999.0,24999.0,,none,,,400.0,400.0,400.0
PENTAGON,zominmax,3,50000,1800,0.0001512016593949546,0.0,True,1.4653900032157605e-05,49999,2.1648776659276336,0,query_limit,0.00015223295389778682,0.0022072607234453452,True,True,True,49999.0,24999.0,,none,,,450.0,450.0,450.0
PENTAGON,zominmax,4,50000,1800,0.00015061516359023098,0.0,True,1.4067404227433982e-05,49999,2.1557744999881834,0,query_limit,0.00014982800654146937,0.0014328071701582823,True,True,True,49999.0,24999.0,,none,,,400.0,400.0,400.0
PENTAGON,zominmax,5,50000,1800,0.0001465367608516596,0.0,True,9.989001488862597e-06,49999,2.1992074580630288,0,query_limit,0.00014634649749875362,0.001057242236471594,True,True,True,49999.0,24999.0,,none,,,400.0,400.0,400.0
PENTAGON,zominmax,6,50000,1800,0.00014347237356544527,0.0,True,6.924614202648272e-06,49999,2.2143032499589026,0,query_limit,0.00014278719567774816,0.0015010662597355008,True,True,True,49999.0,24999.0,,none,,,450.0,450.0,450.0
PENTAGON,zominmax,7,50000,1800,0.00015092824205644383,0.0,True,1.4380482693646834e-05,49999,2.217967457952909,0,query_limit,0.0001488328303553048,0.0014419720031201531,True,True,True,49999.0,24999.0,,none,,,400.0,400.0,400.0
PENTAGON,zominmax,8,50000,1800,0.000145425061059759,0.0,True,8.877301696961999e-06,49999,2.212805208051577,0,query_limit,0.00014487623326367633,0.000692512867747741,True,True,True,49999.0,24999.0,,none,,,250.0,250.0,250.0
PENTAGON,zominmax,9,50000,1800,0.00014927355962444222,0.0,True,1.2725800261645224e-05,49999,2.2026563331019133,0,query_limit,0.00014937938110999599,0.0019322478539226312,True,True,True,49999.0,24999.0,,none,,,450.0,450.0,450.0
PENTAGON,zominmax,10,50000,1800,0.00014133423417567233,0.0,True,4.7864748128753284e-06,49999,2.193870584014803,0,query_limit,0.00013897165851112282,0.0036955650597586694,True,True,True,49999.0,24999.0,,none,,,300.0,300.0,300.0
PENTAGON,szo_conex,1,50000,1800,0.00043147080019966075,0.0,True,0.0002949230408368637,49974,1.8009503749199212,0,query_limit,0.0006493743055741908,0.0,True,True,True,49974.0,806.0,True,none,,,6750.0,6750.0,8150.0
PENTAGON,szo_conex,2,50000,1800,0.0003728516530061817,0.0,True,0.00023630389364338468,49974,1.7833944169105962,0,query_limit,0.0006918562717595438,0.0,True,True,True,49974.0,806.0,True,none,,,6250.0,6250.0,6250.0
PENTAGON,szo_conex,3,50000,1800,0.00042124554081050895,0.0,True,0.000284697781447712,49974,1.7869332920527086,0,query_limit,0.0007751870039778616,0.0,True,True,True,49974.0,806.0,True,none,,,6250.0,6250.0,6250.0
PENTAGON,szo_conex,4,50000,1800,0.0003703788737155261,0.0,True,0.00023383111435272913,49974,1.7580452909460291,0,query_limit,0.0006991473498072778,0.0,True,True,True,49974.0,806.0,True,none,,,5650.0,5650.0,6050.0
PENTAGON,szo_conex,5,50000,1800,0.0004099952713998666,0.0,True,0.00027344751203706955,49974,1.7727445419877768,0,query_limit,0.0004688216473006119,0.0,True,True,True,49974.0,806.0,True,none,,,5550.0,5550.0,5550.0
PENTAGON,szo_conex,6,50000,1800,0.00041935004701004156,0.0,True,0.00028280228764724453,49974,1.7525336670223624,0,query_limit,0.0006205066565206989,0.0,True,True,True,49974.0,806.0,True,none,,,6200.0,6200.0,6200.0
PENTAGON,szo_conex,7,50000,1800,0.00040495184752690317,0.0,True,0.0002684040881641062,49974,1.7867576249409467,0,query_limit,0.0007849301661646169,0.0,True,True,True,49974.0,806.0,True,none,,,6250.0,6250.0,9850.0
PENTAGON,szo_conex,8,50000,1800,0.00041279250136584347,0.0,True,0.0002762447420030465,49974,1.8260934579884633,0,query_limit,0.0006650973730475761,0.0,True,True,True,49974.0,806.0,True,none,,,5950.0,5950.0,5950.0
PENTAGON,szo_conex,9,50000,1800,0.00039404465193138124,0.0,True,0.0002574968925685842,49974,1.7566388749983162,0,query_limit,0.0006425468073191082,0.0,True,True,True,49974.0,806.0,True,none,,,5000.0,5000.0,5700.0
PENTAGON,szo_conex,10,50000,1800,0.0003833166143634156,0.0,True,0.00024676885500061856,49974,1.7679327500518411,0,query_limit,0.0006417554063934622,0.0,True,True,True,49974.0,806.0,True,none,,,5800.0,5800.0,5800.0
HS100,zob_sgda,1,50000,1800,0.9534036565668891,0.0,True,0.00014238265258081917,49998,4.776345832971856,0,completed,0.9517548168794218,0.08707884858034622,True,True,True,49998.0,,,none,,,1.0,7700.0,20700.0
HS100,zob_sgda,2,50000,1800,0.9533920169390335,0.0,True,0.0001307430247252661,49998,4.635443583014421,0,completed,0.9543667590608037,0.0,True,True,True,49998.0,,,none,,,1.0,8100.0,20650.0
HS100,zob_sgda,3,50000,1800,0.953416609780354,0.0,True,0.00015533586604576932,49998,3.4730464580934495,0,completed,0.9558021939163778,0.004704924564741059,True,True,True,49998.0,,,none,,,1.0,7450.0,20050.0
HS100,zob_sgda,4,50000,1800,0.9533857172138507,0.0,True,0.0001244432995424205,49998,3.5981209999881685,0,completed,0.9568040566790943,0.014330842802097295,True,True,True,49998.0,,,none,,,1.0,8200.0,21350.0
HS100,zob_sgda,5,50000,1800,0.9533898322259367,0.0,True,0.0001285583116283906,49998,3.3714487079996616,0,completed,0.9621346841061932,0.018104199781700504,True,True,True,49998.0,,,none,,,1.0,7400.0,20600.0
HS100,zob_sgda,6,50000,1800,0.9534000730980186,0.0,True,0.00013879918371029198,49998,3.476097874925472,0,completed,0.9510219365252643,0.11826010949253994,True,True,True,49998.0,,,none,,,1.0,7800.0,21350.0
HS100,zob_sgda,7,50000,1800,0.9533859924716969,0.0,True,0.00012471855738860338,49998,3.427296624984592,0,completed,0.9525951181136657,0.03645103026695569,True,True,True,49998.0,,,none,,,1.0,8250.0,21250.0
HS100,zob_sgda,8,50000,1800,0.9533923660728866,0.0,True,0.00013109215857831646,49998,3.3867273329524323,0,completed,0.9522531006835113,0.05656382375998266,True,True,True,49998.0,,,none,,,1.0,7650.0,20700.0
HS100,zob_sgda,9,50000,1800,0.9533885274714404,0.0,True,0.00012725355713216757,49998,3.431072208099067,0,completed,0.9601553133365002,0.0,True,True,True,49998.0,,,none,,,1.0,8150.0,20400.0
HS100,zob_sgda,10,50000,1800,0.9534298898279415,0.0,True,0.00016861591363326323,49998,3.2853826669743285,0,completed,0.9517606445367459,0.08446297355218764,True,True,True,49998.0,,,none,,,1.0,8100.0,23100.0
HS100,zob_gda,1,50000,1800,0.9533329464781041,0.0,True,7.167256379581044e-05,49996,1.9259261670522392,0,completed,0.9588777252697694,0.02443676903225514,True,True,True,49996.0,,,none,,,1.0,4600.0,12750.0
HS100,zob_gda,2,50000,1800,0.9533146433974019,0.0,True,5.3369483093645975e-05,49996,1.9802389160031453,0,completed,0.9533216672336688,0.01651873758909496,True,True,True,49996.0,,,none,,,1.0,4400.0,12550.0
HS100,zob_gda,3,50000,1800,0.9533188031926909,0.0,True,5.752927838265087e-05,49996,1.9705862909322605,0,completed,0.9523818529415056,0.06479784622442034,True,True,True,49996.0,,,none,,,1.0,4350.0,11450.0
HS100,zob_gda,4,50000,1800,0.953325087161918,0.0,True,6.381324760973417e-05,49996,1.9413049590075389,0,completed,0.9541423893388732,0.000522493986983022,True,True,True,49996.0,,,none,,,1.0,4550.0,11350.0
HS100,zob_gda,5,50000,1800,0.9533706937465112,0.0,True,0.00010941983220291718,49996,1.8383173750480637,0,completed,0.9576411968330335,0.015460686318900643,True,True,True,49996.0,,,none,,,1.0,4400.0,11750.0
HS100,zob_gda,6,50000,1800,0.95334724308713,0.0,True,8.596917282177596e-05,49996,1.836843042052351,0,completed,0.9556328828210338,0.0,True,True,True,49996.0,,,none,,,1.0,4700.0,12300.0
HS100,zob_gda,7,50000,1800,0.9533082311536923,0.0,True,4.695723938408225e-05,49996,1.8284076250856742,0,completed,0.9584131230145588,0.01643019892603044,True,True,True,49996.0,,,none,,,1.0,4450.0,12500.0
HS100,zob_gda,8,50000,1800,0.9533538115549055,0.0,True,9.253764059724556e-05,49996,1.8455555000109598,0,completed,0.9540808114960936,0.0,True,True,True,49996.0,,,none,,,1.0,4500.0,12250.0
HS100,zob_gda,9,50000,1800,0.953351255602186,0.0,True,8.99816878777715e-05,49996,1.8577511670300737,0,completed,0.9517884596414441,0.07185290074341293,True,True,True,49996.0,,,none,,,1.0,4550.0,12600.0
HS100,zob_gda,10,50000,1800,0.9533606660935802,0.0,True,9.939217927190658e-05,49996,1.8607730410294607,0,completed,0.9533986511981576,0.0021093461791744737,True,True,True,49996.0,,,none,,,1.0,4450.0,11900.0
HS100,nomad_default,1,50000,1800,1.0,0.0,True,0.04673872608569174,1850,3.9078888749936596,0,nomad_done:1,9293941.863946902,160.73677470393034,True,False,False,1859.0,,,none,True,362436069 521288629 1588437975,1.0,inf,inf
HS100,nomad_default,2,50000,1800,1.0,0.0,True,0.04673872608569174,1900,7.87260362500092,0,nomad_done:1,181999442643.8046,0.0,True,False,False,1935.0,,,none,True,521288629 1588437975 2268752316,1.0,inf,inf
HS100,nomad_default,3,50000,1800,1.0,0.0,True,0.04673872608569174,1800,5.08437816699734,0,nomad_done:1,32630877.68499185,2.9582011167251117,True,False,False,1821.0,,,none,True,1588437975 2268752316 3071397075,1.0,inf,inf
HS100,nomad_default,4,50000,1800,1.0,0.0,True,0.04673872608569174,2100,2.692488999979105,0,nomad_done:1,32808225469441.83,357.44988641842446,True,False,False,2149.0,,,none,True,2268752316 3071397075 1066942004,1.0,inf,inf
HS100,nomad_default,5,50000,1800,1.0,0.0,True,0.04673872608569174,2150,4.064675458997954,0,nomad_done:1,2497064699803.143,186.69446924189043,True,False,False,2173.0,,,none,True,3071397075 1066942004 2996772340,1.0,inf,inf
HS100,nomad_default,6,50000,1800,1.0,0.0,True,0.04673872608569174,2100,2.675533749978058,0,nomad_done:1,32808225469441.83,357.44988641842446,True,False,False,2149.0,,,none,True,1066942004 2996772340 86133791,1.0,inf,inf
HS100,nomad_default,7,50000,1800,1.0,0.0,True,0.04673872608569174,2150,4.14537158299936,0,nomad_done:1,2497064699803.143,186.69446924189043,True,False,False,2173.0,,,none,True,2996772340 86133791 3042881956,1.0,inf,inf
HS100,nomad_default,8,50000,1800,1.0,0.0,True,0.04673872608569174,1600,3.5572921659913845,0,nomad_done:1,24105659438.50361,20.35606544016808,True,False,False,1647.0,,,none,True,86133791 3042881956 1313616534,1.0,inf,inf
HS100,nomad_default,9,50000,1800,1.0,0.0,True,0.04673872608569174,2150,4.096667582984082,0,nomad_done:1,146931232.22317147,0.0,True,False,False,2158.0,,,none,True,3042881956 1313616534 646932915,1.0,inf,inf
HS100,nomad_default,10,50000,1800,1.0,0.0,True,0.04673872608569174,2200,5.141841750009917,0,nomad_done:1,15009642.262194678,0.0,True,False,False,2243.0,,,none,True,1313616534 646932915 1705310046,1.0,inf,inf
HS100,zoagp,1,50000,1800,0.9535021679851021,0.0,True,0.00024089407079386227,49993,1.2489132499322295,0,query_limit,0.9532584953663061,0.00023338643332347322,True,True,True,49993.0,6249.0,,none,,,1.0,1050.0,2850.0
HS100,zominmax,1,50000,1800,0.9532614648718519,0.0,True,1.909575436664923e-07,49999,1.4422677090624347,0,query_limit,0.9534668208270615,0.0,True,True,True,49999.0,24999.0,,none,,,1.0,1050.0,2200.0
HS100,zominmax,2,50000,1800,0.9532614254573473,0.0,True,1.5154303900644095e-07,49999,1.427887290949002,0,query_limit,0.953276819325025,0.001247583801185878,True,True,True,49999.0,24999.0,,none,,,1.0,750.0,1950.0
HS100,zominmax,3,50000,1800,0.9532615332864957,0.0,True,2.5937218739446877e-07,49999,1.4429587080376223,0,query_limit,0.9532488217813162,0.0006409569416464278,True,True,True,49999.0,24999.0,,none,,,1.0,800.0,2050.0
HS100,zominmax,4,50000,1800,0.9532618155222887,0.0,True,5.416079804643203e-07,49999,1.4504759579431266,0,query_limit,0.9530876431770329,0.009498918505193807,True,True,True,49999.0,24999.0,,none,,,1.0,700.0,1750.0
HS100,zominmax,5,50000,1800,0.9532614152102373,0.0,True,1.4129592906808597e-07,49999,1.4638606670778245,0,query_limit,0.9532605818737189,0.0004855581018983618,True,True,True,49999.0,24999.0,,none,,,1.0,800.0,1850.0
HS100,zominmax,6,50000,1800,0.9532614209531772,0.0,True,1.470388689694957e-07,49999,1.4476402500877157,0,query_limit,0.9537656161546222,0.03927355005818141,True,True,True,49999.0,24999.0,,none,,,1.0,950.0,2100.0
HS100,zominmax,7,50000,1800,0.9532612739143083,0.0,True,0.0,49999,1.4843743341043591,0,query_limit,0.9533053461809379,0.0003385017950598701,True,True,True,49999.0,24999.0,,none,,,1.0,700.0,1850.0
HS100,zominmax,8,50000,1800,0.9532612964189504,0.0,True,2.250464214981207e-08,49999,1.4644614169374108,0,query_limit,0.9533592797136794,0.0,True,True,True,49999.0,24999.0,,none,,,1.0,650.0,2050.0
HS100,zominmax,9,50000,1800,0.9532613939049455,0.0,True,1.1999063720402603e-07,49999,1.4689269999507815,0,query_limit,0.9532711825765305,0.003002640312418342,True,True,True,49999.0,24999.0,,none,,,1.0,850.0,2000.0
HS100,zominmax,10,50000,1800,0.9532615428234648,0.0,True,2.6890915649779856e-07,49999,1.474915208062157,0,query_limit,0.9533331303343203,0.0,True,True,True,49999.0,24999.0,,none,,,1.0,800.0,2250.0
HS100,szo_conex,1,50000,1800,0.9546874864282986,0.0,True,0.0014262125139903326,49988,1.2180263330228627,0,query_limit,0.9652175377719225,0.0,True,True,False,49988.0,2777.0,True,none,,,1.0,27400.0,inf
HS100,szo_conex,2,50000,1800,0.9610574123387556,0.0,True,0.007796138424447374,49988,1.2010605409741402,0,query_limit,0.9680665953981074,0.0,True,True,False,49988.0,2777.0,True,none,,,1.0,40800.0,inf
HS100,szo_conex,3,50000,1800,0.9574736793539662,0.0,True,0.004212405439657951,49988,1.2145135420141742,0,query_limit,0.9685363282779839,0.0,True,True,False,49988.0,2777.0,True,none,,,1.0,29650.0,inf
HS100,szo_conex,4,50000,1800,0.9550808830931823,0.0,True,0.0018196091788740265,49988,1.2098714580060914,0,query_limit,0.965085453919841,0.0,True,True,False,49988.0,2777.0,True,none,,,1.0,24700.0,inf
HS100,szo_conex,5,50000,1800,0.958873888104442,0.0,True,0.005612614190133702,49988,1.2222090830327943,0,query_limit,0.9696099830762068,0.0,True,True,False,49988.0,2777.0,True,none,,,1.0,27850.0,inf
HS100,szo_conex,6,50000,1800,0.9567695905671915,0.0,True,0.0035083166528832033,49988,1.2070628750370815,0,query_limit,0.9656086655393376,0.0,True,True,False,49988.0,2777.0,True,none,,,1.0,20650.0,inf
HS100,szo_conex,7,50000,1800,0.9576367100144523,0.0,True,0.0043754361001440145,49988,1.2313658749917522,0,query_limit,0.9672199106392435,0.0,True,True,False,49988.0,2777.0,True,none,,,1.0,26800.0,inf
HS100,szo_conex,8,50000,1800,0.9557394585551037,0.0,True,0.002478184640795411,49988,1.2108167499536648,0,query_limit,0.9676039371309371,0.0,True,True,False,49988.0,2777.0,True,none,,,1.0,34900.0,inf
HS100,szo_conex,9,50000,1800,0.9579985650005589,0.0,True,0.00473729108625065,49988,1.2146086250431836,0,query_limit,0.9682363175902312,0.0,True,True,False,49988.0,2777.0,True,none,,,1.0,39500.0,inf
HS100,szo_conex,10,50000,1800,0.957945252299629,0.0,True,0.004683978385320753,49988,1.214973916998133,0,query_limit,0.9667974914748947,0.0,True,True,False,49988.0,2777.0,True,none,,,1.0,25500.0,inf
HS101,zob_sgda,1,50000,1800,inf,0.007796744849904377,False,inf,49998,3.598090749932453,0,completed,16.009042644529984,1048.9543231618254,False,False,False,49998.0,,,none,,,inf,inf,inf
HS101,zob_sgda,2,50000,1800,inf,0.007986623187919546,False,inf,49998,3.6442002909025177,0,completed,0.15868026067123278,198.63908438112392,False,False,False,49998.0,,,none,,,inf,inf,inf
HS101,zob_sgda,3,50000,1800,inf,0.0076433341843593055,False,inf,49998,3.497664083028212,0,completed,1440.5092499572893,3997.541049562237,False,False,False,49998.0,,,none,,,inf,inf,inf
HS101,zob_sgda,4,50000,1800,inf,0.010959112048870245,False,inf,49998,3.4722623330308124,0,completed,0.15870139351282017,242.20156936575052,False,False,False,49998.0,,,none,,,inf,inf,inf
HS101,zob_sgda,5,50000,1800,inf,0.004758557000476107,False,inf,49998,3.316080915974453,0,completed,5.044729659190293,106.08232521368002,False,False,False,49998.0,,,none,,,inf,inf,inf
HS101,zob_sgda,6,50000,1800,inf,0.0053009276300857045,False,inf,49998,3.3186408339533955,0,completed,0.0947368099544356,150.79092008930783,False,False,False,49998.0,,,none,,,inf,inf,inf
HS101,zob_sgda,7,50000,1800,inf,0.006770951142652899,False,inf,49998,3.3712450839811936,0,completed,0.16046071141768342,193.5610068893015,False,False,False,49998.0,,,none,,,inf,inf,inf
HS101,zob_sgda,8,50000,1800,inf,0.00976182820631653,False,inf,49998,3.3685197080485523,0,completed,2625.3333522195844,7288.640297133641,False,False,False,49998.0,,,none,,,inf,inf,inf
HS101,zob_sgda,9,50000,1800,inf,0.00711320282167981,False,inf,49998,3.3462174999294803,0,completed,0.17960724763569283,487.7883071160839,False,False,False,49998.0,,,none,,,inf,inf,inf
HS101,zob_sgda,10,50000,1800,inf,0.008275612931048651,False,inf,49998,3.3986661250237375,0,completed,25523.116549035323,70892.07046554743,False,False,False,49998.0,,,none,,,inf,inf,inf
HS101,zob_gda,1,50000,1800,inf,0.003062033515033389,False,inf,49996,2.0058279170189053,0,completed,3.8281623193829706,106.51681888292457,False,False,False,49996.0,,,none,,,inf,inf,inf
HS101,zob_gda,2,50000,1800,inf,0.005672648579040603,False,inf,49996,2.044097333913669,0,completed,913.474282081066,5143.596877744357,False,False,False,49996.0,,,none,,,inf,inf,inf
HS101,zob_gda,3,50000,1800,inf,0.0035113896724385174,False,inf,49996,2.043362000025809,0,completed,21.518517431646966,184.14289055036735,False,False,False,49996.0,,,none,,,inf,inf,inf
HS101,zob_gda,4,50000,1800,inf,0.006944992495359215,False,inf,49996,2.031454750103876,0,completed,14.428942768874489,36.30172551177409,False,False,False,49996.0,,,none,,,inf,inf,inf
HS101,zob_gda,5,50000,1800,inf,0.00325506806059446,False,inf,49996,2.005109666963108,0,completed,3.5843190733247363,6.178492184167761,False,False,False,49996.0,,,none,,,inf,inf,inf
HS101,zob_gda,6,50000,1800,inf,0.0035799587393862574,False,inf,49996,2.0032546250149608,0,completed,6.974191111447565,15.59457790754849,False,False,False,49996.0,,,none,,,inf,inf,inf
HS101,zob_gda,7,50000,1800,inf,0.0045206578975404525,False,inf,49996,2.099328374955803,0,completed,0.09328165127130646,265.06243745759707,False,False,False,49996.0,,,none,,,inf,inf,inf
HS101,zob_gda,8,50000,1800,inf,0.007291702452898471,False,inf,49996,2.1215200410224497,0,completed,0.1405264657146918,2.0375232346013834,False,False,False,49996.0,,,none,,,inf,inf,inf
HS101,zob_gda,9,50000,1800,inf,0.005474676538399861,False,inf,49996,2.0292071669828147,0,completed,0.025173442167642286,1.1922412684225796,False,False,False,49996.0,,,none,,,inf,inf,inf
HS101,zob_gda,10,50000,1800,inf,0.006546837198286287,False,inf,49996,2.0742340000579134,0,completed,9.102329086596656,1892.765300413094,False,False,False,49996.0,,,none,,,inf,inf,inf
HS101,nomad_default,1,50000,1800,0.934011960373265,0.0,True,0.1084578891357647,3750,80.17471300001489,0,nomad_done:1,0.9354695486704673,9.787542890291166e-14,False,False,False,3769.0,,,none,True,362436069 521288629 1588437975,inf,inf,inf
HS101,nomad_default,2,50000,1800,0.8272645171927493,0.0,True,0.0017104459552490514,2200,39.287248499982525,0,nomad_done:1,0.8301854289821683,4.123761869909343e-07,True,True,False,2242.0,,,none,True,521288629 1588437975 2268752316,1050.0,1300.0,inf
HS101,nomad_default,3,50000,1800,0.901219862462393,0.0,True,0.07566579122489281,2850,65.97725825000089,0,nomad_done:1,0.9044943550044322,3.2745329952124294e-07,True,False,False,2868.0,,,none,True,1588437975 2268752316 3071397075,1300.0,inf,inf
HS101,nomad_default,4,50000,1800,0.8255540712375002,0.0,True,0.0,2750,55.42490554199321,0,nomad_done:1,0.8272889657188314,3.500932160917054e-07,True,True,True,2764.0,,,none,True,2268752316 3071397075 1066942004,400.0,600.0,1300.0
HS101,nomad_default,5,50000,1800,0.8929664744044133,0.0,True,0.0674124031669131,12350,540.0560130840167,0,nomad_done:1,0.894085531325169,8.247226559700653e-13,True,False,False,12350.0,,,none,True,3071397075 1066942004 2996772340,5600.0,inf,inf
HS101,nomad_default,6,50000,1800,0.8255540712375002,0.0,True,0.0,2750,53.875054834003095,0,nomad_done:1,0.8272889657188314,3.500932160917054e-07,True,True,True,2764.0,,,none,True,1066942004 2996772340 86133791,400.0,600.0,1300.0
HS101,nomad_default,7,50000,1800,0.8929664744044133,0.0,True,0.0674124031669131,12350,535.9181859999662,0,nomad_done:1,0.894085531325169,8.247226559700653e-13,True,False,False,12350.0,,,none,True,2996772340 86133791 3042881956,5600.0,inf,inf
HS101,nomad_default,8,50000,1800,0.8277409926866609,0.0,True,0.0021869214491606614,4800,110.34259587503038,0,nomad_done:1,0.8293055987775576,3.043006171362203e-11,True,True,False,4811.0,,,none,True,86133791 3042881956 1313616534,650.0,3700.0,inf
HS101,nomad_default,9,50000,1800,0.95499547096449,0.0,True,0.12944139972698976,5000,109.13940887496574,0,nomad_done:1,0.9581629895075273,1.7993230560866329e-07,False,False,False,5035.0,,,none,True,3042881956 1313616534 646932915,inf,inf,inf
HS101,nomad_default,10,50000,1800,0.8577129867563342,0.0,True,0.032158915518833986,7000,180.966217875015,0,nomad_done:1,0.8637912675876066,9.959748591190992e-14,True,False,False,7043.0,,,none,True,1313616534 646932915 1705310046,1200.0,inf,inf
HS101,zoagp,1,50000,1800,inf,0.03456824800109629,False,inf,49993,1.3627471670042723,0,query_limit,0.1822845351504426,0.047762481290042735,False,False,False,49993.0,6249.0,,none,,,inf,inf,inf
HS101,zominmax,1,50000,1800,inf,0.05766800244718509,False,inf,49999,1.5727330410154536,0,query_limit,680.1485747908594,1885.4786420327016,False,False,False,49999.0,24999.0,,none,,,inf,inf,inf
HS101,zominmax,2,50000,1800,inf,0.04468813830937893,False,inf,49999,1.5453464159509167,0,query_limit,680.1485747908594,1885.4786420327016,False,False,False,49999.0,24999.0,,none,,,inf,inf,inf
HS101,zominmax,3,50000,1800,inf,0.05447330204392274,False,inf,49999,1.5776204171124846,0,query_limit,0.21620143005356784,1666.218933335895,False,False,False,49999.0,24999.0,,none,,,inf,inf,inf
HS101,zominmax,4,50000,1800,inf,0.07647925744715298,False,inf,49999,1.565975208999589,0,query_limit,36094.30370813098,100255.77604750414,False,False,False,49999.0,24999.0,,none,,,inf,inf,inf
HS101,zominmax,5,50000,1800,inf,0.05259896384504299,False,inf,49999,1.560179291991517,0,query_limit,2113.6699415360654,5867.387080985309,False,False,False,49999.0,24999.0,,none,,,inf,inf,inf
HS101,zominmax,6,50000,1800,inf,0.07481415536844647,False,inf,49999,1.603751042042859,0,query_limit,47.45754534103395,128.04564671156834,False,False,False,49999.0,24999.0,,none,,,inf,inf,inf
HS101,zominmax,7,50000,1800,inf,0.07839922398222463,False,inf,49999,1.577620790922083,0,query_limit,913.4724715929128,2533.5850569338318,False,False,False,49999.0,24999.0,,none,,,inf,inf,inf
HS101,zominmax,8,50000,1800,inf,0.06340227365995901,False,inf,49999,1.576758333016187,0,query_limit,6026.020408326907,16734.767017725077,False,False,False,49999.0,24999.0,,none,,,inf,inf,inf
HS101,zominmax,9,50000,1800,inf,0.0930828706052825,False,inf,49999,1.5834439169848338,0,query_limit,4.066841341705243,975.7353589623951,False,False,False,49999.0,24999.0,,none,,,inf,inf,inf
HS101,zominmax,10,50000,1800,inf,0.06423684356723056,False,inf,49999,1.5905231249053031,0,query_limit,358.4846624171621,991.9891713487303,False,False,False,49999.0,24999.0,,none,,,inf,inf,inf
HS101,szo_conex,1,50000,1800,inf,0.059758353009922896,False,inf,17369,0.45729920908343047,0,oracle_domain_failure,,inf,False,False,False,17369.0,789.0,False,none,,,inf,inf,inf
HS101,szo_conex,2,50000,1800,inf,0.09686698084588488,False,inf,17168,0.43671987496782094,0,oracle_domain_failure,,inf,False,False,False,17168.0,780.0,False,none,,,inf,inf,inf
HS101,szo_conex,3,50000,1800,inf,0.11437649890710763,False,inf,17038,0.4271870420780033,0,oracle_domain_failure,,inf,False,False,False,17038.0,774.0,False,none,,,inf,inf,inf
HS101,szo_conex,4,50000,1800,inf,0.13670727665562335,False,inf,14561,0.37192562501877546,0,oracle_domain_failure,,inf,False,False,False,14561.0,661.0,False,none,,,inf,inf,inf
HS101,szo_conex,5,50000,1800,inf,0.06495227698907317,False,inf,17712,0.4501979999477044,0,oracle_domain_failure,,inf,False,False,False,17712.0,805.0,False,none,,,inf,inf,inf
HS101,szo_conex,6,50000,1800,inf,0.06594601299631542,False,inf,15625,0.40135104197543114,0,oracle_domain_failure,,inf,False,False,False,15625.0,710.0,False,none,,,inf,inf,inf
HS101,szo_conex,7,50000,1800,inf,0.12293232487570398,False,inf,14840,0.3738514579599723,0,oracle_domain_failure,,inf,False,False,False,14840.0,674.0,False,none,,,inf,inf,inf
HS101,szo_conex,8,50000,1800,inf,0.11875765767698751,False,inf,17118,0.4279067909810692,0,oracle_domain_failure,,inf,False,False,False,17118.0,778.0,False,none,,,inf,inf,inf
HS101,szo_conex,9,50000,1800,inf,0.12492591681733184,False,inf,16260,0.4094710409408435,0,oracle_domain_failure,,inf,False,False,False,16260.0,739.0,False,none,,,inf,inf,inf
HS101,szo_conex,10,50000,1800,inf,0.13839009478113035,False,inf,13471,0.3376651250291616,0,oracle_domain_failure,,inf,False,False,False,13471.0,612.0,False,none,,,inf,inf,inf
HS106,zob_sgda,1,50000,1800,1.0000033940633837,0.0,True,0.5286885992389225,49996,3.2676487918943167,0,completed,1.0000123388405087,0.0,False,False,False,49996.0,,,none,,,inf,inf,inf
HS106,zob_sgda,2,50000,1800,1.0000033775675758,0.0,True,0.5286885827431147,49996,3.3152574580162764,0,completed,1.0000123486503043,0.0,False,False,False,49996.0,,,none,,,inf,inf,inf
HS106,zob_sgda,3,50000,1800,1.0000034600278107,0.0,True,0.5286886652033496,49996,3.299611249938607,0,completed,1.0000125843874115,0.0,False,False,False,49996.0,,,none,,,inf,inf,inf
HS106,zob_sgda,4,50000,1800,1.0000029628743894,0.0,True,0.5286881680499282,49996,3.381083083106205,0,completed,1.0000031317813436,0.0,False,False,False,49996.0,,,none,,,inf,inf,inf
HS106,zob_sgda,5,50000,1800,1.0000032204553173,0.0,True,0.5286884256308562,49996,3.1588557499926537,0,completed,1.0000122713467672,0.0,False,False,False,49996.0,,,none,,,inf,inf,inf
HS106,zob_sgda,6,50000,1800,1.0000030734769756,0.0,True,0.5286882786525144,49996,3.1685593749862164,0,completed,1.0000120182457315,0.0,False,False,False,49996.0,,,none,,,inf,inf,inf
HS106,zob_sgda,7,50000,1800,1.0000031636548508,0.0,True,0.5286883688303896,49996,3.521112291025929,0,completed,1.0000033631519745,0.0,False,False,False,49996.0,,,none,,,inf,inf,inf
HS106,zob_sgda,8,50000,1800,1.0000031720582658,0.0,True,0.5286883772338047,49996,3.3917341249762103,0,completed,1.0000032394126437,0.0,False,False,False,49996.0,,,none,,,inf,inf,inf
HS106,zob_sgda,9,50000,1800,1.000003412589007,0.0,True,0.5286886177645458,49996,3.4408245000522584,0,completed,1.000012357190452,0.0,False,False,False,49996.0,,,none,,,inf,inf,inf
HS106,zob_sgda,10,50000,1800,1.0000031046003295,0.0,True,0.5286883097758683,49996,3.4590599169023335,0,completed,1.0000031046003295,0.0,False,False,False,49996.0,,,none,,,inf,inf,inf
HS106,zob_gda,1,50000,1800,1.0000029438727485,0.0,True,0.5286881490482873,49996,2.079185582930222,0,completed,1.0000118886716034,0.0,False,False,False,49996.0,,,none,,,inf,inf,inf
HS106,zob_gda,2,50000,1800,1.000003081225357,0.0,True,0.5286882864008959,49996,2.0805921249557287,0,completed,1.000012097558393,0.0,False,False,False,49996.0,,,none,,,inf,inf,inf
HS106,zob_gda,3,50000,1800,1.0000034799834858,0.0,True,0.5286886851590247,49996,2.1258215840207413,0,completed,1.0000125064487775,0.0,False,False,False,49996.0,,,none,,,inf,inf,inf
HS106,zob_gda,4,50000,1800,1.0000023856893525,0.0,True,0.5286875908648914,49996,2.1247098749736324,0,completed,1.0000023856893525,0.0,False,False,False,49996.0,,,none,,,inf,inf,inf
HS106,zob_gda,5,50000,1800,1.0000027584918803,0.0,True,0.5286879636674191,49996,2.2256886669201776,0,completed,1.0000117030774747,0.0,False,False,False,49996.0,,,none,,,inf,inf,inf
HS106,zob_gda,6,50000,1800,1.0000023357366976,0.0,True,0.5286875409122365,49996,2.1654031249927357,0,completed,1.0000112805188859,0.0,False,False,False,49996.0,,,none,,,inf,inf,inf
HS106,zob_gda,7,50000,1800,1.0000027023340041,0.0,True,0.528687907509543,49996,2.1835692500462756,0,completed,1.0000027023340041,0.0,False,False,False,49996.0,,,none,,,inf,inf,inf
HS106,zob_gda,8,50000,1800,1.0000023539596767,0.0,True,0.5286875591352156,49996,2.1422084158984944,0,completed,1.0000026731412481,0.0,False,False,False,49996.0,,,none,,,inf,inf,inf
HS106,zob_gda,9,50000,1800,1.000003126563544,0.0,True,0.5286883317390829,49996,2.1601337909232825,0,completed,1.000012071148423,0.0,False,False,False,49996.0,,,none,,,inf,inf,inf
HS106,zob_gda,10,50000,1800,1.0000023070422324,0.0,True,0.5286875122177712,49996,2.243824249948375,0,completed,1.0000023070422324,0.0,False,False,False,49996.0,,,none,,,inf,inf,inf
HS106,nomad_default,1,50000,1800,0.4723327715574521,0.0,True,0.0010179767329909772,5450,133.23733166704187,0,nomad_done:1,0.47234272572224845,1.2571096283233773e-12,True,True,False,5451.0,,,none,True,362436069 521288629 1588437975,300.0,300.0,inf
HS106,nomad_default,2,50000,1800,0.4759731718082632,0.0,True,0.0046583769838020594,8950,263.17898766696453,0,nomad_done:1,0.4760131701255797,0.0,True,True,False,8965.0,,,none,True,521288629 1588437975 2268752316,250.0,4500.0,inf
HS106,nomad_default,3,50000,1800,0.4758562386356332,0.0,True,0.004541443811172052,10250,282.14051629195455,0,nomad_done:1,0.47589783869642316,2.493955630003902e-07,True,True,False,10282.0,,,none,True,1588437975 2268752316 3071397075,350.0,6850.0,inf
HS106,nomad_default,4,50000,1800,0.48073950848209435,0.0,True,0.009424713657633199,4250,91.25254683295498,0,nomad_done:1,0.48082875547084597,0.0,True,True,False,4250.0,,,none,True,2268752316 3071397075 1066942004,250.0,2600.0,inf
HS106,nomad_default,5,50000,1800,0.47131479482446115,0.0,True,0.0,6300,156.10443108394975,0,nomad_done:1,0.4713359112041899,0.0,True,True,True,6347.0,,,none,True,3071397075 1066942004 2996772340,250.0,400.0,3100.0
HS106,nomad_default,6,50000,1800,0.48073950848209435,0.0,True,0.009424713657633199,4250,90.42644262500107,0,nomad_done:1,0.48082875547084597,0.0,True,True,False,4250.0,,,none,True,1066942004 2996772340 86133791,250.0,2600.0,inf
HS106,nomad_default,7,50000,1800,0.47131479482446115,0.0,True,0.0,6300,153.97257120895665,0,nomad_done:1,0.4713359112041899,0.0,True,True,True,6347.0,,,none,True,2996772340 86133791 3042881956,250.0,400.0,3100.0
HS106,nomad_default,8,50000,1800,0.47345398757975343,0.0,True,0.002139192755292285,4600,107.4963677499909,0,nomad_done:1,0.47349715357816635,6.021065637469292e-10,True,True,False,4635.0,,,none,True,86133791 3042881956 1313616534,300.0,650.0,inf
HS106,nomad_default,9,50000,1800,0.4777108553599672,0.0,True,0.006396060535506065,9550,260.77398562501185,0,nomad_done:1,0.4777202280552775,4.1796536780521795e-14,True,True,False,9582.0,,,none,True,3042881956 1313616534 646932915,250.0,6350.0,inf
HS106,nomad_default,10,50000,1800,0.47864558579584854,0.0,True,0.007330790971387391,9800,262.7356365839951,0,nomad_done:1,0.47866607444762954,1.6785720363259316e-09,True,True,False,9843.0,,,none,True,1313616534 646932915 1705310046,150.0,5800.0,inf
HS106,zoagp,1,50000,1800,0.9999914637852615,0.0,True,0.5286766689608003,49996,3.0946963330497965,0,query_limit,0.9999914637852615,0.0,False,False,False,49996.0,5555.0,,none,,,inf,inf,inf
HS106,zominmax,1,50000,1800,1.0000320752591307,0.0,True,0.5287172804346696,49999,1.630567083018832,0,query_limit,1.0000459155133603,0.0,False,False,False,49999.0,24999.0,,none,,,inf,inf,inf
HS106,zominmax,2,50000,1800,1.0000230106143153,0.0,True,0.5287082157898542,49999,1.6344431670149788,0,query_limit,1.0000304912000229,0.0,False,False,False,49999.0,24999.0,,none,,,inf,inf,inf
HS106,zominmax,3,50000,1800,0.9999725568983892,0.0,True,0.528657762073928,49999,1.6633008329663426,0,query_limit,0.9999726127890847,0.0,False,False,False,49999.0,24999.0,,none,,,inf,inf,inf
HS106,zominmax,4,50000,1800,0.9999909307824929,0.0,True,0.5286761359580318,49999,1.6275821250164881,0,query_limit,1.000001668433796,0.0,False,False,False,49999.0,24999.0,,none,,,inf,inf,inf
HS106,zominmax,5,50000,1800,0.9998805642526039,0.0,True,0.5285657694281427,49999,1.6434355831006542,0,query_limit,0.9998806179434399,0.0,False,False,False,49999.0,24999.0,,none,,,inf,inf,inf
HS106,zominmax,6,50000,1800,0.9999307729142791,0.0,True,0.528615978089818,49999,1.7123867500340566,0,query_limit,0.9999617429648086,0.0,False,False,False,49999.0,24999.0,,none,,,inf,inf,inf
HS106,zominmax,7,50000,1800,1.000598800016812,0.0,True,0.5292840051923509,49999,1.721622291021049,0,query_limit,1.0006134175686732,0.0,False,False,False,49999.0,24999.0,,none,,,inf,inf,inf
HS106,zominmax,8,50000,1800,1.0003757132822255,0.0,True,0.5290609184577644,49999,1.7555797500535846,0,query_limit,0.997821113179949,0.20857039998084498,False,False,False,49999.0,24999.0,,none,,,inf,inf,inf
HS106,zominmax,9,50000,1800,1.0007380803029906,0.0,True,0.5294232854785295,49999,1.731335583026521,0,query_limit,1.0007381495360919,0.0,False,False,False,49999.0,24999.0,,none,,,inf,inf,inf
HS106,zominmax,10,50000,1800,0.9997580384884809,0.0,True,0.5284432436640197,49999,1.7295269999885932,0,query_limit,0.9997580929495145,0.0,False,False,False,49999.0,24999.0,,none,,,inf,inf,inf
HS106,szo_conex,1,50000,1800,inf,0.9988132325930968,False,inf,50000,1.2764249170431867,0,query_limit,1.0870693817244845,2.1864372205768974,False,False,False,50000.0,1923.0,True,none,,,inf,inf,inf
HS106,szo_conex,2,50000,1800,1.0000501260022432,0.0,True,0.528735331177782,50000,1.2697057499317452,0,query_limit,1.00006920551153,0.0,False,False,False,50000.0,1923.0,True,none,,,inf,inf,inf
HS106,szo_conex,3,50000,1800,inf,0.19084194667120208,False,inf,50000,1.2418448749231175,0,query_limit,1.0854907014715687,1.498387311433899,False,False,False,50000.0,1923.0,True,none,,,inf,inf,inf
HS106,szo_conex,4,50000,1800,inf,0.9975806403863877,False,inf,50000,1.3219027919694781,0,query_limit,0.9399467254828456,8.700659903725924,False,False,False,50000.0,1923.0,True,none,,,inf,inf,inf
HS106,szo_conex,5,50000,1800,0.9990237985451421,0.0,True,0.527709003720681,50000,1.2174002919346094,0,query_limit,1.064343104901362,1.4962441851136274,False,False,False,50000.0,1923.0,True,none,,,inf,inf,inf
HS106,szo_conex,6,50000,1800,inf,0.6162081323463693,False,inf,50000,1.3053569999756292,0,query_limit,0.1408400975028251,17.271285737896438,False,False,False,50000.0,1923.0,True,none,,,inf,inf,inf
HS106,szo_conex,7,50000,1800,inf,0.9976869344427641,False,inf,50000,1.263736292021349,0,query_limit,1.1008734319981464,1.4916913925660655,False,False,False,50000.0,1923.0,True,none,,,inf,inf,inf
HS106,szo_conex,8,50000,1800,inf,0.9976617244212125,False,inf,50000,1.2907452089712024,0,query_limit,1.0970157718716087,1.5273511997396088,False,False,False,50000.0,1923.0,True,none,,,inf,inf,inf
HS106,szo_conex,9,50000,1800,inf,0.9973299450646061,False,inf,50000,1.2532830410636961,0,query_limit,1.0939894521994977,1.47914128849321,False,False,False,50000.0,1923.0,True,none,,,inf,inf,inf
HS106,szo_conex,10,50000,1800,inf,0.4101423219892941,False,inf,50000,1.3138517499901354,0,query_limit,1.9519858422616032,6.245995218965301,False,False,False,50000.0,1923.0,True,none,,,inf,inf,inf
HS104,zob_sgda,1,50000,1800,1.0803274497018098,4.192600402272427e-05,True,0.0002557689653261974,49996,3.236470957985148,0,completed,1.0804309408493271,7.369804905533913e-05,True,True,True,49996.0,,,none,,,35800.0,35800.0,35800.0
HS104,zob_sgda,2,50000,1800,1.0802784535725611,3.7778860610600054e-05,True,0.00020677283607750674,49996,3.2243975420715287,0,completed,1.0804693591019126,3.7778860610600054e-05,True,True,True,49996.0,,,none,,,35200.0,35200.0,35200.0
HS104,zob_sgda,3,50000,1800,1.0803390860128856,0.0,True,0.00026740527640201073,49996,3.3007559169782326,0,completed,1.080422996483226,7.717017897907537e-05,True,True,True,49996.0,,,none,,,1650.0,27750.0,27750.0
HS104,zob_sgda,4,50000,1800,1.0803135699289133,0.0,True,0.00024188919242962292,49996,3.2248185829957947,0,completed,1.080507764858644,7.60764579551212e-05,True,True,True,49996.0,,,none,,,4050.0,28500.0,28500.0
HS104,zob_sgda,5,50000,1800,1.080367246073012,4.2401060516976754e-05,True,0.0002955653365284139,49996,3.251538290991448,0,completed,1.0804296346627575,8.45000921108205e-05,True,True,True,49996.0,,,none,,,1700.0,35850.0,35850.0
HS104,zob_sgda,6,50000,1800,1.0803558766895254,0.0,True,0.0002841959530417437,49996,3.2496179590234533,0,completed,1.0804585973113543,8.4507910358194e-05,True,True,True,49996.0,,,none,,,4000.0,30700.0,30700.0
HS104,zob_sgda,7,50000,1800,1.0803198766799451,0.0,True,0.0002481959434614822,49996,3.3274299579206854,0,completed,1.0804392357550603,9.394135881804944e-05,True,True,True,49996.0,,,none,,,3950.0,34500.0,34500.0
HS104,zob_sgda,8,50000,1800,1.0803461583835035,0.0,True,0.0002744776470198218,49996,3.277966625057161,0,completed,1.0803858331529697,9.290344661183511e-05,True,True,True,49996.0,,,none,,,4000.0,35150.0,35150.0
HS104,zob_sgda,9,50000,1800,1.0802951753396839,0.0,True,0.00022349460320025827,49996,3.22014995792415,0,completed,1.0804116918434803,6.736994948986305e-05,True,True,True,49996.0,,,none,,,1650.0,34550.0,34550.0
HS104,zob_sgda,10,50000,1800,1.080356425300357,0.0,True,0.00028474456387339586,49996,3.2626845829654485,0,completed,1.0804406363328676,8.279784288276707e-05,True,True,True,49996.0,,,none,,,1650.0,27000.0,27000.0
HS104,zob_gda,1,50000,1800,1.1266548403098555,0.0,True,0.04658315957337189,49996,2.0150704159168527,0,completed,1.0813320875000176,0.008055642112264812,True,False,False,49996.0,,,none,,,1650.0,inf,inf
HS104,zob_gda,2,50000,1800,1.080793226435816,0.0,True,0.0007215456993323599,49996,2.0640694580506533,0,completed,1.0826173838074726,0.007048761923910489,True,True,True,49996.0,,,none,,,1600.0,7800.0,49500.0
HS104,zob_gda,3,50000,1800,1.0820763041482977,0.0,True,0.002004623411814066,49996,2.03363137494307,0,completed,1.0804775618625304,0.0032962716837227272,True,True,False,49996.0,,,none,,,1600.0,7300.0,inf
HS104,zob_gda,4,50000,1800,1.0808227150110103,0.0,True,0.0007510342745267184,49996,2.0210140409180894,0,completed,1.0814094005442236,0.004526228852294725,True,True,True,49996.0,,,none,,,3350.0,45450.0,45450.0
HS104,zob_gda,5,50000,1800,1.0807032790709143,0.0,True,0.0006315983344307163,49996,2.0771166250342503,0,completed,1.0810892275495907,0.00319124967005011,True,True,True,49996.0,,,none,,,1600.0,45250.0,45250.0
HS104,zob_gda,6,50000,1800,1.081687065989616,0.0,True,0.0016153852531324286,49996,2.0689468749333173,0,completed,1.082626034196983,0.003299774620617343,True,True,False,49996.0,,,none,,,1600.0,41700.0,inf
HS104,zob_gda,7,50000,1800,1.0807761731540084,0.0,True,0.0007044924175247935,49996,1.9685946250101551,0,completed,1.0813148862469766,0.002881055928055162,True,True,True,49996.0,,,none,,,1650.0,37500.0,45000.0
HS104,zob_gda,8,50000,1800,1.0881754273482527,0.0,True,0.008103746611769047,49996,1.9381068750517443,0,completed,1.080246061122757,0.002815325431661844,True,True,False,49996.0,,,none,,,1650.0,12750.0,inf
HS104,zob_gda,9,50000,1800,1.0804591031175985,0.0,True,0.000387422381114888,49996,2.1869205409893766,0,completed,1.0814610535317482,0.003037005052560927,True,True,True,49996.0,,,none,,,1600.0,42000.0,42000.0
HS104,zob_gda,10,50000,1800,1.0804186692224518,0.0,True,0.00034698848596814713,49996,2.0638487079413608,0,completed,1.0813057945821585,0.0046849384605944285,True,True,True,49996.0,,,none,,,1600.0,45700.0,45700.0
HS104,nomad_default,1,50000,1800,1.0974508559945408,0.0,True,0.01737917525805721,3100,61.9387788749882,0,nomad_done:1,1.0975933212060762,4.0201677688094566e-07,True,False,False,3117.0,,,none,True,362436069 521288629 1588437975,200.0,inf,inf
HS104,nomad_default,2,50000,1800,1.0811232483687707,0.0,True,0.001051567632287087,2400,38.1256841669674,0,nomad_done:1,1.0812645987780622,3.934481952562946e-07,True,True,False,2423.0,,,none,True,521288629 1588437975 2268752316,300.0,700.0,inf
HS104,nomad_default,3,50000,1800,1.0841116224884306,0.0,True,0.004039941751946996,2900,55.22986658400623,0,nomad_done:1,1.0841518001234562,2.562259877517844e-14,True,True,False,2925.0,,,none,True,1588437975 2268752316 3071397075,200.0,450.0,inf
HS104,nomad_default,4,50000,1800,1.0825679152799674,0.0,True,0.0024962345434837996,2600,48.411913999996614,0,nomad_done:1,1.0826802217910996,3.054147545677709e-07,True,True,False,2636.0,,,none,True,2268752316 3071397075 1066942004,200.0,550.0,inf
HS104,nomad_default,5,50000,1800,1.0852070488699979,0.0,True,0.005135368133514229,6450,141.76176500000292,0,nomad_done:1,1.0853720709608257,3.273095702463824e-14,True,True,False,6465.0,,,none,True,3071397075 1066942004 2996772340,100.0,700.0,inf
HS104,nomad_default,6,50000,1800,1.0825679152799674,0.0,True,0.0024962345434837996,2600,48.226908165961504,0,nomad_done:1,1.0826802217910996,3.054147545677709e-07,True,True,False,,,,none,True,1066942004 2996772340 86133791,200.0,550.0,inf
HS104,nomad_default,7,50000,1800,1.0852070488699979,0.0,True,0.005135368133514229,6450,141.49808512500022,0,nomad_done:1,1.0853720709608257,3.273095702463824e-14,True,True,False,6465.0,,,none,True,2996772340 86133791 3042881956,100.0,700.0,inf
HS104,nomad_default,8,50000,1800,1.0834949724507732,0.0,True,0.003423291714289567,2050,30.77467945899116,0,nomad_done:1,1.083645370143941,2.462570881936419e-07,True,True,False,2088.0,,,none,True,86133791 3042881956 1313616534,150.0,550.0,inf
HS104,nomad_default,9,50000,1800,1.085091592538869,0.0,True,0.005019911802385479,3550,62.888575249991845,0,nomad_done:1,1.0852741207225756,4.187560927930588e-07,True,True,False,3574.0,,,none,True,3042881956 1313616534 646932915,200.0,550.0,inf
HS104,nomad_default,10,50000,1800,1.0829056073772843,0.0,True,0.0028339266408006214,2850,59.59698866598774,0,nomad_done:1,1.083020677229438,5.083800180991653e-10,True,True,False,2872.0,,,none,True,1313616534 646932915 1705310046,150.0,500.0,inf
HS104,zoagp,1,50000,1800,inf,0.0062218147719083775,False,inf,49996,2.9938144999323413,0,query_limit,1.0398143921240532,0.020192299058727485,False,False,False,49996.0,5555.0,,none,,,inf,inf,inf
HS104,zominmax,1,50000,1800,1.1373634093458538,0.0,True,0.05729172860937015,49999,1.6692165000131354,0,query_limit,1.1431497937429214,0.05133592765785173,True,False,False,49999.0,24999.0,,none,,,4750.0,inf,inf
HS104,zominmax,2,50000,1800,1.1417403472831007,0.0,True,0.06166866654661707,49999,1.6555661250604317,0,query_limit,1.153917953924931,0.020299943244345364,True,False,False,49999.0,24999.0,,none,,,4850.0,inf,inf
HS104,zominmax,3,50000,1800,inf,0.008383351780283627,False,inf,49999,1.6758639169856906,0,query_limit,1.1419068566072268,0.017847807381391575,False,False,False,49999.0,24999.0,,none,,,inf,inf,inf
HS104,zominmax,4,50000,1800,1.1393460571665504,0.0,True,0.05927437643006672,49999,1.7045835419557989,0,query_limit,1.1477325487780037,0.018480576527132024,True,False,False,49999.0,24999.0,,none,,,5050.0,inf,inf
HS104,zominmax,5,50000,1800,1.1454215792337339,0.0,True,0.06534989849725026,49999,1.6694529169471934,0,query_limit,1.1468890875943278,0.013707127897886261,True,False,False,49999.0,24999.0,,none,,,4600.0,inf,inf
HS104,zominmax,6,50000,1800,1.137591774214316,0.0,True,0.05752009347783238,49999,1.6688677910715342,0,query_limit,1.1359558127980103,0.023205039486925177,True,False,False,49999.0,24999.0,,none,,,4600.0,inf,inf
HS104,zominmax,7,50000,1800,1.141677902705031,0.0,True,0.06160622196854737,49999,1.6268345839343965,0,query_limit,1.1364154283490653,0.02041789150281609,True,False,False,49999.0,24999.0,,none,,,4800.0,inf,inf
HS104,zominmax,8,50000,1800,1.1422308943866715,0.0,True,0.06215921365018784,49999,1.6277089579962194,0,query_limit,1.1431660725675954,0.014329054611100317,True,False,False,49999.0,24999.0,,none,,,4700.0,inf,inf
HS104,zominmax,9,50000,1800,1.1337580972721597,0.0,True,0.053686416535676074,49999,1.6611803750274703,0,query_limit,1.1483213255830247,0.010791781489160978,True,False,False,49999.0,24999.0,,none,,,4750.0,inf,inf
HS104,zominmax,10,50000,1800,inf,0.007005928519288377,False,inf,49999,1.6571980830049142,0,query_limit,1.143450497924849,0.01722116438662901,False,False,False,49999.0,24999.0,,none,,,inf,inf,inf
HS104,szo_conex,1,50000,1800,inf,0.03487367023679982,False,inf,49986,1.2663637909572572,0,query_limit,0.7552046914138575,0.2017446020925166,False,False,False,49986.0,2272.0,True,none,,,inf,inf,inf
HS104,szo_conex,2,50000,1800,inf,0.014179591430634417,False,inf,49986,1.2568580000661314,0,query_limit,0.7585679960942527,0.1736526220312315,False,False,False,49986.0,2272.0,True,none,,,inf,inf,inf
HS104,szo_conex,3,50000,1800,inf,0.04925296846303163,False,inf,49986,1.2535474160686135,0,query_limit,0.7866134829172023,0.177875321721477,False,False,False,49986.0,2272.0,True,none,,,inf,inf,inf
HS104,szo_conex,4,50000,1800,inf,0.007070487836885242,False,inf,49986,1.2343011250486597,0,query_limit,0.8675470209028261,0.11755329300036936,False,False,False,49986.0,2272.0,True,none,,,inf,inf,inf
HS104,szo_conex,5,50000,1800,inf,0.02492945373091925,False,inf,49986,1.2569345000665635,0,query_limit,0.8498904186456414,0.14431457928695954,False,False,False,49986.0,2272.0,True,none,,,inf,inf,inf
HS104,szo_conex,6,50000,1800,inf,0.11354092057290001,False,inf,49986,1.20976320898626,0,query_limit,0.07077035157293131,1.2158610109888923,False,False,False,49986.0,2272.0,True,none,,,inf,inf,inf
HS104,szo_conex,7,50000,1800,inf,0.039113135128375866,False,inf,49986,1.2102892909897491,0,query_limit,0.7963064017507167,0.17863534858950686,False,False,False,49986.0,2272.0,True,none,,,inf,inf,inf
HS104,szo_conex,8,50000,1800,inf,0.13276562049254872,False,inf,49986,1.2542391669703647,0,query_limit,0.14099389757384187,2.0962107526927944,False,False,False,49986.0,2272.0,True,none,,,inf,inf,inf
HS104,szo_conex,9,50000,1800,inf,0.014387427251744325,False,inf,49986,1.227395624970086,0,query_limit,0.746148552251396,0.1861991629516157,False,False,False,49986.0,2272.0,True,none,,,inf,inf,inf
HS104,szo_conex,10,50000,1800,inf,0.015465904421449028,False,inf,49986,1.2320268329931423,0,query_limit,0.7453038956272487,0.1917814613604257,False,False,False,49986.0,2272.0,True,none,,,inf,inf,inf
HS108,zob_sgda,1,50000,1800,-0.8641486685965325,0.0,True,0.0019527327609600853,49996,4.610244415933266,0,completed,-0.9674498649359564,0.20296653796680536,True,True,False,49996.0,,,none,,,4050.0,29200.0,inf
HS108,zob_sgda,2,50000,1800,-0.8622535427204354,0.0,True,0.0038478586370571666,49996,4.71649554092437,0,completed,-0.8443211959013949,0.11062858474589765,True,True,False,49996.0,,,none,,,3900.0,19750.0,inf
HS108,zob_sgda,3,50000,1800,-0.8660815073209811,0.0,True,1.9894036511480806e-05,49996,4.5488832499831915,0,completed,-0.8660218775292448,1.36898277172115e-05,True,True,True,49996.0,,,none,,,1250.0,4950.0,14500.0
HS108,zob_sgda,4,50000,1800,-0.8660892468092976,0.0,True,1.2154548195031367e-05,49996,4.632936249952763,0,completed,-0.8660382658110364,5.21460804326912e-05,True,True,True,49996.0,,,none,,,2250.0,6250.0,10800.0
HS108,zob_sgda,5,50000,1800,-0.8660740509021869,0.0,True,2.73504553056636e-05,49996,4.593728250009008,0,completed,-0.8660225661305401,1.6172502532829647e-05,True,True,True,49996.0,,,none,,,3300.0,4450.0,18400.0
HS108,zob_sgda,6,50000,1800,-0.8660762788485646,0.0,True,2.5122508927943876e-05,49996,4.587067999993451,0,completed,-0.8660213198929307,1.1404234222564535e-05,True,True,True,49996.0,,,none,,,1100.0,8800.0,15900.0
HS108,zob_sgda,7,50000,1800,-0.8659878768349043,0.0,True,0.00011352452258828194,49996,4.580559332971461,0,completed,-0.8365868215402338,0.00018769887447644962,True,True,True,49996.0,,,none,,,3150.0,15650.0,19300.0
HS108,zob_sgda,8,50000,1800,-0.8628681909968672,0.0,True,0.003233210360625405,49996,4.465385292074643,0,completed,-0.8778668850091226,0.05134974970055722,True,True,False,49996.0,,,none,,,4100.0,33100.0,inf
HS108,zob_sgda,9,50000,1800,-0.8660737757013255,0.0,True,2.7625656167096224e-05,49996,4.390232082922012,0,completed,-0.8660380675753447,5.270791131373187e-05,True,True,True,49996.0,,,none,,,900.0,6850.0,11250.0
HS108,zob_sgda,10,50000,1800,-0.8660743371874129,0.0,True,2.706417007969364e-05,49996,4.307644999935292,0,completed,-0.8660385274590598,5.088558496024742e-05,True,True,True,49996.0,,,none,,,450.0,4550.0,9950.0
HS108,zob_gda,1,50000,1800,-0.49997551875566854,0.0,True,0.36612588260182405,49996,2.963688083924353,0,completed,-0.5006245839496986,0.0019382300736107139,False,False,False,49996.0,,,none,,,inf,inf,inf
HS108,zob_gda,2,50000,1800,-0.8515637599410051,0.0,True,0.014537641416487501,49996,3.0527752080233768,0,completed,-1.0179281575861672,0.29290011823369155,True,False,False,49996.0,,,none,,,2500.0,inf,inf
HS108,zob_gda,3,50000,1800,-0.8550011643934776,0.0,True,0.011100236964014965,49996,3.0029126250883564,0,completed,-0.7932819933482262,0.11649955825113456,True,False,False,49996.0,,,none,,,1250.0,inf,inf
HS108,zob_gda,4,50000,1800,-0.8414072476010914,0.0,True,0.02469415375640116,49996,2.952116750064306,0,completed,-0.7697477205283279,0.0,True,False,False,49996.0,,,none,,,3850.0,inf,inf
HS108,zob_gda,5,50000,1800,-0.848363905062897,0.0,True,0.017737496294595534,49996,3.0490392500068992,0,completed,-0.847819801467466,0.08260439128725361,True,False,False,49996.0,,,none,,,1050.0,inf,inf
HS108,zob_gda,6,50000,1800,-0.8456762076607801,0.0,True,0.020425193696712474,49996,3.00145766697824,0,completed,-0.925549702366086,0.170703368581129,True,False,False,49996.0,,,none,,,1600.0,inf,inf
HS108,zob_gda,7,50000,1800,-0.8400942947137344,0.0,True,0.02600710664375816,49996,2.9913340840721503,0,completed,-0.8334522491931234,0.10672095460779063,True,False,False,49996.0,,,none,,,2350.0,inf,inf
HS108,zob_gda,8,50000,1800,-0.8477487337312593,0.0,True,0.018352667626233332,49996,3.115244749933481,0,completed,-0.7511634463354082,0.04446925014573655,True,False,False,49996.0,,,none,,,2700.0,inf,inf
HS108,zob_gda,9,50000,1800,-0.8547524584375263,0.0,True,0.011348942919966243,49996,2.92755775002297,0,completed,-0.8862681154555462,0.23436787662484515,True,False,False,49996.0,,,none,,,2150.0,inf,inf
HS108,zob_gda,10,50000,1800,-0.8491219179123334,0.0,True,0.016979483445159205,49996,2.8990256669931114,0,completed,-0.8789362775911428,0.1436478004289936,True,False,False,49996.0,,,none,,,1350.0,inf,inf
HS108,nomad_default,1,50000,1800,inf,1.0,False,inf,1200,6.34670312498929,0,nomad_done:-1,-168833.4288166677,1074071.6184553693,False,False,False,1219.0,,,none,True,362436069 521288629 1588437975,inf,inf,inf
HS108,nomad_default,2,50000,1800,inf,1.0,False,inf,1300,5.785442208987661,0,nomad_done:-1,-72068.3338987674,5583593.408893693,False,False,False,1328.0,,,none,True,521288629 1588437975 2268752316,inf,inf,inf
HS108,nomad_default,3,50000,1800,inf,1.0,False,inf,1050,4.419040790991858,0,nomad_done:-1,-1040192.189560574,39847602.19432671,False,False,False,1091.0,,,none,True,1588437975 2268752316 3071397075,inf,inf,inf
HS108,nomad_default,4,50000,1800,inf,1.0,False,inf,1200,6.278074249974452,0,nomad_done:-1,1039227.8518091999,42285402.141559936,False,False,False,1240.0,,,none,True,2268752316 3071397075 1066942004,inf,inf,inf
HS108,nomad_default,5,50000,1800,inf,1.0,False,inf,1300,6.167175917013083,0,nomad_done:-1,-58412.730920082846,1342774.1959956125,False,False,False,1313.0,,,none,True,3071397075 1066942004 2996772340,inf,inf,inf
HS108,nomad_default,6,50000,1800,inf,1.0,False,inf,1200,5.9778181669535115,0,nomad_done:-1,1039227.8518091999,42285402.141559936,False,False,False,1240.0,,,none,True,1066942004 2996772340 86133791,inf,inf,inf
HS108,nomad_default,7,50000,1800,inf,1.0,False,inf,1300,6.149214666977059,0,nomad_done:-1,-58412.730920082846,1342774.1959956125,False,False,False,1313.0,,,none,True,2996772340 86133791 3042881956,inf,inf,inf
HS108,nomad_default,8,50000,1800,inf,1.0,False,inf,1150,5.323517750017345,0,nomad_done:-1,129477.00731160761,4006378.953576362,False,False,False,1184.0,,,none,True,86133791 3042881956 1313616534,inf,inf,inf
HS108,nomad_default,9,50000,1800,inf,1.0,False,inf,1400,6.888266165973619,0,nomad_done:-1,-2.420068445912989,755.2011259062216,False,False,False,1413.0,,,none,True,3042881956 1313616534 646932915,inf,inf,inf
HS108,nomad_default,10,50000,1800,inf,1.0,False,inf,1200,5.155773582984693,0,nomad_done:-1,4.918864183128464,34.918335269690594,False,False,False,1221.0,,,none,True,1313616534 646932915 1705310046,inf,inf,inf
HS108,zoagp,1,50000,1800,-0.7883076844003374,0.0,True,0.0777937169571552,49991,3.850226166076027,0,query_limit,-0.8675119410360932,0.0017166119961250503,True,False,False,49991.0,4999.0,,none,,,350.0,inf,inf
HS108,zominmax,1,50000,1800,-0.8433400743807595,0.0,True,0.022761326976733054,49999,2.2806757499929518,0,query_limit,-0.5791839935967393,0.0,True,False,False,49999.0,24999.0,,none,,,6250.0,inf,inf
HS108,zominmax,2,50000,1800,-0.8515040579595727,0.0,True,0.014597343397919849,49999,2.2839717499446124,0,query_limit,-1.8402971996055353,1.7726086560765104,True,False,False,49999.0,24999.0,,none,,,2150.0,inf,inf
HS108,zominmax,3,50000,1800,-0.8339990657426491,0.0,True,0.032102335614843436,49999,2.2901166250230744,0,query_limit,-0.5038939373474487,0.056448821884407474,True,False,False,49999.0,24999.0,,none,,,18800.0,inf,inf
HS108,zominmax,4,50000,1800,-0.8642868235395196,0.0,True,0.0018145778179730065,49999,2.2883137919707224,0,query_limit,-0.8572320202648095,0.0055719426418578966,True,True,False,49999.0,24999.0,,none,,,7100.0,14600.0,inf
HS108,zominmax,5,50000,1800,-0.8509664502519523,0.0,True,0.015134951105540306,49999,2.2963084999937564,0,query_limit,-0.9739925854534381,0.2075547100267888,True,False,False,49999.0,24999.0,,none,,,6150.0,inf,inf
HS108,zominmax,6,50000,1800,-0.8629187844957537,0.0,True,0.0031826168617389294,49999,2.2912565410370007,0,query_limit,-0.8783138979644037,0.054792623321349265,True,True,False,49999.0,24999.0,,none,,,3850.0,25100.0,inf
HS108,zominmax,7,50000,1800,-0.8304429877998651,0.0,True,0.035658413557627444,49999,2.2619111250387505,0,query_limit,-0.7828277884945607,0.152079875780052,True,False,False,49999.0,24999.0,,none,,,2000.0,inf,inf
HS108,zominmax,8,50000,1800,-0.8623811771314918,0.0,True,0.0037202242260008234,49999,2.278222875087522,0,query_limit,-0.8772453762253334,0.02946407154873021,True,True,False,49999.0,24999.0,,none,,,12600.0,31150.0,inf
HS108,zominmax,9,50000,1800,-0.8054614441055811,0.0,True,0.060639957251911514,49999,2.2625292919110507,0,query_limit,-0.8056587236542322,0.4644705380472789,True,False,False,49999.0,24999.0,,none,,,6350.0,inf,inf
HS108,zominmax,10,50000,1800,-0.8562810846683959,0.0,True,0.009820316689096664,49999,2.2869024160318077,0,query_limit,-0.8731072828624324,0.04764337177002928,True,True,False,49999.0,24999.0,,none,,,10850.0,49950.0,inf
HS108,szo_conex,1,50000,1800,-0.6694745869876522,0.0,True,0.19662681436984042,49952,1.972768708015792,0,query_limit,-0.44045721312813196,0.0,False,False,False,49952.0,925.0,True,none,,,inf,inf,inf
HS108,szo_conex,2,50000,1800,-0.559650303389418,0.0,True,0.30645109796807457,49952,1.9758396670222282,0,query_limit,-0.563797077823814,0.09899603888484937,False,False,False,49952.0,925.0,True,none,,,inf,inf,inf
HS108,szo_conex,3,50000,1800,-0.5290130894123559,0.0,True,0.33708831194513666,49952,1.9641335000051185,0,query_limit,-0.4346192519818223,0.200801606785889,False,False,False,49952.0,925.0,True,none,,,inf,inf,inf
HS108,szo_conex,4,50000,1800,-0.5594101216410235,0.0,True,0.30669127971646903,49952,1.9740754580125213,0,query_limit,-0.31328739827320595,0.1284833041217749,False,False,False,49952.0,925.0,True,none,,,inf,inf,inf
HS108,szo_conex,5,50000,1800,-0.5362650775441212,0.0,True,0.32983632381337136,49952,1.9479526251088828,0,query_limit,-0.16199430893128425,0.10782529744637963,False,False,False,49952.0,925.0,True,none,,,inf,inf,inf
HS108,szo_conex,6,50000,1800,-0.5349620431095842,0.0,True,0.3311393582479084,49952,1.9836999169783667,0,query_limit,-0.6276723650947881,0.06480960860384874,False,False,False,49952.0,925.0,True,none,,,inf,inf,inf
HS108,szo_conex,7,50000,1800,-0.6235217704613052,0.0,True,0.2425796308961874,49952,1.9861752500291914,0,query_limit,-0.011606273150830753,0.029943162303265256,False,False,False,49952.0,925.0,True,none,,,inf,inf,inf
HS108,szo_conex,8,50000,1800,-0.5717233988359197,0.0,True,0.29437800252157287,49952,1.9733868340263143,0,query_limit,-0.5061746989271789,0.09869671805265855,False,False,False,49952.0,925.0,True,none,,,inf,inf,inf
HS108,szo_conex,9,50000,1800,-0.49075773716053084,0.0,True,0.37534366419696175,49952,1.9587996669579297,0,query_limit,-0.183125157750506,0.06408833153134051,False,False,False,49952.0,925.0,True,none,,,inf,inf,inf
HS108,szo_conex,10,50000,1800,-0.4399515752612003,0.0,True,0.42614982609629226,49952,1.9721465000184253,0,query_limit,-0.31914923090735636,0.1806254968491925,False,False,False,49952.0,925.0,True,none,,,inf,inf,inf
HS113,zob_sgda,1,50000,1800,0.04375206630187181,0.0,True,0.01143977841982706,49996,3.414082458941266,0,completed,0.04375528136144764,0.0,True,False,False,49996.0,,,none,,,18500.0,inf,inf
HS113,zob_sgda,2,50000,1800,0.04440132156736194,0.0,True,0.012089033685317191,49996,3.3712662500329316,0,completed,0.0436077114653047,0.0008262698422661549,True,False,False,49996.0,,,none,,,18700.0,inf,inf
HS113,zob_sgda,3,50000,1800,0.043896492663581026,0.0,True,0.011584204781536274,49996,3.503427042043768,0,completed,0.04389652100816881,0.0,True,False,False,49996.0,,,none,,,18850.0,inf,inf
HS113,zob_sgda,4,50000,1800,0.04398996427249782,0.0,True,0.01167767639045307,49996,3.515866916975938,0,completed,0.04372071923533073,0.00018776409869884696,True,False,False,49996.0,,,none,,,18450.0,inf,inf
HS113,zob_sgda,5,50000,1800,0.043622212809774505,0.0,True,0.011309924927729753,49996,3.502423582947813,0,completed,0.04362501065229582,0.0,True,False,False,49996.0,,,none,,,18550.0,inf,inf
HS113,zob_sgda,6,50000,1800,0.043665050726726024,0.0,True,0.011352762844681272,49996,3.4580889160279185,0,completed,0.04366818524758707,0.0,True,False,False,49996.0,,,none,,,18500.0,inf,inf
HS113,zob_sgda,7,50000,1800,0.04393035064419928,0.0,True,0.011618062762154525,49996,3.5680240839719772,0,completed,0.04372658218731918,0.005139550138270277,True,False,False,49996.0,,,none,,,18550.0,inf,inf
HS113,zob_sgda,8,50000,1800,0.04363567541814936,0.0,True,0.01132338753610461,49996,3.6504419160773978,0,completed,0.043637546391098736,6.441494831322421e-05,True,False,False,49996.0,,,none,,,18400.0,inf,inf
HS113,zob_sgda,9,50000,1800,0.04396511968570157,0.0,True,0.011652831803656817,49996,3.5724728329805657,0,completed,0.04396622599047174,7.835026895423407e-05,True,False,False,49996.0,,,none,,,18600.0,inf,inf
HS113,zob_sgda,10,50000,1800,0.04375003342606122,0.0,True,0.01143774554401647,49996,3.5138951670378447,0,completed,0.04375525584087199,0.0,True,False,False,49996.0,,,none,,,18500.0,inf,inf
HS113,zob_gda,1,50000,1800,0.03602371127369447,0.0,True,0.003711423391649718,49995,2.257735292077996,0,completed,0.034600895131901184,0.003997854872441612,True,True,False,49995.0,,,none,,,11050.0,34450.0,inf
HS113,zob_gda,2,50000,1800,0.03702258921981197,0.0,True,0.004710301337767217,49995,2.3405124590499327,0,completed,0.03490668640253341,0.0033563100621549417,True,True,False,49995.0,,,none,,,10900.0,32100.0,inf
HS113,zob_gda,3,50000,1800,0.03638998861244001,0.0,True,0.004077700730395255,49995,2.2698282500496134,0,completed,0.03453098418683834,0.004585456123962513,True,True,False,49995.0,,,none,,,11050.0,32400.0,inf
HS113,zob_gda,4,50000,1800,0.036590473389520456,0.0,True,0.004278185507475704,49995,2.265494041959755,0,completed,0.034526345169708594,0.005647158648404815,True,True,False,49995.0,,,none,,,11000.0,34550.0,inf
HS113,zob_gda,5,50000,1800,0.03641558257677595,0.0,True,0.004103294694731197,49995,2.3793480000458658,0,completed,0.03485480568149956,0.003766481750289251,True,True,False,49995.0,,,none,,,10850.0,37750.0,inf
HS113,zob_gda,6,50000,1800,0.036276147762021586,0.0,True,0.003963859879976835,49995,2.2323381669120863,0,completed,0.034637859622094876,0.004532253931562202,True,True,False,49995.0,,,none,,,11050.0,32250.0,inf
HS113,zob_gda,7,50000,1800,0.036624680346299156,0.0,True,0.004312392464254404,49995,2.2641453329706565,0,completed,0.03509859681919592,0.002809648863827969,True,True,False,49995.0,,,none,,,11150.0,37300.0,inf
HS113,zob_gda,8,50000,1800,0.03644613378568402,0.0,True,0.004133845903639272,49995,2.3802882499294356,0,completed,0.03526064610894801,0.004996177646364064,True,True,False,49995.0,,,none,,,10700.0,32300.0,inf
HS113,zob_gda,9,50000,1800,0.036531718078082,0.0,True,0.004219430196037245,49995,2.308778667007573,0,completed,0.03452239409196902,0.004974331919645358,True,True,False,49995.0,,,none,,,10900.0,34400.0,inf
HS113,zob_gda,10,50000,1800,0.0361608440652055,0.0,True,0.0038485561831607465,49995,2.381377917015925,0,completed,0.0348015743501882,0.0033897418195630922,True,True,False,49995.0,,,none,,,10800.0,32300.0,inf
HS113,nomad_default,1,50000,1800,1.0,0.0,True,0.9676877121179552,1600,5.320660625002347,0,nomad_done:1,9688.30981177174,0.0,False,False,False,,,,none,True,362436069 521288629 1588437975,inf,inf,inf
HS113,nomad_default,2,50000,1800,1.0,0.0,True,0.9676877121179552,2650,21.703855958010536,0,nomad_done:1,98602.60508944764,141.53749105876082,False,False,False,2696.0,,,none,True,521288629 1588437975 2268752316,inf,inf,inf
HS113,nomad_default,3,50000,1800,1.0,0.0,True,0.9676877121179552,1950,12.240592917019967,0,nomad_done:1,39.26083573334917,0.0,False,False,False,1988.0,,,none,True,1588437975 2268752316 3071397075,inf,inf,inf
HS113,nomad_default,4,50000,1800,1.0,0.0,True,0.9676877121179552,2200,12.58451024995884,0,nomad_done:1,2273.2889588226326,10.559998874461815,False,False,False,2219.0,,,none,True,2268752316 3071397075 1066942004,inf,inf,inf
HS113,nomad_default,5,50000,1800,1.0,0.0,True,0.9676877121179552,2150,14.649988124961965,0,nomad_done:1,31237.3801487848,1608.612240293537,False,False,False,2197.0,,,none,True,3071397075 1066942004 2996772340,inf,inf,inf
HS113,nomad_default,6,50000,1800,1.0,0.0,True,0.9676877121179552,2200,12.552019957976881,0,nomad_done:1,2273.2889588226326,10.559998874461815,False,False,False,2219.0,,,none,True,1066942004 2996772340 86133791,inf,inf,inf
HS113,nomad_default,7,50000,1800,1.0,0.0,True,0.9676877121179552,2150,14.849068000039551,0,nomad_done:1,31237.3801487848,1608.612240293537,False,False,False,2197.0,,,none,True,2996772340 86133791 3042881956,inf,inf,inf
HS113,nomad_default,8,50000,1800,1.0,0.0,True,0.9676877121179552,1600,4.875134750036523,0,nomad_done:1,8929.704395415061,696295.7577666134,False,False,False,1620.0,,,none,True,86133791 3042881956 1313616534,inf,inf,inf
HS113,nomad_default,9,50000,1800,1.0,0.0,True,0.9676877121179552,2300,14.330520541989245,0,nomad_done:1,0.720335890251834,0.3883427559314722,False,False,False,2333.0,,,none,True,3042881956 1313616534 646932915,inf,inf,inf
HS113,nomad_default,10,50000,1800,1.0,0.0,True,0.9676877121179552,2100,14.635727708984632,0,nomad_done:1,1056.7125080405526,0.0,False,False,False,2109.0,,,none,True,1313616534 646932915 1705310046,inf,inf,inf
HS113,zoagp,1,50000,1800,0.05048276887549299,0.0,True,0.018170480993448236,49996,3.329493375029415,0,query_limit,0.03185730787309899,0.0020492548635541582,True,False,False,49996.0,4545.0,,none,,,2800.0,inf,inf
HS113,zominmax,1,50000,1800,0.03241874556949992,0.0,True,0.00010645768745516648,49999,1.9172841249965131,0,query_limit,0.032999380432730444,0.012380261604429954,True,True,True,49999.0,24999.0,,none,,,1350.0,7350.0,14350.0
HS113,zominmax,2,50000,1800,0.03242542211103284,0.0,True,0.00011313422898808628,49999,1.9168638749979436,0,query_limit,0.03286125371534482,0.02364049112051747,True,True,True,49999.0,24999.0,,none,,,1450.0,14550.0,14700.0
HS113,zominmax,3,50000,1800,0.03236136502724207,0.0,True,4.907714519732098e-05,49999,1.9261570419184864,0,query_limit,0.03250844127660319,0.005391431227381578,True,True,True,49999.0,24999.0,,none,,,1350.0,12600.0,12800.0
HS113,zominmax,4,50000,1800,0.03238161595667723,0.0,True,6.93280746324812e-05,49999,1.9559107499662787,0,query_limit,0.03300081843921087,0.05284729236870191,True,True,True,49999.0,24999.0,,none,,,1450.0,7450.0,16600.0
HS113,zominmax,5,50000,1800,0.03242175049160249,0.0,True,0.00010946260955773529,49999,1.9150182079756632,0,query_limit,0.033088258488067124,0.004415192949154462,True,True,True,49999.0,24999.0,,none,,,1450.0,6850.0,10700.0
HS113,zominmax,6,50000,1800,0.03243539746680257,0.0,True,0.0001231095847578148,49999,1.9422736250562593,0,query_limit,0.032841833787767005,0.0014992013992971033,True,True,True,49999.0,24999.0,,none,,,1350.0,10700.0,10700.0
HS113,zominmax,7,50000,1800,0.03248078711937242,0.0,True,0.00016849923732766697,49999,1.892561416956596,0,query_limit,0.03254958348939753,0.014989625139503637,True,True,True,49999.0,24999.0,,none,,,1450.0,7700.0,18850.0
HS113,zominmax,8,50000,1800,0.03241770080541015,0.0,True,0.0001054129233653972,49999,1.9154728749999776,0,query_limit,0.03194514237754955,0.018923192169762616,True,True,True,49999.0,24999.0,,none,,,1450.0,9600.0,22450.0
HS113,zominmax,9,50000,1800,0.03243105601261763,0.0,True,0.00011876813057287716,49999,1.8788789169630036,0,query_limit,0.03281913401009258,0.04261205306145257,True,True,True,49999.0,24999.0,,none,,,1400.0,7550.0,13750.0
HS113,zominmax,10,50000,1800,0.032426062905342605,0.0,True,0.00011377502329785322,49999,1.9001017909031361,0,query_limit,0.03240309740911921,0.01702657746998284,True,True,True,49999.0,24999.0,,none,,,1500.0,13250.0,16850.0
HS113,szo_conex,1,50000,1800,0.2568053191583798,0.0,True,0.22449303127633502,49982,1.3812951250001788,0,query_limit,0.5180665924630318,0.0,False,False,False,49982.0,1470.0,True,none,,,inf,inf,inf
HS113,szo_conex,2,50000,1800,0.2342489263996854,0.0,True,0.20193663851764065,49982,1.3949560839682817,0,query_limit,0.49359825960873066,0.0,False,False,False,49982.0,1470.0,True,none,,,inf,inf,inf
HS113,szo_conex,3,50000,1800,0.27442308781634045,0.0,True,0.24211079993429568,49982,1.39503987506032,0,query_limit,0.5492184559224317,0.0,False,False,False,49982.0,1470.0,True,none,,,inf,inf,inf
HS113,szo_conex,4,50000,1800,0.2691756485903595,0.0,True,0.2368633607083147,49982,1.3738820001017302,0,query_limit,0.5326915553823325,0.0,False,False,False,49982.0,1470.0,True,none,,,inf,inf,inf
HS113,szo_conex,5,50000,1800,0.2830742440142583,0.0,True,0.2507619561322135,49982,1.3741363330045715,0,query_limit,0.5518144696939403,0.0,False,False,False,49982.0,1470.0,True,none,,,inf,inf,inf
HS113,szo_conex,6,50000,1800,0.24698592289057905,0.0,True,0.2146736350085343,49982,1.4040334169985726,0,query_limit,0.4972426501824534,0.0,False,False,False,49982.0,1470.0,True,none,,,inf,inf,inf
HS113,szo_conex,7,50000,1800,0.26750232543318575,0.0,True,0.23519003755114098,49982,1.3806187090231106,0,query_limit,0.5150954307500447,0.0,False,False,False,49982.0,1470.0,True,none,,,inf,inf,inf
HS113,szo_conex,8,50000,1800,0.2550770033842664,0.0,True,0.22276471550222166,49982,1.3988105000462383,0,query_limit,0.5139068365237973,0.0,False,False,False,49982.0,1470.0,True,none,,,inf,inf,inf
HS113,szo_conex,9,50000,1800,0.24984574032876047,0.0,True,0.21753345244671574,49982,1.3932449170388281,0,query_limit,0.5197542481838027,0.0,False,False,False,49982.0,1470.0,True,none,,,inf,inf,inf
HS113,szo_conex,10,50000,1800,0.22671194556708124,0.0,True,0.19439965768503648,49982,1.3772832499817014,0,query_limit,0.4899895632014506,0.0,False,False,False,49982.0,1470.0,True,none,,,inf,inf,inf
POLAK3,zob_sgda,1,50000,1800,6.233734487110121,0.0,True,0.06007925072197119,49996,4.00438912503887,0,completed,5.424073404982573,0.012684666555676287,True,False,False,49996.0,,,none,,,6800.0,inf,inf
POLAK3,zob_sgda,2,50000,1800,6.164179101975341,0.0,True,0.04599098912999475,49996,3.8814611659618095,0,completed,5.42751392135345,0.012621779540825205,True,False,False,49996.0,,,none,,,6700.0,inf,inf
POLAK3,zob_sgda,3,50000,1800,6.264113271198923,0.0,True,0.06623239409483711,49996,4.0713536670664325,0,completed,5.424782655188573,0.012681531713098717,True,False,False,49996.0,,,none,,,7000.0,inf,inf
POLAK3,zob_sgda,4,50000,1800,6.178447387868574,0.0,True,0.048880993171284415,49996,4.155803833971731,0,completed,5.422678307517143,0.012701654031928206,True,False,False,49996.0,,,none,,,7000.0,inf,inf
POLAK3,zob_sgda,5,50000,1800,6.110035928288783,0.0,True,0.035024430712728094,49996,4.17308812495321,0,completed,5.425838802614586,0.012675408026877425,True,False,False,49996.0,,,none,,,6750.0,inf,inf
POLAK3,zob_sgda,6,50000,1800,6.118291517330041,0.0,True,0.03669657871081239,49996,4.154589458950795,0,completed,5.429240837224817,0.012632461148339791,True,False,False,49996.0,,,none,,,6750.0,inf,inf
POLAK3,zob_sgda,7,50000,1800,6.168205637445411,0.0,True,0.04680655337281781,49996,4.189611291978508,0,completed,5.428428199967158,0.012617897642435847,True,False,False,49996.0,,,none,,,6800.0,inf,inf
POLAK3,zob_sgda,8,50000,1800,6.370857979234353,0.0,True,0.08785325590802705,49996,4.293170666904189,0,completed,5.4237279461320265,0.012707232133096505,True,False,False,49996.0,,,none,,,7000.0,inf,inf
POLAK3,zob_sgda,9,50000,1800,6.352561619719191,0.0,True,0.08414737607527263,49996,4.098385791992769,0,completed,5.429035672269032,0.012638499017546358,True,False,False,49996.0,,,none,,,6850.0,inf,inf
POLAK3,zob_sgda,10,50000,1800,6.089937932975961,0.0,True,0.030953634254730206,49996,4.172954250010662,0,completed,5.425202034343028,0.012681269471366226,True,False,False,49996.0,,,none,,,6750.0,inf,inf
POLAK3,zob_gda,1,50000,1800,5.9745108893459955,0.0,True,0.007574188043680589,49995,2.6360870839562267,0,completed,5.018251977986241,0.02357960114455949,True,True,False,49995.0,,,none,,,22350.0,38200.0,inf
POLAK3,zob_gda,2,50000,1800,5.962400188957397,0.0,True,0.005121197311100906,49995,2.6294994589406997,0,completed,4.099820576742698,0.06979414618863028,True,True,False,49995.0,,,none,,,22750.0,31000.0,inf
POLAK3,zob_gda,3,50000,1800,5.971647102992335,0.0,True,0.006994135597479224,49995,2.719463791931048,0,completed,3.732584549168955,0.0879079532771449,True,True,False,49995.0,,,none,,,22450.0,30750.0,inf
POLAK3,zob_gda,4,50000,1800,5.990828592513154,0.0,True,0.010879296201067448,49995,2.6097742909332737,0,completed,4.774547912484558,0.03149699899447778,True,False,False,49995.0,,,none,,,14200.0,inf,inf
POLAK3,zob_gda,5,50000,1800,6.051441858822772,0.0,True,0.023156354980331258,49995,2.553714125067927,0,completed,3.6011850570963295,0.09360530742003782,True,False,False,49995.0,,,none,,,22600.0,inf,inf
POLAK3,zob_gda,6,50000,1800,6.038235713404711,0.0,True,0.020481484718153795,49995,2.5237466249382123,0,completed,4.02755882144227,0.07014251119365694,True,False,False,49995.0,,,none,,,22300.0,inf,inf
POLAK3,zob_gda,7,50000,1800,5.998022653293478,0.0,True,0.012336434422434341,49995,2.6670119159389287,0,completed,5.175866225227349,0.020686536584518574,True,False,False,49995.0,,,none,,,14250.0,inf,inf
POLAK3,zob_gda,8,50000,1800,6.023316538384219,0.0,True,0.01745964478415188,49995,2.55713587498758,0,completed,4.23475308112419,0.06265299389754425,True,False,False,49995.0,,,none,,,22400.0,inf,inf
POLAK3,zob_gda,9,50000,1800,6.038284214456828,0.0,True,0.020491308479583557,49995,2.534697375027463,0,completed,3.6806238977565755,0.09021656707543171,True,False,False,49995.0,,,none,,,22450.0,inf,inf
POLAK3,zob_gda,10,50000,1800,5.950654203422341,0.0,True,0.002742078619531915,49995,2.606240625027567,0,completed,5.278234339402454,0.019205910856399555,True,True,False,49995.0,,,none,,,21950.0,29750.0,inf
POLAK3,nomad_default,1,50000,1800,2e+19,0.0,True,4.0509477633333617e+18,800,0.2766795419738628,0,nomad_done:1,2e+19,inf,False,False,False,811.0,,,none,True,362436069 521288629 1588437975,inf,inf,inf
POLAK3,nomad_default,2,50000,1800,2e+19,0.0,True,4.0509477633333617e+18,800,0.29012333299033344,0,nomad_done:1,2e+19,inf,False,False,False,806.0,,,none,True,521288629 1588437975 2268752316,inf,inf,inf
POLAK3,nomad_default,3,50000,1800,1e+19,0.0,True,2.0254738816666808e+18,800,0.28209279099246487,0,nomad_done:1,9.999999999999996e+18,inf,False,False,False,813.0,,,none,True,1588437975 2268752316 3071397075,inf,inf,inf
POLAK3,nomad_default,4,50000,1800,2e+19,0.0,True,4.0509477633333617e+18,800,0.2950103330076672,0,nomad_done:1,2e+19,inf,False,False,False,817.0,,,none,True,2268752316 3071397075 1066942004,inf,inf,inf
POLAK3,nomad_default,5,50000,1800,inf,1.0,False,inf,650,0.21124450000934303,0,nomad_done:-1,10001.0,inf,False,False,False,695.0,,,none,True,3071397075 1066942004 2996772340,inf,inf,inf
POLAK3,nomad_default,6,50000,1800,2e+19,0.0,True,4.0509477633333617e+18,800,0.28378908400190994,0,nomad_done:1,2e+19,inf,False,False,False,817.0,,,none,True,1066942004 2996772340 86133791,inf,inf,inf
POLAK3,nomad_default,7,50000,1800,inf,1.0,False,inf,650,0.2072687500040047,0,nomad_done:-1,10001.0,inf,False,False,False,695.0,,,none,True,2996772340 86133791 3042881956,inf,inf,inf
POLAK3,nomad_default,8,50000,1800,1e+19,0.0,True,2.0254738816666808e+18,800,0.280778290994931,0,nomad_done:1,1e+19,inf,False,False,False,817.0,,,none,True,86133791 3042881956 1313616534,inf,inf,inf
POLAK3,nomad_default,9,50000,1800,5e+18,0.0,True,1.0127369408333404e+18,800,0.27936866699019447,0,nomad_done:1,534.1258364266762,inf,False,False,False,816.0,,,none,True,3042881956 1313616534 646932915,inf,inf,inf
POLAK3,nomad_default,10,50000,1800,1e+19,0.0,True,2.0254738816666808e+18,800,0.28289324999786913,0,nomad_done:1,1e+19,inf,False,False,False,823.0,,,none,True,1313616534 646932915 1705310046,inf,inf,inf
POLAK3,zoagp,1,50000,1800,inf,0.4354207065863634,False,inf,1717,0.11599420802667737,0,oracle_domain_failure,-6.1405126292177785,inf,False,False,False,1717.0,131.0,,none,,,inf,inf,inf
POLAK3,zominmax,1,50000,1800,inf,0.6887047610925824,False,inf,1241,0.05066783307120204,0,oracle_domain_failure,-47.9842512853668,inf,False,False,False,1241.0,619.0,,none,,,inf,inf,inf
POLAK3,zominmax,2,50000,1800,inf,1.0,False,inf,49,0.001966250012628734,0,oracle_domain_failure,-1e+20,inf,False,False,False,49.0,23.0,,none,,,inf,inf,inf
POLAK3,zominmax,3,50000,1800,inf,0.4898106953449394,False,inf,1141,0.04982124990783632,0,oracle_domain_failure,3044068915.1918974,inf,False,False,False,1141.0,569.0,,none,,,inf,inf,inf
POLAK3,zominmax,4,50000,1800,inf,0.6108847746856451,False,inf,1199,0.049903207924216986,0,oracle_domain_failure,7478.126127093306,inf,False,False,False,1199.0,598.0,,none,,,inf,inf,inf
POLAK3,zominmax,5,50000,1800,inf,0.5277004025677063,False,inf,1337,0.059587790980003774,0,oracle_domain_failure,-27231.54560933463,inf,False,False,False,1337.0,667.0,,none,,,inf,inf,inf
POLAK3,zominmax,6,50000,1800,inf,0.6827339240600272,False,inf,1367,0.05478062492329627,0,oracle_domain_failure,-74.07141889700452,inf,False,False,False,1367.0,682.0,,none,,,inf,inf,inf
POLAK3,zominmax,7,50000,1800,inf,0.5682824922945746,False,inf,1271,0.053852166049182415,0,oracle_domain_failure,2653052262045.8926,inf,False,False,False,1271.0,634.0,,none,,,inf,inf,inf
POLAK3,zominmax,8,50000,1800,inf,0.9943153521349697,False,inf,35,0.0013425829820334911,0,oracle_domain_failure,-133.80144228682258,inf,False,False,False,35.0,16.0,,none,,,inf,inf,inf
POLAK3,zominmax,9,50000,1800,inf,1.0,False,inf,31,0.0014864170225337148,0,oracle_domain_failure,-1e+20,inf,False,False,False,31.0,14.0,,none,,,inf,inf,inf
POLAK3,zominmax,10,50000,1800,inf,0.6545467184559114,False,inf,1111,0.04352049995213747,0,oracle_domain_failure,218532.55527724934,inf,False,False,False,1111.0,554.0,,none,,,inf,inf,inf
POLAK3,szo_conex,1,50000,1800,inf,0.4313546181286552,False,inf,49982,1.8088123330380768,0,query_limit,-8.81206606328978,0.7279660966868498,False,False,False,49982.0,1190.0,True,none,,,inf,inf,inf
POLAK3,szo_conex,2,50000,1800,inf,0.4023165531338843,False,inf,49982,1.8358850000659004,0,query_limit,-8.111555167394975,0.6883209251942186,False,False,False,49982.0,1190.0,True,none,,,inf,inf,inf
POLAK3,szo_conex,3,50000,1800,inf,0.38545608204005066,False,inf,49982,1.8437474999809638,0,query_limit,-6.839035454786825,0.6341562848922849,False,False,False,49982.0,1190.0,True,none,,,inf,inf,inf
POLAK3,szo_conex,4,50000,1800,inf,0.44624745843732433,False,inf,49982,1.8208950409898534,0,query_limit,-7.390380966322406,0.6554746696795735,False,False,False,49982.0,1190.0,True,none,,,inf,inf,inf
POLAK3,szo_conex,5,50000,1800,inf,0.3513808613162106,False,inf,49982,1.8206247090129182,0,query_limit,-7.532039215144492,0.6604138203904817,False,False,False,49982.0,1190.0,True,none,,,inf,inf,inf
POLAK3,szo_conex,6,50000,1800,inf,0.3868550722251192,False,inf,49982,1.8429766659392044,0,query_limit,-5.904801123764334,0.5783127753643065,False,False,False,49982.0,1190.0,True,none,,,inf,inf,inf
POLAK3,szo_conex,7,50000,1800,inf,0.42621444224605504,False,inf,49982,1.8472225000150502,0,query_limit,-7.800544654104161,0.6787632314430627,False,False,False,49982.0,1190.0,True,none,,,inf,inf,inf
POLAK3,szo_conex,8,50000,1800,inf,0.4126400122916759,False,inf,49982,1.8117159999674186,0,query_limit,-8.173982941870554,0.6976903669828,False,False,False,49982.0,1190.0,True,none,,,inf,inf,inf
POLAK3,szo_conex,9,50000,1800,inf,0.43259989522677117,False,inf,49982,1.8022329170489684,0,query_limit,-6.674325875388179,0.6173560909807875,False,False,False,49982.0,1190.0,True,none,,,inf,inf,inf
POLAK3,szo_conex,10,50000,1800,inf,0.39902699805571,False,inf,49982,1.8191621250007302,0,query_limit,-8.806256817027254,0.7280011508908927,False,False,False,49982.0,1190.0,True,none,,,inf,inf,inf
HS116,zob_sgda,1,50000,1800,inf,0.3596093428546868,False,inf,49996,4.605973333003931,0,completed,0.7149968716074142,2.508906489044206,False,False,False,49996.0,,,none,,,inf,inf,inf
HS116,zob_sgda,2,50000,1800,inf,0.2757265339828854,False,inf,49996,4.617989542079158,0,completed,0.6781006817701712,0.2757265339828854,False,False,False,49996.0,,,none,,,inf,inf,inf
HS116,zob_sgda,3,50000,1800,inf,0.2302024803259991,False,inf,49996,4.61395437491592,0,completed,0.6578677690337774,0.2302024803259991,False,False,False,49996.0,,,none,,,inf,inf,inf
HS116,zob_sgda,4,50000,1800,inf,0.2593561106919344,False,inf,49996,4.553155584027991,0,completed,0.6710538776013719,0.6781430233726781,False,False,False,49996.0,,,none,,,inf,inf,inf
HS116,zob_sgda,5,50000,1800,inf,0.31749342762287824,False,inf,49996,4.553838124964386,0,completed,0.6966637456101681,0.31749342762287824,False,False,False,49996.0,,,none,,,inf,inf,inf
HS116,zob_sgda,6,50000,1800,inf,0.26845737566002553,False,inf,49996,4.6256362500134856,0,completed,0.6741690853011176,238.76293102906615,False,False,False,49996.0,,,none,,,inf,inf,inf
HS116,zob_sgda,7,50000,1800,inf,0.21342412688588552,False,inf,49996,4.64433429192286,0,completed,0.6504107230603936,0.21342412688588552,False,False,False,49996.0,,,none,,,inf,inf,inf
HS116,zob_sgda,8,50000,1800,inf,0.3664546169971979,False,inf,49996,4.512113459059037,0,completed,0.7183467111454344,5.145150962457482,False,False,False,49996.0,,,none,,,inf,inf,inf
HS116,zob_sgda,9,50000,1800,inf,0.2843570808202818,False,inf,49996,4.639160082908347,0,completed,0.6811182097439171,5.54673556583033,False,False,False,49996.0,,,none,,,inf,inf,inf
HS116,zob_sgda,10,50000,1800,inf,0.2788950390620195,False,inf,49996,4.5067382080014795,0,completed,0.6785708281804455,2.4893969355995433,False,False,False,49996.0,,,none,,,inf,inf,inf
HS116,zob_gda,1,50000,1800,inf,0.10494788557970071,False,inf,49995,2.9545254580443725,0,completed,0.4386816966278439,2.5030159395220966,False,False,False,49995.0,,,none,,,inf,inf,inf
HS116,zob_gda,2,50000,1800,inf,0.056619409264951896,False,inf,49995,3.0377200840739533,0,completed,0.42370202678700697,811.8459094640226,False,False,False,49995.0,,,none,,,inf,inf,inf
HS116,zob_gda,3,50000,1800,inf,0.10177210934862517,False,inf,49995,2.9250255830120295,0,completed,0.4470314872388148,2.5086815886250062,False,False,False,49995.0,,,none,,,inf,inf,inf
HS116,zob_gda,4,50000,1800,inf,0.11289722764603811,False,inf,49995,2.934200374991633,0,completed,0.41201010385094344,832.541410364211,False,False,False,49995.0,,,none,,,inf,inf,inf
HS116,zob_gda,5,50000,1800,inf,0.10317321123608793,False,inf,49995,2.9287304159952328,0,completed,0.47380732871934145,0.5563878437595773,False,False,False,49995.0,,,none,,,inf,inf,inf
HS116,zob_gda,6,50000,1800,inf,0.11465421427628163,False,inf,49995,2.855648500029929,0,completed,0.440798051243804,0.28876303387729174,False,False,False,49995.0,,,none,,,inf,inf,inf
HS116,zob_gda,7,50000,1800,inf,0.10607628848451368,False,inf,49995,2.9547929170075804,0,completed,0.4274630758330836,0.13861325922117546,False,False,False,49995.0,,,none,,,inf,inf,inf
HS116,zob_gda,8,50000,1800,inf,0.08153870864880255,False,inf,49995,3.120915250037797,0,completed,0.44229163976179264,2.5304919028252697,False,False,False,49995.0,,,none,,,inf,inf,inf
HS116,zob_gda,9,50000,1800,inf,0.1089322071405406,False,inf,49995,2.983884165994823,0,completed,0.4477356204487099,1.5173738584623324,False,False,False,49995.0,,,none,,,inf,inf,inf
HS116,zob_gda,10,50000,1800,inf,0.09323173279949155,False,inf,49995,3.0249976250343025,0,completed,0.46735351938346964,4.962468324996456,False,False,False,49995.0,,,none,,,inf,inf,inf
HS116,nomad_default,1,50000,1800,0.23672942615162665,0.0,True,0.019906898911633275,28000,1799.9923065410112,0,nomad_done:-4,0.2367346366635318,2.2665872348108268e-07,True,False,False,28000.0,,,none,True,362436069 521288629 1588437975,4300.0,inf,inf
HS116,nomad_default,2,50000,1800,0.2169835104444444,0.0,True,0.0001609832044510151,13500,741.0249047920224,0,nomad_done:1,0.21701132853912733,0.0,True,True,True,13525.0,,,none,True,521288629 1588437975 2268752316,500.0,2850.0,4750.0
HS116,nomad_default,3,50000,1800,0.22908035705149954,0.0,True,0.012257829811506166,34950,1796.906101416971,0,nomad_done:-4,0.22914033560872774,3.586411338242806e-08,True,False,False,34982.0,,,none,True,1588437975 2268752316 3071397075,19750.0,inf,inf
HS116,nomad_default,4,50000,1800,0.2187618433224078,1.6691755668022192e-05,True,0.0019393160824144329,8450,118.43942933401559,0,nomad_done:-1,0.21926256935502353,1.9641515334980093e-05,True,True,False,8478.0,,,none,True,2268752316 3071397075 1066942004,3000.0,3000.0,inf
HS116,nomad_default,5,50000,1800,0.23399411627556782,0.0,True,0.017171589035574447,25550,1789.5450928329956,0,nomad_done:-4,0.23401947837708195,0.0,True,False,False,25577.0,,,none,True,3071397075 1066942004 2996772340,8650.0,inf,inf
HS116,nomad_default,6,50000,1800,0.2187618433224078,1.6691755668022192e-05,True,0.0019393160824144329,8450,118.19254762498895,0,nomad_done:-1,0.21926256935502353,1.9641515334980093e-05,True,True,False,8478.0,,,none,True,1066942004 2996772340 86133791,3000.0,3000.0,inf
HS116,nomad_default,7,50000,1800,0.23399411627556782,0.0,True,0.017171589035574447,25600,1797.005137207976,1,nomad_done:-4,0.2340194685157205,4.1209421016800753e-08,True,False,False,25654.0,,,none,True,2996772340 86133791 3042881956,8650.0,inf,inf
HS116,nomad_default,8,50000,1800,0.22576442071981614,0.0,True,0.008941893479822771,17600,1091.5727470419952,0,nomad_done:1,0.22581005151536904,2.2257160649156728e-07,True,True,False,17649.0,,,none,True,86133791 3042881956 1313616534,550.0,6150.0,inf
HS116,nomad_default,9,50000,1800,0.21682252723999337,0.0,True,0.0,19400,1623.8233357080026,0,nomad_done:1,0.21689678215554675,2.509133934449183e-07,True,True,True,19441.0,,,none,True,3042881956 1313616534 646932915,600.0,3500.0,5650.0
HS116,nomad_default,10,50000,1800,0.21800372159852596,0.0,True,0.001181194358532589,25350,1796.2918065830017,2,nomad_done:-4,0.2180981972317031,1.7418607915678326e-06,True,True,False,25478.0,,,none,True,1313616534 646932915 1705310046,1100.0,7450.0,inf
HS116,zoagp,1,50000,1800,inf,0.08248672036523269,False,inf,49995,3.924201583955437,0,query_limit,0.5245795211607226,4.698434578260285,False,False,False,49995.0,3571.0,,none,,,inf,inf,inf
HS116,zominmax,1,50000,1800,inf,0.07179304500268084,False,inf,49999,2.3648277500178665,0,query_limit,0.9496811277082948,10.219045395308482,False,False,False,49999.0,24999.0,,none,,,inf,inf,inf
HS116,zominmax,2,50000,1800,inf,0.08964092213070884,False,inf,49999,2.3562599170254543,0,query_limit,0.5027649873923458,0.8623561446786447,False,False,False,49999.0,24999.0,,none,,,inf,inf,inf
HS116,zominmax,3,50000,1800,inf,0.039519285205934764,False,inf,49999,2.3735209580045193,0,query_limit,0.1989830039298683,50.50417422032139,False,False,False,49999.0,24999.0,,none,,,inf,inf,inf
HS116,zominmax,4,50000,1800,inf,0.04420550971681419,False,inf,49999,2.360473041073419,0,query_limit,0.42184152778492967,6.591417306247838,False,False,False,49999.0,24999.0,,none,,,inf,inf,inf
HS116,zominmax,5,50000,1800,inf,0.025757735002244774,False,inf,49999,2.3681478749495,0,query_limit,0.3355557777777778,4.645058120566685,False,False,False,49999.0,24999.0,,none,,,inf,inf,inf
HS116,zominmax,6,50000,1800,inf,0.010696515415167375,False,inf,49999,2.3792195830028504,0,query_limit,0.39447235546556525,56.599336168906085,False,False,False,49999.0,24999.0,,none,,,inf,inf,inf
HS116,zominmax,7,50000,1800,inf,0.07464208646144609,False,inf,49999,2.3519402079982683,0,query_limit,0.6775294654027983,9.055892498793826,False,False,False,49999.0,24999.0,,none,,,inf,inf,inf
HS116,zominmax,8,50000,1800,inf,0.061596040309266686,False,inf,49999,2.36441579204984,0,query_limit,0.5258493602376345,0.9842229293399796,False,False,False,49999.0,24999.0,,none,,,inf,inf,inf
HS116,zominmax,9,50000,1800,inf,0.03239589897904634,False,inf,49999,2.354929583030753,0,query_limit,1.0,46.25273968572279,False,False,False,49999.0,24999.0,,none,,,inf,inf,inf
HS116,zominmax,10,50000,1800,inf,0.0249975,False,inf,49999,2.357865041005425,0,query_limit,0.26669927420413303,4.066581977480439,False,False,False,49999.0,24999.0,,none,,,inf,inf,inf
HS116,szo_conex,1,50000,1800,inf,0.09981999999999991,False,inf,49998,1.6726558330701664,0,query_limit,0.5063584129478466,4.641612670733342,False,False,False,49998.0,862.0,True,none,,,inf,inf,inf
HS116,szo_conex,2,50000,1800,inf,0.2500005,False,inf,49998,1.6651345420395955,0,query_limit,0.49549279662863677,4.687349286215881,False,False,False,49998.0,862.0,True,none,,,inf,inf,inf
HS116,szo_conex,3,50000,1800,inf,0.1998200000000001,False,inf,49998,1.6850061659934,0,query_limit,0.5145372341252619,6.060680311758058,False,False,False,49998.0,862.0,True,none,,,inf,inf,inf
HS116,szo_conex,4,50000,1800,inf,0.09999999999999998,False,inf,49998,1.6759333750233054,0,query_limit,0.5021753586686437,4.979603727212522,False,False,False,49998.0,862.0,True,none,,,inf,inf,inf
HS116,szo_conex,5,50000,1800,inf,0.09999999999999998,False,inf,49998,1.6940692089265212,0,query_limit,0.49984877277751333,4.4392759137753846,False,False,False,49998.0,862.0,True,none,,,inf,inf,inf
HS116,szo_conex,6,50000,1800,inf,0.09981999999999996,False,inf,49998,1.6771013750694692,0,query_limit,0.500559636447009,5.188712030931027,False,False,False,49998.0,862.0,True,none,,,inf,inf,inf
HS116,szo_conex,7,50000,1800,inf,0.1998200000000001,False,inf,49998,1.6534245410002768,0,query_limit,0.5132866430972173,5.335136585796537,False,False,False,49998.0,862.0,True,none,,,inf,inf,inf
HS116,szo_conex,8,50000,1800,inf,0.09981999999999991,False,inf,49998,1.6580592920072377,0,query_limit,0.5004784868587976,5.893181866805672,False,False,False,49998.0,862.0,True,none,,,inf,inf,inf
HS116,szo_conex,9,50000,1800,inf,0.196317794420565,False,inf,49998,1.6832504160702229,0,query_limit,0.5081064469572724,5.149497481851572,False,False,False,49998.0,862.0,True,none,,,inf,inf,inf
HS116,szo_conex,10,50000,1800,inf,0.1998200000000001,False,inf,49998,1.6553779159439728,0,query_limit,0.4993910750497485,6.045308535459352,False,False,False,49998.0,862.0,True,none,,,inf,inf,inf
HAIFAS,zob_sgda,1,50000,1800,-0.4500719983940001,0.0,True,2.6766238844899704e-05,49996,3.782032083021477,0,completed,-0.44940326182425056,0.0,True,True,True,49996.0,,,none,,,550.0,3100.0,10650.0
HAIFAS,zob_sgda,2,50000,1800,-0.4500973875792964,0.0,True,1.377053548579088e-06,49996,3.829016917035915,0,completed,-0.449748768494868,0.0,True,True,True,49996.0,,,none,,,650.0,1800.0,4000.0
HAIFAS,zob_sgda,3,50000,1800,-0.4500945252880911,0.0,True,4.23934475390908e-06,49996,3.8755397089989856,0,completed,-0.4499996992832373,0.0,True,True,True,49996.0,,,none,,,850.0,2500.0,4550.0
HAIFAS,zob_sgda,4,50000,1800,-0.45009432572583935,0.0,True,4.438907005632764e-06,49996,3.856941625010222,0,completed,-0.4500659535144204,0.00010547176060463903,True,True,True,49996.0,,,none,,,800.0,2250.0,3350.0
HAIFAS,zob_sgda,5,50000,1800,-0.2616225124293594,0.0,True,0.18847625220348557,49996,3.8156651250319555,0,completed,32.95018201150528,8e+41,False,False,False,49996.0,,,none,,,inf,inf,inf
HAIFAS,zob_sgda,6,50000,1800,-0.07894166927061283,0.0,True,0.3711570953622322,49996,3.762940749991685,0,completed,-0.046367477217370195,8.000000000000001e+39,False,False,False,49996.0,,,none,,,inf,inf,inf
HAIFAS,zob_sgda,7,50000,1800,-0.4500940708758635,0.0,True,4.693756981477559e-06,49996,3.6031629589851946,0,completed,-0.4499478189035155,0.0,True,True,True,49996.0,,,none,,,850.0,2350.0,8650.0
HAIFAS,zob_sgda,8,50000,1800,0.0,0.0,True,0.450098764632845,49996,3.63544333295431,0,completed,12.8418185868527,8e+41,False,False,False,49996.0,,,none,,,inf,inf,inf
HAIFAS,zob_sgda,9,50000,1800,0.0,0.0,True,0.450098764632845,49996,3.675176541088149,0,completed,1.852133513180912,8e+41,False,False,False,49996.0,,,none,,,inf,inf,inf
HAIFAS,zob_sgda,10,50000,1800,-0.4500981328608671,0.0,True,6.317719778992092e-07,49996,3.527967332978733,0,completed,-0.450002025394987,3.444445577115706e-05,True,True,True,49996.0,,,none,,,900.0,1950.0,3750.0
HAIFAS,zob_gda,1,50000,1800,-0.4429601618489623,0.0,True,0.007138602783882675,49995,2.9673423749627545,0,completed,-0.5675213915239886,0.1219066639062553,True,True,False,49995.0,,,none,,,550.0,29500.0,inf
HAIFAS,zob_gda,2,50000,1800,-0.44990197448047553,0.0,True,0.00019679015236945263,49995,3.014190125046298,0,completed,-0.0644168197703942,0.0,True,True,True,49995.0,,,none,,,600.0,1500.0,7250.0
HAIFAS,zob_gda,3,50000,1800,-0.44693982294180257,0.0,True,0.003158941691042416,49995,2.9527624170295894,0,completed,-0.26219085911810197,0.0,True,True,False,49995.0,,,none,,,550.0,1700.0,inf
HAIFAS,zob_gda,4,50000,1800,-0.44859662490566077,0.0,True,0.0015021397271842152,49995,2.9832348749041557,0,completed,-0.3391666283587001,0.0,True,True,False,49995.0,,,none,,,800.0,1650.0,inf
HAIFAS,zob_gda,5,50000,1800,-0.44896626715842836,0.0,True,0.0011324974744166272,49995,2.4760861670365557,0,completed,-0.7802714854090103,0.36810848790276307,True,True,False,49995.0,,,none,,,400.0,3300.0,inf
HAIFAS,zob_gda,6,50000,1800,-0.44770441938783956,0.0,True,0.0023943452450054248,49995,2.474390916991979,0,completed,-0.11523387491340133,0.0,True,True,False,49995.0,,,none,,,1000.0,5500.0,inf
HAIFAS,zob_gda,7,50000,1800,-0.4443434102327926,0.0,True,0.00575535440005237,49995,2.478450290975161,0,completed,-0.6261140317871198,0.1958326519927834,True,True,False,49995.0,,,none,,,500.0,2950.0,inf
HAIFAS,zob_gda,8,50000,1800,-0.44745400926094164,0.0,True,0.00264475537190334,49995,2.40975824999623,0,completed,-0.5220602059590114,0.0772609252337762,True,True,False,49995.0,,,none,,,500.0,650.0,inf
HAIFAS,zob_gda,9,50000,1800,-0.44801122880958005,0.0,True,0.00208753582326493,49995,2.551437290967442,0,completed,-0.5453876354583668,0.10936726219259199,True,True,False,49995.0,,,none,,,650.0,9000.0,inf
HAIFAS,zob_gda,10,50000,1800,-0.449142920483098,0.0,True,0.0009558441497469761,49995,2.5304011249681935,0,completed,-0.7973858696680589,0.40272090644158265,True,True,True,49995.0,,,none,,,600.0,3000.0,17850.0
HAIFAS,nomad_default,1,50000,1800,0.0,0.0,True,0.450098764632845,2500,23.957546499965247,0,nomad_done:1,-0.63785313647788,1.2457239322068154,False,False,False,2521.0,,,none,True,362436069 521288629 1588437975,inf,inf,inf
HAIFAS,nomad_default,2,50000,1800,0.0,0.0,True,0.450098764632845,1700,16.988172124954872,0,nomad_done:1,-168.12444459800918,570.689753537125,False,False,False,1747.0,,,none,True,521288629 1588437975 2268752316,inf,inf,inf
HAIFAS,nomad_default,3,50000,1800,0.0,0.0,True,0.450098764632845,2800,27.09610129200155,0,nomad_done:1,57.71723603811186,0.0,False,False,False,2848.0,,,none,True,1588437975 2268752316 3071397075,inf,inf,inf
HAIFAS,nomad_default,4,50000,1800,0.0,0.0,True,0.450098764632845,2400,18.989567290991545,0,nomad_done:1,-211.39197795797256,214.77558623184714,False,False,False,2408.0,,,none,True,2268752316 3071397075 1066942004,inf,inf,inf
HAIFAS,nomad_default,5,50000,1800,0.0,0.0,True,0.450098764632845,2000,21.18680304096779,0,nomad_done:1,-15.8020102264732,17.02989029889745,False,False,False,2037.0,,,none,True,3071397075 1066942004 2996772340,inf,inf,inf
HAIFAS,nomad_default,6,50000,1800,0.0,0.0,True,0.450098764632845,2400,19.301102125027683,0,nomad_done:1,-211.39197795797256,214.77558623184714,False,False,False,2408.0,,,none,True,1066942004 2996772340 86133791,inf,inf,inf
HAIFAS,nomad_default,7,50000,1800,0.0,0.0,True,0.450098764632845,2000,21.096658082969952,0,nomad_done:1,-15.8020102264732,17.02989029889745,False,False,False,2037.0,,,none,True,2996772340 86133791 3042881956,inf,inf,inf
HAIFAS,nomad_default,8,50000,1800,0.0,0.0,True,0.450098764632845,2150,21.12948545801919,0,nomad_done:1,-99.350973875499,214.31210675056602,False,False,False,2189.0,,,none,True,86133791 3042881956 1313616534,inf,inf,inf
HAIFAS,nomad_default,9,50000,1800,0.0,0.0,True,0.450098764632845,2200,19.28547045798041,0,nomad_done:1,96.26522270699542,0.2953853553723498,False,False,False,2219.0,,,none,True,3042881956 1313616534 646932915,inf,inf,inf
HAIFAS,nomad_default,10,50000,1800,0.0,0.0,True,0.450098764632845,1900,16.85869216598803,0,nomad_done:1,3.55907670763666,431.8614777662368,False,False,False,1944.0,,,none,True,1313616534 646932915 1705310046,inf,inf,inf
HAIFAS,zoagp,1,50000,1800,0.0,0.0,True,0.450098764632845,49995,2.9727504170732573,0,query_limit,343.2027283021762,4.2930454598635614e+32,False,False,False,49995.0,3571.0,,none,,,inf,inf,inf
HAIFAS,zominmax,1,50000,1800,0.0,0.0,True,0.450098764632845,49999,2.017498957924545,0,query_limit,-931358373756194.5,3.911678370202084e+30,False,False,False,49999.0,24999.0,,none,,,inf,inf,inf
HAIFAS,zominmax,2,50000,1800,0.0,0.0,True,0.450098764632845,49999,2.0110912090167403,0,query_limit,-1.001410614159299e+17,3.17373751977226e+36,False,False,False,49999.0,24999.0,,none,,,inf,inf,inf
HAIFAS,zominmax,3,50000,1800,0.0,0.0,True,0.450098764632845,49999,1.9874194170115516,0,query_limit,-38563555694715.63,1.6319729332096645e+31,False,False,False,49999.0,24999.0,,none,,,inf,inf,inf
HAIFAS,zominmax,4,50000,1800,0.0,0.0,True,0.450098764632845,49999,1.9723057079827413,0,query_limit,-1.7071706448014532e+16,5.617895017234162e+35,False,False,False,49999.0,24999.0,,none,,,inf,inf,inf
HAIFAS,zominmax,5,50000,1800,0.0,0.0,True,0.450098764632845,49999,1.9756955839693546,0,query_limit,-139727967203955.52,2.897592369086955e+30,False,False,False,49999.0,24999.0,,none,,,inf,inf,inf
HAIFAS,zominmax,6,50000,1800,0.0,0.0,True,0.450098764632845,49999,2.020599125069566,0,query_limit,-15360180605543.322,5.110326000824378e+27,False,False,False,49999.0,24999.0,,none,,,inf,inf,inf
HAIFAS,zominmax,7,50000,1800,0.0,0.0,True,0.450098764632845,49999,1.9701403339859098,0,query_limit,2.7722424961749532e+16,4.55324423356737e+33,False,False,False,49999.0,24999.0,,none,,,inf,inf,inf
HAIFAS,zominmax,8,50000,1800,0.0,0.0,True,0.450098764632845,49999,1.975402042036876,0,query_limit,-751092728523616.5,1.2448755246338423e+31,False,False,False,49999.0,24999.0,,none,,,inf,inf,inf
HAIFAS,zominmax,9,50000,1800,0.0,0.0,True,0.450098764632845,49999,1.9627106670523062,0,query_limit,33849919988526.36,1.918654847848855e+29,False,False,False,49999.0,24999.0,,none,,,inf,inf,inf
HAIFAS,zominmax,10,50000,1800,0.0,0.0,True,0.450098764632845,49999,1.9699976249830797,0,query_limit,-79629279947389.42,5.54089217758596e+28,False,False,False,49999.0,24999.0,,none,,,inf,inf,inf
HAIFAS,szo_conex,1,50000,1800,-0.011755359049207806,0.0,True,0.43834340558363716,49972,1.421484790975228,0,query_limit,9.536121673002764e+19,7.275009324986715e+41,False,False,False,49972.0,1315.0,True,none,,,inf,inf,inf
HAIFAS,szo_conex,2,50000,1800,-0.14867323246193498,0.0,True,0.30142553217091,49972,1.4492448749952018,0,query_limit,8.692015209125498e+19,3.702232598348801e+40,False,False,False,49972.0,1315.0,True,none,,,inf,inf,inf
HAIFAS,szo_conex,3,50000,1800,-0.00032777786183211746,0.0,True,0.44977098677101285,49972,1.4312550829490647,0,query_limit,9.467680608364921e+19,7.170958088160428e+41,False,False,False,49972.0,1315.0,True,none,,,inf,inf,inf
HAIFAS,szo_conex,4,50000,1800,-3.08096466585096e-05,0.0,True,0.45006795498618646,49972,1.4301595829892904,0,query_limit,9.567388555126936e+19,5.845722303300308e+41,False,False,False,49972.0,1315.0,True,none,,,inf,inf,inf
HAIFAS,szo_conex,5,50000,1800,-0.11855360151522978,0.0,True,0.33154516311761517,49972,1.4521823750110343,0,query_limit,8.19010056797154e+19,2.904008391607018e+40,False,False,False,49972.0,1315.0,True,none,,,inf,inf,inf
HAIFAS,szo_conex,6,50000,1800,0.0,0.0,True,0.450098764632845,49972,1.4335296670906246,0,query_limit,-9.558935361204817e+19,7.309859619216832e+41,False,False,False,49972.0,1315.0,True,none,,,inf,inf,inf
HAIFAS,szo_conex,7,50000,1800,-0.005041712293409636,0.0,True,0.4450570523394353,49972,1.4391643340932205,0,query_limit,6.706923860183007e+17,4.1912776624471494e+38,False,False,False,49972.0,1315.0,True,none,,,inf,inf,inf
HAIFAS,szo_conex,8,50000,1800,-0.006936047282095571,0.0,True,0.4431627173507494,49972,1.451861000037752,0,query_limit,-6.981660703725076e+17,7.334506604350136e+37,False,False,False,49972.0,1315.0,True,none,,,inf,inf,inf
HAIFAS,szo_conex,9,50000,1800,-0.0016792866138854996,0.0,True,0.4484194780189595,49972,1.4512731250142679,0,query_limit,2.712652013566737e+16,1.6659511307324757e+34,False,False,False,49972.0,1315.0,True,none,,,inf,inf,inf
HAIFAS,szo_conex,10,50000,1800,-0.01802321477671094,0.0,True,0.43207554985613406,49972,1.4421719169477,0,query_limit,-9.513307985448912e+19,6.516218072912919e+40,False,False,False,49972.0,1315.0,True,none,,,inf,inf,inf
HS117,zob_sgda,1,50000,1800,0.9640166894999699,0.0,True,0.8059815804197408,49996,2.85903470905032,0,completed,0.9640166922950439,0.0,False,False,False,49996.0,,,none,,,inf,inf,inf
HS117,zob_sgda,2,50000,1800,0.9642600456383051,0.0,True,0.806224936558076,49996,3.051181958988309,0,completed,0.9642600679988982,0.0,False,False,False,49996.0,,,none,,,inf,inf,inf
HS117,zob_sgda,3,50000,1800,0.9642283154893369,0.0,True,0.8061932064091077,49996,2.9513548329705372,0,completed,0.9642283825711164,0.0,False,False,False,49996.0,,,none,,,inf,inf,inf
HS117,zob_sgda,4,50000,1800,0.9643858752747682,0.0,True,0.806350766194539,49996,2.9849791249725968,0,completed,0.9643858864761157,0.0,False,False,False,49996.0,,,none,,,inf,inf,inf
HS117,zob_sgda,5,50000,1800,0.964587400998732,0.0,True,0.8065522919185029,49996,2.9746981249190867,0,completed,0.9645874457199184,0.0,False,False,False,49996.0,,,none,,,inf,inf,inf
HS117,zob_sgda,6,50000,1800,0.9643778044040866,0.0,True,0.8063426953238575,49996,2.973522917018272,0,completed,0.9643778491252728,0.0,False,False,False,49996.0,,,none,,,inf,inf,inf
HS117,zob_sgda,7,50000,1800,0.9651535999042122,0.0,True,0.8071184908239831,49996,2.9941633749986067,0,completed,0.9651535999120779,0.0,False,False,False,49996.0,,,none,,,inf,inf,inf
HS117,zob_sgda,8,50000,1800,0.9639879312447065,0.0,True,0.8059528221644774,49996,2.909300958039239,0,completed,0.9639879312519805,0.0,False,False,False,49996.0,,,none,,,inf,inf,inf
HS117,zob_sgda,9,50000,1800,0.9639617929971086,0.0,True,0.8059266839168795,49996,2.882067458005622,0,completed,0.9639618041774052,0.0,False,False,False,49996.0,,,none,,,inf,inf,inf
HS117,zob_sgda,10,50000,1800,0.9640022487452665,0.0,True,0.8059671396650374,49996,2.8030196669278666,0,completed,0.9640022487663794,0.0,False,False,False,49996.0,,,none,,,inf,inf,inf
HS117,zob_gda,1,50000,1800,0.9378403069046859,0.0,True,0.7798051978244568,49995,1.939303708029911,0,completed,0.9378403069046859,0.0,False,False,False,49995.0,,,none,,,inf,inf,inf
HS117,zob_gda,2,50000,1800,0.9394214875962046,0.0,True,0.7813863785159755,49995,1.9265568749979138,0,completed,0.9394216000968942,0.0,False,False,False,49995.0,,,none,,,inf,inf,inf
HS117,zob_gda,3,50000,1800,0.9400565777033716,0.0,True,0.7820214686231425,49995,2.0692549579543993,0,completed,0.9400566027047507,0.0,False,False,False,49995.0,,,none,,,inf,inf,inf
HS117,zob_gda,4,50000,1800,0.9392638556050713,0.0,True,0.7812287465248422,49995,2.005050375009887,0,completed,0.9392639056075827,0.0,False,False,False,49995.0,,,none,,,inf,inf,inf
HS117,zob_gda,5,50000,1800,0.9399628289807335,0.0,True,0.7819277199005044,49995,2.002541291061789,0,completed,0.9399628914971787,0.0,False,False,False,49995.0,,,none,,,inf,inf,inf
HS117,zob_gda,6,50000,1800,0.9404483349848715,0.0,True,0.7824132259046424,49995,2.0185843750368804,0,completed,0.9404483474849482,0.0,False,False,False,49995.0,,,none,,,inf,inf,inf
HS117,zob_gda,7,50000,1800,0.9409106430406644,0.0,True,0.7828755339604353,49995,1.977246708003804,0,completed,0.9409106555588839,0.0,False,False,False,49995.0,,,none,,,inf,inf,inf
HS117,zob_gda,8,50000,1800,0.9384307898180064,0.0,True,0.7803956807377773,49995,1.9258282500086352,0,completed,0.938430789835727,0.0,False,False,False,49995.0,,,none,,,inf,inf,inf
HS117,zob_gda,9,50000,1800,0.9396246919786011,0.0,True,0.781589582898372,49995,2.04981954197865,0,completed,0.939624754494455,0.0,False,False,False,49995.0,,,none,,,inf,inf,inf
HS117,zob_gda,10,50000,1800,0.9416394179688774,0.0,True,0.7836043088886483,49995,2.0060137499822304,0,completed,0.9416677593847524,0.0,False,False,False,49995.0,,,none,,,inf,inf,inf
HS117,nomad_default,1,50000,1800,0.9999833340645516,0.0,True,0.8419482249843225,1000,10.83329387503909,0,nomad_done:1,629391.0186896679,328.0903927488738,False,False,False,1023.0,,,none,True,362436069 521288629 1588437975,inf,inf,inf
HS117,nomad_default,2,50000,1800,0.9999540436580034,0.0,True,0.8419189345777743,1150,15.15836716699414,0,nomad_done:1,6763.0095987634295,161.99975279822868,False,False,False,1157.0,,,none,True,521288629 1588437975 2268752316,inf,inf,inf
HS117,nomad_default,3,50000,1800,0.1580351090802291,0.0,True,0.0,3250,63.64280874998076,0,nomad_done:1,0.1266353152633944,0.43500162460956493,True,True,True,3259.0,,,none,True,1588437975 2268752316 3071397075,3000.0,3250.0,3250.0
HS117,nomad_default,4,50000,1800,0.9999800008774621,0.0,True,0.841944891797233,1000,11.700718124979176,0,nomad_done:1,179883.8863564645,69.79678157333103,False,False,False,1026.0,,,none,True,2268752316 3071397075 1066942004,inf,inf,inf
HS117,nomad_default,5,50000,1800,0.96923076522244,0.0,True,0.8111956561422109,1050,10.765224832983222,0,nomad_done:1,13337078744.677992,0.0,False,False,False,1097.0,,,none,True,3071397075 1066942004 2996772340,inf,inf,inf
HS117,nomad_default,6,50000,1800,0.9999800008774621,0.0,True,0.841944891797233,1000,11.653930125001352,0,nomad_done:1,179883.8863564645,69.79678157333103,False,False,False,1026.0,,,none,True,1066942004 2996772340 86133791,inf,inf,inf
HS117,nomad_default,7,50000,1800,0.96923076522244,0.0,True,0.8111956561422109,1050,10.81181862502126,0,nomad_done:1,13337078744.677992,0.0,False,False,False,1097.0,,,none,True,2996772340 86133791 3042881956,inf,inf,inf
HS117,nomad_default,8,50000,1800,0.9999825007677793,0.0,True,0.8419473916875502,1000,9.378787291003391,0,nomad_done:1,551216.7640215224,0.0,False,False,False,1037.0,,,none,True,86133791 3042881956 1313616534,inf,inf,inf
HS117,nomad_default,9,50000,1800,0.6201133813869718,0.0,True,0.4620782723067427,1050,11.507583874976262,0,nomad_done:1,13864.470174178194,85.69812534493454,False,False,False,1080.0,,,none,True,3042881956 1313616534 646932915,inf,inf,inf
HS117,nomad_default,10,50000,1800,0.999982084119393,0.0,True,0.8419469750391639,1050,9.563550124992616,0,nomad_done:1,3.333187089667266e+16,50.244888337594055,False,False,False,1059.0,,,none,True,1313616534 646932915 1705310046,inf,inf,inf
HS117,zoagp,1,50000,1800,0.8033776923527353,0.0,True,0.6453425832725062,49985,1.3663636250421405,0,query_limit,0.8033776923527353,0.0,False,False,False,49985.0,3124.0,,none,,,inf,inf,inf
HS117,zominmax,1,50000,1800,0.3645500309193049,0.0,True,0.20651492183907577,49999,1.6763127500889823,0,query_limit,0.34262675255883923,0.118614449251794,False,False,False,49999.0,24999.0,,none,,,inf,inf,inf
HS117,zominmax,2,50000,1800,0.31759930770268685,0.0,True,0.15956419862245774,49999,1.6723243329906836,0,query_limit,0.310665140443075,0.0332558753562359,False,False,False,49999.0,24999.0,,none,,,inf,inf,inf
HS117,zominmax,3,50000,1800,0.32348721361672317,0.0,True,0.16545210453649406,49999,1.677988582989201,0,query_limit,0.31656671082977955,0.0552460786231517,False,False,False,49999.0,24999.0,,none,,,inf,inf,inf
HS117,zominmax,4,50000,1800,0.3535786091921992,0.0,True,0.19554350011197008,49999,1.6766618330730125,0,query_limit,0.32537464973157937,0.07819761370732745,False,False,False,49999.0,24999.0,,none,,,inf,inf,inf
HS117,zominmax,5,50000,1800,0.33505259570729085,0.0,True,0.17701748662706174,49999,1.672644209000282,0,query_limit,0.3339551816600942,0.034769186379816984,False,False,False,49999.0,24999.0,,none,,,inf,inf,inf
HS117,zominmax,6,50000,1800,0.337005957307199,0.0,True,0.1789708482269699,49999,1.6605610420228913,0,query_limit,0.3331064196761385,0.06229481574313852,False,False,False,49999.0,24999.0,,none,,,inf,inf,inf
HS117,zominmax,7,50000,1800,0.34766714505472146,0.0,True,0.18963203597449235,49999,1.679532750044018,0,query_limit,0.3417624836812109,0.036591898125631364,False,False,False,49999.0,24999.0,,none,,,inf,inf,inf
HS117,zominmax,8,50000,1800,0.3250313509338633,0.0,True,0.1669962418536342,49999,1.6710671249311417,0,query_limit,0.3176882925615812,0.06800471404708464,False,False,False,49999.0,24999.0,,none,,,inf,inf,inf
HS117,zominmax,9,50000,1800,0.33466876982161115,0.0,True,0.17663366074138204,49999,1.6956783750792965,0,query_limit,0.3241282633371329,0.10452140039461286,False,False,False,49999.0,24999.0,,none,,,inf,inf,inf
HS117,zominmax,10,50000,1800,0.3089196487995424,0.0,True,0.15088453971931332,49999,1.694664082955569,0,query_limit,0.3080852745015589,0.2233117805598914,False,False,False,49999.0,24999.0,,none,,,inf,inf,inf
HS117,szo_conex,1,50000,1800,0.9812277388028823,0.0,True,0.8231926297226532,49986,1.1463275830028579,0,query_limit,0.9902407614346217,0.0,False,False,False,49986.0,2272.0,True,none,,,inf,inf,inf
HS117,szo_conex,2,50000,1800,0.9794715680802548,0.0,True,0.8214364590000257,49986,1.1726798749295995,0,query_limit,0.989631328328025,0.0,False,False,False,49986.0,2272.0,True,none,,,inf,inf,inf
HS117,szo_conex,3,50000,1800,0.9801501379379362,0.0,True,0.822115028857707,49986,1.1678199589950964,0,query_limit,0.9899934442997796,0.0,False,False,False,49986.0,2272.0,True,none,,,inf,inf,inf
HS117,szo_conex,4,50000,1800,0.9815940425281392,0.0,True,0.8235589334479101,49986,1.1483148339902982,0,query_limit,0.9905754427806236,0.0,False,False,False,49986.0,2272.0,True,none,,,inf,inf,inf
HS117,szo_conex,5,50000,1800,0.981288763694146,0.0,True,0.8232536546139169,49986,1.202793125063181,0,query_limit,0.9907780245889735,0.0,False,False,False,49986.0,2272.0,True,none,,,inf,inf,inf
HS117,szo_conex,6,50000,1800,0.981806569458445,0.0,True,0.8237714603782159,49986,1.2060492919990793,0,query_limit,0.9909627235467574,0.0,False,False,False,49986.0,2272.0,True,none,,,inf,inf,inf
HS117,szo_conex,7,50000,1800,0.9809705124756819,0.0,True,0.8229354033954528,49986,1.1896423749858513,0,query_limit,0.990347795555389,0.0,False,False,False,49986.0,2272.0,True,none,,,inf,inf,inf
HS117,szo_conex,8,50000,1800,0.9794255838515304,0.0,True,0.8213904747713013,49986,1.1985901669831946,0,query_limit,0.9894501966265461,0.0,False,False,False,49986.0,2272.0,True,none,,,inf,inf,inf
HS117,szo_conex,9,50000,1800,0.9814296725046666,0.0,True,0.8233945634244375,49986,1.1810918340925127,0,query_limit,0.9906218883268194,0.0,False,False,False,49986.0,2272.0,True,none,,,inf,inf,inf
HS117,szo_conex,10,50000,1800,0.9784916581044913,0.0,True,0.8204565490242622,49986,1.1709357919171453,0,query_limit,0.9891443158552585,0.0,False,False,False,49986.0,2272.0,True,none,,,inf,inf,inf
MAKELA3,zob_sgda,1,50000,1800,1.2032990662534253,0.0,True,1.2033987989280404,49995,5.663611708092503,0,completed,0.00022035252003627098,0.0014348137379569938,False,False,False,49995.0,,,none,,,inf,inf,inf
MAKELA3,zob_sgda,2,50000,1800,1.006165110849539,0.0,True,1.0062648435241541,49995,5.479399333009496,0,completed,-0.00024344870815309994,0.0016078476555430113,False,False,False,49995.0,,,none,,,inf,inf,inf
MAKELA3,zob_sgda,3,50000,1800,1.2018880209008296,0.0,True,1.2019877535754446,49995,5.547144624986686,0,completed,0.0002492501485348893,0.0013442476694052507,False,False,False,49995.0,,,none,,,inf,inf,inf
MAKELA3,zob_sgda,4,50000,1800,1.0138897617063167,0.0,True,1.0139894943809318,49995,5.568740457994863,0,completed,0.00010233441306751966,0.0014945869602997117,False,False,False,49995.0,,,none,,,inf,inf,inf
MAKELA3,zob_sgda,5,50000,1800,0.9837703534273758,0.0,True,0.983870086101991,49995,5.5190542079508305,0,completed,7.486011361226471e-05,0.0014008916889919915,False,False,False,49995.0,,,none,,,inf,inf,inf
MAKELA3,zob_sgda,6,50000,1800,1.19163261012633,0.0,True,1.191732342800945,49995,5.618664458044805,0,completed,-5.084841823931422e-05,0.0013579002449489582,False,False,False,49995.0,,,none,,,inf,inf,inf
MAKELA3,zob_sgda,7,50000,1800,1.3401529349519554,0.0,True,1.3402526676265705,49995,5.633448374923319,0,completed,0.00015360588035358885,0.0014074759776637144,False,False,False,49995.0,,,none,,,inf,inf,inf
MAKELA3,zob_sgda,8,50000,1800,1.3174508416201822,0.0,True,1.3175505742947973,49995,5.607366167008877,0,completed,0.00033887200016151895,0.0013619773383639225,False,False,False,49995.0,,,none,,,inf,inf,inf
MAKELA3,zob_sgda,9,50000,1800,1.041199702346225,0.0,True,1.04129943502084,49995,5.605865000048652,0,completed,7.654528863767051e-05,0.0013518231562670566,False,False,False,49995.0,,,none,,,inf,inf,inf
MAKELA3,zob_sgda,10,50000,1800,1.1085286415152387,0.0,True,1.1086283741898537,49995,5.51568191696424,0,completed,0.0002801820099188141,0.0014991051322535164,False,False,False,49995.0,,,none,,,inf,inf,inf
MAKELA3,zob_gda,1,50000,1800,0.009451916667876516,0.0,True,0.009551649342491673,49998,3.5966600839747116,0,completed,0.212785874410166,0.0,True,True,False,49998.0,,,none,,,17400.0,47450.0,inf
MAKELA3,zob_gda,2,50000,1800,0.007659662248074765,0.0,True,0.007759394922689922,49998,3.8061048339586705,0,completed,0.09065641725302273,0.0,True,True,False,49998.0,,,none,,,18350.0,41200.0,inf
MAKELA3,zob_gda,3,50000,1800,0.00761199468423621,0.0,True,0.007711727358851367,49998,3.897369834012352,0,completed,-0.16805076529228366,0.16805076556712134,True,True,False,49998.0,,,none,,,16550.0,38450.0,inf
MAKELA3,zob_gda,4,50000,1800,0.004692173258641658,0.0,True,0.004791905933256815,49998,3.7703652079217136,0,completed,0.1255836474989236,0.0,True,True,False,49998.0,,,none,,,20700.0,41800.0,inf
MAKELA3,zob_gda,5,50000,1800,0.008390365191673542,0.0,True,0.008490097866288699,49998,3.728053040918894,0,completed,-0.18003556556100705,0.18003556583512087,True,True,False,49998.0,,,none,,,17050.0,44250.0,inf
MAKELA3,zob_gda,6,50000,1800,0.007075850513710551,0.0,True,0.0071755831883257085,49998,3.81257262500003,0,completed,0.009471062629946559,4.102955158702291e-06,True,True,False,49998.0,,,none,,,17750.0,39800.0,inf
MAKELA3,zob_gda,7,50000,1800,0.00583502772464508,0.0,True,0.005934760399260237,49998,3.748866291018203,0,completed,0.1344946973129886,0.0,True,True,False,49998.0,,,none,,,17600.0,31850.0,inf
MAKELA3,zob_gda,8,50000,1800,0.01506097094299041,0.0,True,0.015160703617605567,49998,3.8609112079720944,0,completed,0.00767419604351636,0.00014925019448990362,True,False,False,49998.0,,,none,,,21100.0,inf,inf
MAKELA3,zob_gda,9,50000,1800,0.009653493299800807,0.0,True,0.009753225974415964,49998,3.900379874976352,0,completed,-0.04695238212956487,0.046952382403669515,True,True,False,49998.0,,,none,,,16700.0,49800.0,inf
MAKELA3,zob_gda,10,50000,1800,0.006401659202947885,0.0,True,0.006501391877563042,49998,3.703162582940422,0,completed,-0.17324175370781708,0.17324175398286337,True,True,False,49998.0,,,none,,,20900.0,42450.0,inf
MAKELA3,nomad_default,1,50000,1800,1.1044471396795817e+18,0.0,True,1.1044471396795817e+18,35600,1797.8688780420343,0,nomad_done:-4,1.1044336396795816e+18,1.0820180606063598e+16,False,False,False,35605.0,,,none,True,362436069 521288629 1588437975,inf,inf,inf
MAKELA3,nomad_default,2,50000,1800,7.670459781349632e+18,0.0,True,7.670459781349632e+18,33400,1797.031886666955,0,nomad_done:-4,7.669959781349632e+18,4.096352189198222e+16,False,False,False,33440.0,,,none,True,521288629 1588437975 2268752316,inf,inf,inf
MAKELA3,nomad_default,3,50000,1800,6.31299185883685e+18,0.0,True,6.31299185883685e+18,33150,1797.9165388339898,0,nomad_done:-4,6.31295355883685e+18,1.5595461434276966e+18,False,False,False,,,,none,True,1588437975 2268752316 3071397075,inf,inf,inf
MAKELA3,nomad_default,4,50000,1800,7.312586761488743e+18,0.0,True,7.312586761488743e+18,33150,1799.9119712079992,0,nomad_done:-4,7.311906961488743e+18,4.5078398314778515e+17,False,False,False,33164.0,,,none,True,2268752316 3071397075 1066942004,inf,inf,inf
MAKELA3,nomad_default,5,50000,1800,90499797366803.53,0.0,True,90499797366803.53,37150,1796.674499457993,0,nomad_done:-4,89882497366803.53,1282762672355.6592,False,False,False,37184.0,,,none,True,3071397075 1066942004 2996772340,inf,inf,inf
MAKELA3,nomad_default,6,50000,1800,7.312586761488743e+18,0.0,True,7.312586761488743e+18,33150,1798.607522291015,0,nomad_done:-4,7.311906961488743e+18,4.5078398314778515e+17,False,False,False,33180.0,,,none,True,1066942004 2996772340 86133791,inf,inf,inf
MAKELA3,nomad_default,7,50000,1800,60708262166803.51,0.0,True,60708262166803.51,37650,1799.6844978340087,0,nomad_done:-4,60655270366803.51,31654769482376.35,False,False,False,37661.0,,,none,True,2996772340 86133791 3042881956,inf,inf,inf
MAKELA3,nomad_default,8,50000,1800,1.5206286174871867e+19,0.0,True,1.5206286174871867e+19,33750,1796.3829518749844,0,nomad_done:-4,1.5206286174871867e+19,0.0,False,False,False,33779.0,,,none,True,86133791 3042881956 1313616534,inf,inf,inf
MAKELA3,nomad_default,9,50000,1800,122006.58470407098,0.0,True,122006.58480380365,37100,1799.909031749994,0,nomad_done:-4,121902.58610818372,0.6133195628734838,False,False,False,37107.0,,,none,True,3042881956 1313616534 646932915,inf,inf,inf
MAKELA3,nomad_default,10,50000,1800,5.345693170488134e+18,0.0,True,5.345693170488134e+18,33400,1798.8157889579888,0,nomad_done:-4,5.340693170488134e+18,6.199288373447946e+20,False,False,False,33414.0,,,none,True,1313616534 646932915 1705310046,inf,inf,inf
MAKELA3,zoagp,1,50000,1800,6.278644741223444e-05,0.0,True,0.00016251912202739196,49985,4.102203250047751,0,query_limit,-0.08148166305449703,0.0814816640455526,True,True,True,49985.0,2272.0,,none,,,19000.0,26750.0,35750.0
MAKELA3,zominmax,1,50000,1800,0.05975593876127025,0.0,True,0.05985567143588541,49999,2.8545797090046108,0,query_limit,-1.597683492903241,1.6007835818126186,True,False,False,49999.0,24999.0,,none,,,32150.0,inf,inf
MAKELA3,zominmax,2,50000,1800,0.3501696012772748,0.0,True,0.35026933395188997,49999,2.859563458012417,0,query_limit,-3.406082702280834,3.416546803965255,False,False,False,49999.0,24999.0,,none,,,inf,inf,inf
MAKELA3,zominmax,3,50000,1800,0.2693345311169841,0.0,True,0.26943426379159924,49999,2.855312291998416,0,query_limit,3.489253754976548,0.0,False,False,False,49999.0,24999.0,,none,,,inf,inf,inf
MAKELA3,zominmax,4,50000,1800,0.06329799703817303,0.0,True,0.06339772971278819,49999,2.8410648750141263,0,query_limit,-0.3944187936694287,0.3948921157108918,True,False,False,49999.0,24999.0,,none,,,45750.0,inf,inf
MAKELA3,zominmax,5,50000,1800,0.41153120629465806,0.0,True,0.4116309389692732,49999,2.8817560840398073,0,query_limit,-2.4449558522539476,2.44499355846686,False,False,False,49999.0,24999.0,,none,,,inf,inf,inf
MAKELA3,zominmax,6,50000,1800,0.07951610521031251,0.0,True,0.07961583788492767,49999,2.854736499954015,0,query_limit,2.347537168323447,0.0,True,False,False,49999.0,24999.0,,none,,,44700.0,inf,inf
MAKELA3,zominmax,7,50000,1800,0.10527809669606443,0.0,True,0.10537782937067959,49999,2.8758100419072434,0,query_limit,0.05836042055789572,0.0006134943173248715,False,False,False,49999.0,24999.0,,none,,,inf,inf,inf
MAKELA3,zominmax,8,50000,1800,0.4552514886425091,0.0,True,0.45535122131712424,49999,2.8617721250047907,0,query_limit,-2.6155310259205153,2.6205952804830597,False,False,False,49999.0,24999.0,,none,,,inf,inf,inf
MAKELA3,zominmax,9,50000,1800,0.19503777300365335,0.0,True,0.1951375056782685,49999,2.9225237909704447,0,query_limit,-2.8740277182534117,2.874440094453951,False,False,False,49999.0,24999.0,,none,,,inf,inf,inf
MAKELA3,zominmax,10,50000,1800,0.3452948413812919,0.0,True,0.34539457405590707,49999,2.8880989579483867,0,query_limit,-0.45892074002841354,0.8880328268084137,False,False,False,49999.0,24999.0,,none,,,inf,inf,inf
MAKELA3,szo_conex,1,50000,1800,inf,0.8147686400879302,False,inf,49940,2.0694631250808015,0,query_limit,0.1997466941732694,0.9576461189574264,False,False,False,49940.0,609.0,True,none,,,inf,inf,inf
MAKELA3,szo_conex,2,50000,1800,inf,0.6293417700763503,False,inf,49940,2.0706889169523492,0,query_limit,0.4821631052506067,0.8866937284737035,False,False,False,49940.0,609.0,True,none,,,inf,inf,inf
MAKELA3,szo_conex,3,50000,1800,inf,0.8182561843918863,False,inf,49940,2.0694394579622895,0,query_limit,0.4803389036021215,0.9259361838292807,False,False,False,49940.0,609.0,True,none,,,inf,inf,inf
MAKELA3,szo_conex,4,50000,1800,inf,0.6543115565773523,False,inf,49940,2.0428116669645533,0,query_limit,0.47274308962917333,0.8909985640603195,False,False,False,49940.0,609.0,True,none,,,inf,inf,inf
MAKELA3,szo_conex,5,50000,1800,inf,0.6989315911607427,False,inf,49940,2.05124166700989,0,query_limit,0.20100035413178693,0.9390951762464886,False,False,False,49940.0,609.0,True,none,,,inf,inf,inf
MAKELA3,szo_conex,6,50000,1800,inf,0.6198828107495984,False,inf,49940,2.0304928749101236,0,query_limit,0.2622726496029749,0.8373939645787675,False,False,False,49940.0,609.0,True,none,,,inf,inf,inf
MAKELA3,szo_conex,7,50000,1800,inf,0.8061178724238403,False,inf,49940,2.0328595000319183,0,query_limit,0.33025622522990916,0.9442227725375615,False,False,False,49940.0,609.0,True,none,,,inf,inf,inf
MAKELA3,szo_conex,8,50000,1800,inf,0.6466210166148264,False,inf,49940,2.0428727079415694,0,query_limit,0.2868567953353699,0.8893376486320682,False,False,False,49940.0,609.0,True,none,,,inf,inf,inf
MAKELA3,szo_conex,9,50000,1800,inf,0.6738013485341126,False,inf,49940,2.047693375032395,0,query_limit,0.29305259540863526,0.8763202479536408,False,False,False,49940.0,609.0,True,none,,,inf,inf,inf
MAKELA3,szo_conex,10,50000,1800,inf,0.6754145044074876,False,inf,49940,2.0562004999956116,0,query_limit,0.2634622494367795,0.901236433097069,False,False,False,49940.0,609.0,True,none,,,inf,inf,inf
OPTPRLOC,zob_sgda,1,50000,1800,inf,0.008832495339003167,False,inf,49998,7.251719500054605,0,completed,-15.908830336981,0.13046501027386428,False,False,False,49998.0,,,none,,,inf,inf,inf
OPTPRLOC,zob_sgda,2,50000,1800,inf,0.03240976541150025,False,inf,49998,7.224079750012606,0,completed,-16.305893972215625,1.1453784567097296,False,False,False,49998.0,,,none,,,inf,inf,inf
OPTPRLOC,zob_sgda,3,50000,1800,inf,0.03604164684827069,False,inf,49998,7.103376624989323,0,completed,-16.2829101723621,0.4472909661971522,False,False,False,49998.0,,,none,,,inf,inf,inf
OPTPRLOC,zob_sgda,4,50000,1800,inf,0.01609680000835062,False,inf,49998,6.977444333955646,0,completed,-16.636041253127654,0.5449454596959347,False,False,False,49998.0,,,none,,,inf,inf,inf
OPTPRLOC,zob_sgda,5,50000,1800,inf,0.003602487946654784,False,inf,49998,7.110739083960652,0,completed,-16.55596572658478,0.8541402078812329,False,False,False,49998.0,,,none,,,inf,inf,inf
OPTPRLOC,zob_sgda,6,50000,1800,-15.770044034715935,0.0,True,0.02998483392534048,49998,7.0078251250088215,0,completed,-16.374544556173966,0.6151208751002886,True,False,False,49998.0,,,none,,,15900.0,inf,inf
OPTPRLOC,zob_sgda,7,50000,1800,inf,0.01948065873642581,False,inf,49998,6.939238333958201,0,completed,-16.331411391771603,0.46080028161482656,False,False,False,49998.0,,,none,,,inf,inf,inf
OPTPRLOC,zob_sgda,8,50000,1800,inf,0.019106030943863126,False,inf,49998,6.972754416055977,0,completed,-16.208652561234853,0.7314061022120479,False,False,False,49998.0,,,none,,,inf,inf,inf
OPTPRLOC,zob_sgda,9,50000,1800,inf,0.01419038346767089,False,inf,49998,6.970496500027366,0,completed,-16.421966085358164,0.3121044304941759,False,False,False,49998.0,,,none,,,inf,inf,inf
OPTPRLOC,zob_sgda,10,50000,1800,inf,0.01626487333784083,False,inf,49998,6.943266666959971,0,completed,-16.659586950619047,0.5652001378617935,False,False,False,49998.0,,,none,,,inf,inf,inf
OPTPRLOC,zob_gda,1,50000,1800,-14.742978288256483,0.0,True,0.0781835387248173,49994,5.1330026250798255,0,completed,-15.688091377967064,1.0184133122398802,True,False,False,49994.0,,,none,,,1850.0,inf,inf
OPTPRLOC,zob_gda,2,50000,1800,inf,0.06462581259927247,False,inf,49994,5.018040291965008,0,completed,-15.233526897870258,0.3793347266814466,False,False,False,49994.0,,,none,,,inf,inf,inf
OPTPRLOC,zob_gda,3,50000,1800,inf,0.05945676553264131,False,inf,49994,5.033796290983446,0,completed,-16.21357069483318,0.513067748106679,False,False,False,49994.0,,,none,,,inf,inf,inf
OPTPRLOC,zob_gda,4,50000,1800,inf,0.0686859559940803,False,inf,49994,5.134326040977612,0,completed,-15.465629113463491,0.6109778511774007,False,False,False,49994.0,,,none,,,inf,inf,inf
OPTPRLOC,zob_gda,5,50000,1800,inf,0.047989046855619374,False,inf,49994,5.127086290973239,0,completed,-16.138844964750866,0.4510790188818084,False,False,False,49994.0,,,none,,,inf,inf,inf
OPTPRLOC,zob_gda,6,50000,1800,inf,0.058444471542716585,False,inf,49994,4.970134957926348,0,completed,-16.10037282324943,1.1707054076220664,False,False,False,49994.0,,,none,,,inf,inf,inf
OPTPRLOC,zob_gda,7,50000,1800,inf,0.020038080115902013,False,inf,49994,5.008791749947704,0,completed,-16.412324367861245,0.48872416083056935,False,False,False,49994.0,,,none,,,inf,inf,inf
OPTPRLOC,zob_gda,8,50000,1800,inf,0.04467058435656551,False,inf,49994,4.948828791966662,0,completed,-16.337359913920178,0.36511873010368795,False,False,False,49994.0,,,none,,,inf,inf,inf
OPTPRLOC,zob_gda,9,50000,1800,inf,0.05480286495858529,False,inf,49994,5.00476008397527,0,completed,-16.099456037742247,1.0926649153233916,False,False,False,49994.0,,,none,,,inf,inf,inf
OPTPRLOC,zob_gda,10,50000,1800,inf,0.04952615930049594,False,inf,49994,5.192206042003818,0,completed,-16.003803666006178,0.3317975362019962,False,False,False,49994.0,,,none,,,inf,inf,inf
OPTPRLOC,nomad_default,1,50000,1800,-16.408990578323614,0.0,True,0.0,18000,939.9752722079866,0,nomad_done:1,-16.408943452677875,3.125424948759331e-07,True,True,True,18004.0,,,none,True,362436069 521288629 1588437975,1100.0,2700.0,4250.0
OPTPRLOC,nomad_default,2,50000,1800,-16.31214774840662,0.0,True,0.004544693450449354,21750,1284.576402250037,0,nomad_done:1,-16.311993966637335,1.8034399970727193e-12,True,True,False,21762.0,,,none,True,521288629 1588437975 2268752316,1250.0,3300.0,inf
OPTPRLOC,nomad_default,3,50000,1800,-16.369193787165607,0.0,True,0.0018676056480352679,24450,1789.8453575830208,1,nomad_done:-4,-16.369186762261766,4.304731227298202e-09,True,True,False,24507.0,,,none,True,1588437975 2268752316 3071397075,1100.0,3200.0,inf
OPTPRLOC,nomad_default,4,50000,1800,-16.019130446466015,0.0,True,0.01829557014559765,22650,1789.1091631670133,0,nomad_done:-4,-16.01911283247862,1.531817480728954e-13,True,False,False,22688.0,,,none,True,2268752316 3071397075 1066942004,1550.0,inf,inf
OPTPRLOC,nomad_default,5,50000,1800,-16.34091894360139,0.0,True,0.003194503018433368,21250,1328.290377833997,0,nomad_done:1,-16.340915036272886,8.346086323784488e-14,True,True,False,21269.0,,,none,True,3071397075 1066942004 2996772340,1950.0,3500.0,inf
OPTPRLOC,nomad_default,6,50000,1800,-16.019130446466015,0.0,True,0.01829557014559765,23000,1792.2473210830358,0,nomad_done:-4,-16.019112832919667,3.68728208947438e-10,True,False,False,23021.0,,,none,True,1066942004 2996772340 86133791,1550.0,inf,inf
OPTPRLOC,nomad_default,7,50000,1800,-16.34091894360139,0.0,True,0.003194503018433368,21250,1258.3535682090442,0,nomad_done:1,-16.340915036272886,8.346086323784488e-14,True,True,False,21269.0,,,none,True,2996772340 86133791 3042881956,1950.0,3500.0,inf
OPTPRLOC,nomad_default,8,50000,1800,-14.527733064060182,0.0,True,0.0882846846897161,22250,1534.2957468330278,0,nomad_done:1,-14.527714003797131,9.639212524998246e-14,True,False,False,22288.0,,,none,True,86133791 3042881956 1313616534,2900.0,inf,inf
OPTPRLOC,nomad_default,9,50000,1800,-16.38205384103014,0.0,True,0.0012641019852379302,21150,1308.9266577920062,0,nomad_done:1,-16.382050221188127,3.860485687384254e-07,True,True,False,21189.0,,,none,True,3042881956 1313616534 646932915,1250.0,2900.0,inf
OPTPRLOC,nomad_default,10,50000,1800,-15.618363075325377,0.0,True,0.03710300119999567,18550,927.7661309579853,0,nomad_done:1,-15.618288886284827,5.462110555352322e-12,True,False,False,18584.0,,,none,True,1313616534 646932915 1705310046,1650.0,inf,inf
OPTPRLOC,zoagp,1,50000,1800,inf,0.05803951004108092,False,inf,49973,5.111192667041905,0,query_limit,-16.559334093424713,0.1757363099691514,False,False,False,49973.0,1612.0,,none,,,inf,inf,inf
OPTPRLOC,zominmax,1,50000,1800,inf,0.11092585263290955,False,inf,49999,3.5823712500277907,0,query_limit,-10.365020022742154,0.7107019435925056,False,False,False,49999.0,24999.0,,none,,,inf,inf,inf
OPTPRLOC,zominmax,2,50000,1800,inf,0.005963366645801923,False,inf,49999,3.614146791980602,0,query_limit,-8.396384724486058,6.064402774555573,False,False,False,49999.0,24999.0,,none,,,inf,inf,inf
OPTPRLOC,zominmax,3,50000,1800,inf,0.0837024350224339,False,inf,49999,3.6179541249293834,0,query_limit,-9.205239664469234,1.32061905417741,False,False,False,49999.0,24999.0,,none,,,inf,inf,inf
OPTPRLOC,zominmax,4,50000,1800,inf,0.08985829255060072,False,inf,49999,3.587590332957916,0,query_limit,-11.047938865333089,4.476444029615605,False,False,False,49999.0,24999.0,,none,,,inf,inf,inf
OPTPRLOC,zominmax,5,50000,1800,inf,0.05597247732988716,False,inf,49999,3.621163708041422,0,query_limit,-9.200654380019248,7.348988331360264,False,False,False,49999.0,24999.0,,none,,,inf,inf,inf
OPTPRLOC,zominmax,6,50000,1800,inf,0.06369226861564181,False,inf,49999,3.6000644579762593,0,query_limit,-8.952298514711975,1.472922044266801,False,False,False,49999.0,24999.0,,none,,,inf,inf,inf
OPTPRLOC,zominmax,7,50000,1800,inf,0.07988546470526231,False,inf,49999,3.5792404590174556,0,query_limit,-11.95581893479592,0.9914295386446398,False,False,False,49999.0,24999.0,,none,,,inf,inf,inf
OPTPRLOC,zominmax,8,50000,1800,inf,0.07587398269941449,False,inf,49999,3.623631333000958,0,query_limit,-11.047392897895822,6.848907052869896,False,False,False,49999.0,24999.0,,none,,,inf,inf,inf
OPTPRLOC,zominmax,9,50000,1800,inf,0.04363224733306966,False,inf,49999,3.0718952500028536,0,query_limit,-9.172967954370458,0.7844986564784205,False,False,False,49999.0,24999.0,,none,,,inf,inf,inf
OPTPRLOC,zominmax,10,50000,1800,inf,0.0034919153965631464,False,inf,49999,3.0922686249250546,0,query_limit,-10.77564375209845,2.1561080441391627,False,False,False,49999.0,24999.0,,none,,,inf,inf,inf
OPTPRLOC,szo_conex,1,50000,1800,inf,0.06748504488044897,False,inf,49900,3.3311036670347676,0,query_limit,-8.182998082883252,0.39317297729939926,False,False,False,49900.0,409.0,True,none,,,inf,inf,inf
OPTPRLOC,szo_conex,2,50000,1800,inf,0.1639429227549686,False,inf,49900,3.1905823330162093,0,query_limit,-8.420509571817574,0.5786747687690895,False,False,False,49900.0,409.0,True,none,,,inf,inf,inf
OPTPRLOC,szo_conex,3,50000,1800,inf,0.12139726749042083,False,inf,49900,3.0952788330614567,0,query_limit,-8.604981971756763,0.54209928799489,False,False,False,49900.0,409.0,True,none,,,inf,inf,inf
OPTPRLOC,szo_conex,4,50000,1800,inf,0.2075640591804654,False,inf,49900,3.0826125839957967,0,query_limit,-8.16613411106015,0.30336581512490995,False,False,False,49900.0,409.0,True,none,,,inf,inf,inf
OPTPRLOC,szo_conex,5,50000,1800,inf,0.10919594590024301,False,inf,49900,2.9399552500108257,0,query_limit,-6.2172118363369036,0.30859218571369,False,False,False,49900.0,409.0,True,none,,,inf,inf,inf
OPTPRLOC,szo_conex,6,50000,1800,inf,0.08579356176608695,False,inf,49900,2.877879458013922,0,query_limit,-9.336787042909238,0.4273982794632673,False,False,False,49900.0,409.0,True,none,,,inf,inf,inf
OPTPRLOC,szo_conex,7,50000,1800,inf,0.1617817262409668,False,inf,49900,2.898512625019066,0,query_limit,-9.110964890892085,0.5210863785038575,False,False,False,49900.0,409.0,True,none,,,inf,inf,inf
OPTPRLOC,szo_conex,8,50000,1800,inf,0.18249368955528164,False,inf,49900,2.8919904159847647,0,query_limit,-6.953296627327025,0.42218415763260997,False,False,False,49900.0,409.0,True,none,,,inf,inf,inf
OPTPRLOC,szo_conex,9,50000,1800,inf,0.07652758193142217,False,inf,49900,2.888180458918214,0,query_limit,-5.325549320487116,0.5825198593700431,False,False,False,49900.0,409.0,True,none,,,inf,inf,inf
OPTPRLOC,szo_conex,10,50000,1800,inf,0.04284528340684121,False,inf,49900,2.8566521670436487,0,query_limit,-9.510752501862427,0.4236554947604563,False,False,False,49900.0,409.0,True,none,,,inf,inf,inf
AIRPORT,zob_sgda,1,85000,1800,inf,1.0,False,inf,84992,17.42289049993269,0,completed,339199.81372734695,218.29000000000002,False,False,False,84992.0,,,none,,,inf,inf,inf
AIRPORT,zob_sgda,2,85000,1800,inf,1.0,False,inf,84992,17.711859332979657,0,completed,344799.73223154194,202.29,False,False,False,84992.0,,,none,,,inf,inf,inf
AIRPORT,zob_sgda,3,85000,1800,inf,1.0,False,inf,84992,17.445859542000107,0,completed,349599.7788005733,218.29000000000002,False,False,False,84992.0,,,none,,,inf,inf,inf
AIRPORT,zob_sgda,4,85000,1800,inf,1.0,False,inf,84992,17.514468584093265,0,completed,351199.7322315419,199.9,False,False,False,84992.0,,,none,,,inf,inf,inf
AIRPORT,zob_sgda,5,85000,1800,inf,1.0,False,inf,84992,17.678487958968617,0,completed,351999.76715831546,202.29,False,False,False,84992.0,,,none,,,inf,inf,inf
AIRPORT,zob_sgda,6,85000,1800,inf,1.0,False,inf,84992,17.706911166082136,0,completed,332799.69730476825,202.29,False,False,False,84992.0,,,none,,,inf,inf,inf
AIRPORT,zob_sgda,7,85000,1800,inf,1.0,False,inf,84992,17.51191400003154,0,completed,342799.8020850894,218.29000000000002,False,False,False,84992.0,,,none,,,inf,inf,inf
AIRPORT,zob_sgda,8,85000,1800,inf,1.0,False,inf,84992,17.630344291916117,0,completed,339199.7205892841,218.29000000000002,False,False,False,84992.0,,,none,,,inf,inf,inf
AIRPORT,zob_sgda,9,85000,1800,inf,1.0,False,inf,84992,17.902759499964304,0,completed,331999.6856625106,218.29000000000002,False,False,False,84992.0,,,none,,,inf,inf,inf
AIRPORT,zob_sgda,10,85000,1800,inf,1.0,False,inf,84992,17.56591841694899,0,completed,350799.76715831546,199.9,False,False,False,84992.0,,,none,,,inf,inf,inf
AIRPORT,zob_gda,1,85000,1800,inf,1.0,False,inf,84997,12.957241166965105,0,completed,338399.71332630096,202.29,False,False,False,84997.0,,,none,,,inf,inf,inf
AIRPORT,zob_gda,2,85000,1800,inf,1.0,False,inf,84997,12.95841141603887,0,completed,336799.6314181654,199.9,False,False,False,84997.0,,,none,,,inf,inf,inf
AIRPORT,zob_gda,3,85000,1800,inf,1.0,False,inf,84997,12.846821459010243,0,completed,350799.6860235891,199.9,False,False,False,84997.0,,,none,,,inf,inf,inf
AIRPORT,zob_gda,4,85000,1800,inf,1.0,False,inf,84997,12.826584749971516,0,completed,320799.76793172467,199.9,False,False,False,84997.0,,,none,,,inf,inf,inf
AIRPORT,zob_gda,5,85000,1800,inf,1.0,False,inf,84997,12.96047454199288,0,completed,342799.71332630096,199.9,False,False,False,84997.0,,,none,,,inf,inf,inf
AIRPORT,zob_gda,6,85000,1800,inf,1.0,False,inf,84997,13.05998104205355,0,completed,311199.8498398602,218.29000000000002,False,False,False,84997.0,,,none,,,inf,inf,inf
AIRPORT,zob_gda,7,85000,1800,inf,1.0,False,inf,84997,14.172185791074298,0,completed,342799.71332630096,202.29,False,False,False,84997.0,,,none,,,inf,inf,inf
AIRPORT,zob_gda,8,85000,1800,inf,1.0,False,inf,84997,14.23830608301796,0,completed,352399.7269776569,218.29000000000002,False,False,False,84997.0,,,none,,,inf,inf,inf
AIRPORT,zob_gda,9,85000,1800,inf,1.0,False,inf,84997,14.35273966693785,0,completed,339999.76793172467,199.9,False,False,False,84997.0,,,none,,,inf,inf,inf
AIRPORT,zob_gda,10,85000,1800,inf,1.0,False,inf,84997,14.289828708977439,0,completed,331999.6314181654,218.29000000000002,False,False,False,84997.0,,,none,,,inf,inf,inf
AIRPORT,nomad_default,1,85000,1800,51210.077,0.0,True,0.05614673284675703,23250,1797.9901436250075,1,nomad_done:-4,51576.994599999955,0.041984042553191464,True,False,False,23328.0,,,none,True,362436069 521288629 1588437975,22650.0,inf,inf
AIRPORT,nomad_default,2,85000,1800,51137.88129999993,0.0,True,0.054657782680158806,24050,1796.7707436669734,1,nomad_done:-4,51119.1485999999,0.0019413360461173284,True,False,False,24102.0,,,none,True,521288629 1588437975 2268752316,22700.0,inf,inf
AIRPORT,nomad_default,3,85000,1800,49022.397377650006,0.0,True,0.011028451035535174,26650,1798.8104777910048,0,nomad_done:-4,49057.25224764999,0.0,True,False,False,26659.0,,,none,True,1588437975 2268752316 3071397075,23400.0,inf,inf
AIRPORT,nomad_default,4,85000,1800,inf,0.01268617021276596,False,inf,22700,1792.0300677919877,0,nomad_done:-4,50754.45889999996,0.01268617021276596,False,False,False,22704.0,,,none,True,2268752316 3071397075 1066942004,inf,inf,inf
AIRPORT,nomad_default,5,85000,1800,inf,0.13466836734693877,False,inf,21450,1799.433541166014,1,nomad_done:-4,46842.096800000014,0.13966836734693874,False,False,False,21500.0,,,none,True,3071397075 1066942004 2996772340,inf,inf,inf
AIRPORT,nomad_default,6,85000,1800,inf,0.01268617021276596,False,inf,22700,1796.0339121660218,0,nomad_done:-4,50754.45889999996,0.01268617021276596,False,False,False,22704.0,,,none,True,1066942004 2996772340 86133791,inf,inf,inf
AIRPORT,nomad_default,7,85000,1800,inf,0.13466836734693877,False,inf,21550,1794.1145210410468,2,nomad_done:-4,46497.572900000014,0.3993164062499999,False,False,False,21668.0,,,none,True,2996772340 86133791 3042881956,inf,inf,inf
AIRPORT,nomad_default,8,85000,1800,inf,0.0033396379356930525,False,inf,22450,1790.3865909590386,1,nomad_done:-4,51169.553300000036,0.029234693877551027,False,False,False,22535.0,,,none,True,86133791 3042881956 1313616534,inf,inf,inf
AIRPORT,nomad_default,9,85000,1800,48867.64420552995,0.0,True,0.007836851516318074,24550,1794.7790243329946,2,nomad_done:-4,48865.43395284983,0.07722464028776983,True,True,False,24669.0,,,none,True,3042881956 1313616534 646932915,20000.0,23600.0,inf
AIRPORT,nomad_default,10,85000,1800,48487.653663395264,0.0,True,0.0,26200,1794.9790955000208,0,nomad_done:-4,48495.96417202014,0.0,True,True,True,26210.0,,,none,True,1313616534 646932915 1705310046,17450.0,21050.0,24600.0
AIRPORT,zoagp,1,85000,1800,inf,1.0,False,inf,84916,12.562384416931309,0,query_limit,340000.0,218.29000000000002,False,False,False,84916.0,999.0,,none,,,inf,inf,inf
AIRPORT,zominmax,1,85000,1800,inf,1.0,False,inf,84999,8.157637874945067,0,query_limit,351097.2378592594,218.29000000000002,False,False,False,84999.0,42499.0,,none,,,inf,inf,inf
AIRPORT,zominmax,2,85000,1800,inf,1.0,False,inf,84999,8.143490999937057,0,query_limit,303038.31073530257,199.9,False,False,False,84999.0,42499.0,,none,,,inf,inf,inf
AIRPORT,zominmax,3,85000,1800,inf,1.0,False,inf,84999,8.212866749963723,0,query_limit,331119.33132631594,202.29,False,False,False,84999.0,42499.0,,none,,,inf,inf,inf
AIRPORT,zominmax,4,85000,1800,inf,1.0,False,inf,84999,8.251998250023462,0,query_limit,348800.0,199.9,False,False,False,84999.0,42499.0,,none,,,inf,inf,inf
AIRPORT,zominmax,5,85000,1800,inf,1.0,False,inf,84999,8.207717208075337,0,query_limit,336672.32196307543,218.29000000000002,False,False,False,84999.0,42499.0,,none,,,inf,inf,inf
AIRPORT,zominmax,6,85000,1800,inf,1.0,False,inf,84999,8.181010375032201,0,query_limit,260000.0,199.9,False,False,False,84999.0,42499.0,,none,,,inf,inf,inf
AIRPORT,zominmax,7,85000,1800,inf,1.0,False,inf,84999,7.652957167010754,0,query_limit,338319.00394711655,202.29,False,False,False,84999.0,42499.0,,none,,,inf,inf,inf
AIRPORT,zominmax,8,85000,1800,inf,1.0,False,inf,84999,7.81988816591911,0,query_limit,345195.67372892227,202.29,False,False,False,84999.0,42499.0,,none,,,inf,inf,inf
AIRPORT,zominmax,9,85000,1800,inf,1.0,False,inf,84999,7.634023917024024,0,query_limit,326671.20448485384,218.29000000000002,False,False,False,84999.0,42499.0,,none,,,inf,inf,inf
AIRPORT,zominmax,10,85000,1800,inf,1.0,False,inf,84999,7.76925399992615,0,query_limit,335597.7980016016,202.29,False,False,False,84999.0,42499.0,,none,,,inf,inf,inf
AIRPORT,szo_conex,1,85000,1800,inf,1.0,False,inf,84832,7.16984045796562,0,query_limit,476.4676347560984,1.5432472669825643,False,False,False,84832.0,499.0,True,none,,,inf,inf,inf
AIRPORT,szo_conex,2,85000,1800,inf,1.0,False,inf,84832,7.188110250048339,0,query_limit,601.0776401617026,1.5945165978003017,False,False,False,84832.0,499.0,True,none,,,inf,inf,inf
AIRPORT,szo_conex,3,85000,1800,inf,1.0,False,inf,84832,7.065389874973334,0,query_limit,710.2967272299974,1.5875832358587485,False,False,False,84832.0,499.0,True,none,,,inf,inf,inf
AIRPORT,szo_conex,4,85000,1800,inf,1.0,False,inf,84832,7.111365249962546,0,query_limit,552.449642339898,1.374545879018032,False,False,False,84832.0,499.0,True,none,,,inf,inf,inf
AIRPORT,szo_conex,5,85000,1800,inf,1.0,False,inf,84832,7.093355291988701,0,query_limit,623.2888135433113,1.6928342798964713,False,False,False,84832.0,499.0,True,none,,,inf,inf,inf
AIRPORT,szo_conex,6,85000,1800,inf,1.0,False,inf,84832,7.100158625049517,0,query_limit,746.3592399043416,1.7367032134924962,False,False,False,84832.0,499.0,True,none,,,inf,inf,inf
AIRPORT,szo_conex,7,85000,1800,inf,1.0,False,inf,84832,7.0836817499948665,0,query_limit,594.2182665268498,1.3750186192072071,False,False,False,84832.0,499.0,True,none,,,inf,inf,inf
AIRPORT,szo_conex,8,85000,1800,inf,1.0,False,inf,84832,7.219824500032701,0,query_limit,548.7168856108328,1.9703481877298863,False,False,False,84832.0,499.0,True,none,,,inf,inf,inf
AIRPORT,szo_conex,9,85000,1800,inf,1.0,False,inf,84832,7.049876624951139,0,query_limit,661.1585074028061,1.4875696356539405,False,False,False,84832.0,499.0,True,none,,,inf,inf,inf
AIRPORT,szo_conex,10,85000,1800,inf,1.0,False,inf,84832,7.263485374976881,0,query_limit,672.2547794897865,1.283991646149058,False,False,False,84832.0,499.0,True,none,,,inf,inf,inf
HAIFAM,zob_sgda,1,100000,1800,0.005164507690254505,0.0,True,0.06781334557740712,99999,52.72231308289338,0,completed,1.5107205452384944,0.0,True,False,False,99999.0,,,none,,,1850.0,inf,inf
HAIFAM,zob_sgda,2,100000,1800,0.005778439600719041,0.0,True,0.06838861569802825,99999,52.70420304208528,0,completed,0.06167307540511063,0.0,True,False,False,99999.0,,,none,,,1900.0,inf,inf
HAIFAM,zob_sgda,3,100000,1800,0.00445028959417032,0.0,True,0.06714410470023353,99999,52.413793292013,0,completed,0.360186564724904,0.0,True,False,False,99999.0,,,none,,,2200.0,inf,inf
HAIFAM,zob_sgda,4,100000,1800,0.004564934764177811,0.0,True,0.06725153019751537,99999,53.39059004106093,0,completed,-0.019002163951616455,0.02240924150123431,True,False,False,99999.0,,,none,,,1700.0,inf,inf
HAIFAM,zob_sgda,5,100000,1800,0.007485739867435116,0.0,True,0.06998840032174504,99999,52.860309957992285,0,completed,0.05893207877798545,0.0,True,False,False,99999.0,,,none,,,2300.0,inf,inf
HAIFAM,zob_sgda,6,100000,1800,0.005792884248708302,0.0,True,0.06840215070777358,99999,52.266879125032574,0,completed,1.0322038035518082,0.0,True,False,False,99999.0,,,none,,,2350.0,inf,inf
HAIFAM,zob_sgda,7,100000,1800,0.006983181329544119,0.0,True,0.0695174899393657,99999,52.25731650006492,0,completed,-0.04324992326247794,0.0469607134225364,True,False,False,99999.0,,,none,,,1650.0,inf,inf
HAIFAM,zob_sgda,8,100000,1800,0.0037344076920712704,0.0,True,0.0664733047936781,99999,51.658700167085044,0,completed,0.04056736696958806,0.0,True,False,False,99999.0,,,none,,,7150.0,inf,inf
HAIFAM,zob_sgda,9,100000,1800,0.00393610654010057,0.0,True,0.06666230184474711,99999,51.692894583102316,0,completed,-0.07857977281392989,0.08158900454451724,True,False,False,99999.0,,,none,,,1850.0,inf,inf
HAIFAM,zob_sgda,10,100000,1800,0.00600764307863446,0.0,True,0.06860338530055211,99999,51.89128079195507,0,completed,1.863753608154818,0.0,True,False,False,99999.0,,,none,,,2150.0,inf,inf
HAIFAM,zob_gda,1,100000,1800,0.0037882874830022645,0.0,True,0.06652379155499413,99990,46.822342708008364,0,completed,0.2580078511341235,0.0,True,False,False,99990.0,,,none,,,2400.0,inf,inf
HAIFAM,zob_gda,2,100000,1800,0.0007967346108946477,0.0,True,0.0637206289367167,99990,46.74633745895699,0,completed,-0.08725309632387286,0.08567834506961114,True,False,False,99990.0,,,none,,,1850.0,inf,inf
HAIFAM,zob_gda,3,100000,1800,0.0021062633024949567,0.0,True,0.0649476912795158,99990,46.742786874994636,0,completed,0.12662669736523835,0.0,True,False,False,99990.0,,,none,,,2350.0,inf,inf
HAIFAM,zob_gda,4,100000,1800,0.004833771187289414,0.0,True,0.06750343689745177,99990,45.846069957944565,0,completed,-0.07287775884466804,0.07370541791201897,True,False,False,99990.0,,,none,,,2150.0,inf,inf
HAIFAM,zob_gda,5,100000,1800,0.0037106015222994754,0.0,True,0.06645099779525904,99990,45.80011766706593,0,completed,0.33156086446361077,0.0,True,False,False,99990.0,,,none,,,6050.0,inf,inf
HAIFAM,zob_gda,6,100000,1800,0.0024650976932216184,0.0,True,0.06528392840893972,99990,46.17977779102512,0,completed,0.5940692458563448,0.0,True,False,False,99990.0,,,none,,,5600.0,inf,inf
HAIFAM,zob_gda,7,100000,1800,0.0017277760652820995,0.0,True,0.06459303892329563,99990,45.37326316698454,0,completed,-0.15039065613951347,0.15146769246005395,True,False,False,99990.0,,,none,,,3600.0,inf,inf
HAIFAM,zob_gda,8,100000,1800,0.005185705023426481,0.0,True,0.06783320802827966,99990,45.24910858401563,0,completed,0.4041099155660755,0.0,True,False,False,99990.0,,,none,,,2600.0,inf,inf
HAIFAM,zob_gda,9,100000,1800,0.0017500848264989932,0.0,True,0.06461394281106787,99990,46.172591165988706,0,completed,0.15679380491029793,0.0,True,False,False,99990.0,,,none,,,1700.0,inf,inf
HAIFAM,zob_gda,10,100000,1800,0.0013704026336694014,0.0,True,0.06425817075044717,99990,46.38407204102259,0,completed,-0.002353165658710521,0.002259279831069783,True,False,False,99990.0,,,none,,,2150.0,inf,inf
HAIFAM,nomad_default,1,100000,1800,0.40377067961205,0.0,True,0.44131766534516637,13000,527.6254983329563,0,nomad_done:1,0.48488481723755,0.0,False,False,False,13024.0,,,none,True,362436069 521288629 1588437975,inf,inf,inf
HAIFAM,nomad_default,2,100000,1800,0.04523748504312,0.0,True,0.10536276453168107,7250,222.7298389999778,0,nomad_done:1,-0.07991744995658,1.7560543432531237,False,False,False,7273.0,,,none,True,521288629 1588437975 2268752316,inf,inf,inf
HAIFAM,nomad_default,3,100000,1800,0.07640029915167,0.0,True,0.13456312946719115,9250,301.33458620798774,0,nomad_done:1,5.4651703466446095,0.0,False,False,False,9293.0,,,none,True,1588437975 2268752316 3071397075,inf,inf,inf
HAIFAM,nomad_default,4,100000,1800,0.1065145599992,0.0,True,0.16278097280598502,6650,208.61190595896915,0,nomad_done:1,2.530401066267,4.715102404218975,False,False,False,6669.0,,,none,True,2268752316 3071397075 1066942004,inf,inf,inf
HAIFAM,nomad_default,5,100000,1800,0.10960889935,0.0,True,0.1656804490202618,7950,257.14692929101875,0,nomad_done:1,10.60660066999882,0.0,False,False,False,7970.0,,,none,True,3071397075 1066942004 2996772340,inf,inf,inf
HAIFAM,nomad_default,6,100000,1800,0.1065145599992,0.0,True,0.16278097280598502,6650,210.43082724994747,0,nomad_done:1,2.530401066267,4.715102404218975,False,False,False,6669.0,,,none,True,1066942004 2996772340 86133791,inf,inf,inf
HAIFAM,nomad_default,7,100000,1800,0.10960889935,0.0,True,0.1656804490202618,7950,259.98508466698695,0,nomad_done:1,10.60660066999882,0.0,False,False,False,7970.0,,,none,True,2996772340 86133791 3042881956,inf,inf,inf
HAIFAM,nomad_default,8,100000,1800,0.08901833417099,0.0,True,0.14638655549186777,7250,224.28716270904988,0,nomad_done:1,3.21219814152812,4.130300439379608,False,False,False,7287.0,,,none,True,86133791 3042881956 1313616534,inf,inf,inf
HAIFAM,nomad_default,9,100000,1800,0.07792291103635,0.0,True,0.13598985628759094,7900,228.10963458399056,0,nomad_done:1,-1.31178464053437,1.3592241591868346,False,False,False,7914.0,,,none,True,3042881956 1313616534 646932915,inf,inf,inf
HAIFAM,nomad_default,10,100000,1800,0.09301308331746,0.0,True,0.15012973903416338,8500,251.5848990000086,0,nomad_done:1,-5.50014505639253,12.626510484737002,False,False,False,8522.0,,,none,True,1313616534 646932915 1705310046,inf,inf,inf
HAIFAM,zoagp,1,100000,1800,-0.0053584310136264215,0.0,True,0.057953079130449066,99901,20.367070292006247,0,query_limit,-0.019798994857948102,0.00661443437268355,True,False,False,99901.0,999.0,,none,,,950.0,inf,inf
HAIFAM,zominmax,1,100000,1800,-0.06609459552810967,0.0,True,0.0010417179668404143,99999,22.50309441704303,0,query_limit,-0.07109208318894031,0.005265306957619627,True,True,False,99999.0,49999.0,,none,,,5550.0,75050.0,inf
HAIFAM,zominmax,2,100000,1800,-0.0627351336121002,0.0,True,0.004189620899891312,99999,22.183836541953497,0,query_limit,-0.07424155857212097,0.011733377592399967,True,True,False,99999.0,49999.0,,none,,,9750.0,86900.0,inf
HAIFAM,zominmax,3,100000,1800,-0.06480310243239618,0.0,True,0.0022518804885935085,99999,22.20415020803921,0,query_limit,-0.0634635307987389,0.0,True,True,False,99999.0,49999.0,,none,,,3400.0,75300.0,inf
HAIFAM,zominmax,4,100000,1800,-0.06720632352965622,0.0,True,0.0,99999,22.12244983401615,0,query_limit,-0.06391751852538635,0.0,True,True,True,99999.0,49999.0,,none,,,5650.0,71650.0,97400.0
HAIFAM,zominmax,5,100000,1800,-0.06693827105209878,0.0,True,0.00025117212262282284,99999,22.11682995792944,0,query_limit,-0.06822793144075297,0.0009621876217022172,True,True,True,99999.0,49999.0,,none,,,4550.0,71100.0,97350.0
HAIFAM,zominmax,6,100000,1800,-0.06215590713536676,0.0,True,0.004732371129123199,99999,22.018606542027555,0,query_limit,-0.061967718421684026,3.0446015732921672e-05,True,True,False,99999.0,49999.0,,none,,,4200.0,83250.0,inf
HAIFAM,zominmax,7,100000,1800,-0.06210768367371012,0.0,True,0.0047775577632289176,99999,21.20297466602642,0,query_limit,-0.06238085619349334,0.0011051009705293092,True,True,False,99999.0,49999.0,,none,,,5750.0,81350.0,inf
HAIFAM,zominmax,8,100000,1800,-0.06699639570608791,0.0,True,0.00019670781454330071,99999,21.37329283298459,0,query_limit,-0.0730539169964657,0.0060162318743952285,True,True,True,99999.0,49999.0,,none,,,4650.0,70850.0,95400.0
HAIFAM,zominmax,9,100000,1800,-0.06475476921627567,0.0,True,0.002297169965478027,99999,21.367503166897222,0,query_limit,-0.06800223040785754,0.0030805025914099667,True,True,False,99999.0,49999.0,,none,,,5000.0,78250.0,inf
HAIFAM,zominmax,10,100000,1800,-0.06624361681781919,0.0,True,0.0009020811539543648,99999,21.269401583005674,0,query_limit,-0.08662949932079264,0.020749029209577358,True,True,True,99999.0,49999.0,,none,,,5450.0,77250.0,99200.0
HAIFAM,szo_conex,1,100000,1800,0.0128447867650267,0.0,True,0.07500996623588542,99934,20.827159209060483,0,query_limit,0.23322218924078425,0.0,True,False,False,99934.0,166.0,True,none,,,35550.0,inf,inf
HAIFAM,szo_conex,2,100000,1800,0.01677741446933101,0.0,True,0.07869494037593512,99934,21.469643583055586,0,query_limit,0.2085207473322602,0.0,True,False,False,99934.0,166.0,True,none,,,32000.0,inf,inf
HAIFAM,szo_conex,3,100000,1800,0.018360045027136146,0.0,True,0.08017790624946067,99934,20.901879083015956,0,query_limit,0.16556744294733083,0.0,True,False,False,99934.0,166.0,True,none,,,25350.0,inf,inf
HAIFAM,szo_conex,4,100000,1800,0.014113542073190497,0.0,True,0.0761988228610669,99934,20.987968166940846,0,query_limit,0.1557364884645373,0.0,True,False,False,99934.0,166.0,True,none,,,14500.0,inf,inf
HAIFAM,szo_conex,5,100000,1800,0.013404004983665679,0.0,True,0.07553396820842755,99934,21.02949450002052,0,query_limit,0.17054798296680956,0.0,True,False,False,99934.0,166.0,True,none,,,21100.0,inf,inf
HAIFAM,szo_conex,6,100000,1800,0.023141540838299293,0.0,True,0.08465829181853125,99934,21.084179917001165,0,query_limit,0.17412196347930797,0.0,True,False,False,99934.0,166.0,True,none,,,27750.0,inf,inf
HAIFAM,szo_conex,7,100000,1800,0.01423038872672152,0.0,True,0.07630831120549927,99934,21.17119562497828,0,query_limit,0.17951177265596535,0.0,True,False,False,99934.0,166.0,True,none,,,27750.0,inf,inf
HAIFAM,szo_conex,8,100000,1800,0.013891498862289402,0.0,True,0.07599076261441588,99934,21.30758975003846,0,query_limit,0.20016400769745535,0.0,True,False,False,99934.0,166.0,True,none,,,28900.0,inf,inf
HAIFAM,szo_conex,9,100000,1800,0.015024815654713149,0.0,True,0.07705270983814994,99934,21.172615790972486,0,query_limit,0.16460815481400182,0.0,True,False,False,99934.0,166.0,True,none,,,20500.0,inf,inf
HAIFAM,szo_conex,10,100000,1800,0.012761063496295057,0.0,True,0.07493151536196747,99934,21.363942167023197,0,query_limit,0.1719971497021592,0.0,True,False,False,99934.0,166.0,True,none,,,21700.0,inf,inf
HIMMELBI,zob_sgda,1,101000,1800,inf,0.20015136810102624,False,inf,100998,7.598584083956666,0,completed,-1681.4642491631184,0.20722315501897007,False,False,False,100998.0,,,none,,,inf,inf,inf
HIMMELBI,zob_sgda,2,101000,1800,inf,0.19764097669971137,False,inf,100998,7.541352916974574,0,completed,-1680.853081880484,0.20869650502535506,False,False,False,100998.0,,,none,,,inf,inf,inf
HIMMELBI,zob_sgda,3,101000,1800,inf,0.1892194757014252,False,inf,100998,7.8966459590010345,0,completed,-1681.746911419984,0.20939046030700526,False,False,False,100998.0,,,none,,,inf,inf,inf
HIMMELBI,zob_sgda,4,101000,1800,inf,0.1916542008328823,False,inf,100998,7.905222750036046,0,completed,-1681.26009444049,0.20987265599993704,False,False,False,100998.0,,,none,,,inf,inf,inf
HIMMELBI,zob_sgda,5,101000,1800,inf,0.1851976444352371,False,inf,100998,7.727787417010404,0,completed,-1682.2515183558119,0.21049003594043925,False,False,False,100998.0,,,none,,,inf,inf,inf
HIMMELBI,zob_sgda,6,101000,1800,inf,0.1864422377728519,False,inf,100998,7.771144624915905,0,completed,-1681.9695060694028,0.20829384811235674,False,False,False,100998.0,,,none,,,inf,inf,inf
HIMMELBI,zob_sgda,7,101000,1800,inf,0.1944604756607469,False,inf,100998,7.846170458011329,0,completed,-1681.5895661581023,0.2065584430151416,False,False,False,100998.0,,,none,,,inf,inf,inf
HIMMELBI,zob_sgda,8,101000,1800,inf,0.19540005438942187,False,inf,100998,7.749313124921173,0,completed,-1681.3742343351857,0.21264614896686052,False,False,False,100998.0,,,none,,,inf,inf,inf
HIMMELBI,zob_sgda,9,101000,1800,inf,0.18867024056784107,False,inf,100998,7.825135625083931,0,completed,-1681.5318861104774,0.2148299700864028,False,False,False,100998.0,,,none,,,inf,inf,inf
HIMMELBI,zob_sgda,10,101000,1800,inf,0.1785777196127954,False,inf,100998,7.741863000090234,0,completed,-1682.2950498224498,0.2086048898644481,False,False,False,100998.0,,,none,,,inf,inf,inf
HIMMELBI,zob_gda,1,101000,1800,inf,0.17979912301571788,False,inf,100991,6.4774540410144255,0,completed,-1701.2250620472907,0.19255067759986413,False,False,False,100991.0,,,none,,,inf,inf,inf
HIMMELBI,zob_gda,2,101000,1800,inf,0.18106511359449995,False,inf,100991,6.449718291987665,0,completed,-1702.884815309176,0.1921510342650498,False,False,False,100991.0,,,none,,,inf,inf,inf
HIMMELBI,zob_gda,3,101000,1800,inf,0.1686308292432113,False,inf,100991,6.618505541002378,0,completed,-1701.295960396175,0.17388654021587407,False,False,False,100991.0,,,none,,,inf,inf,inf
HIMMELBI,zob_gda,4,101000,1800,inf,0.17424221034043608,False,inf,100991,6.55787366698496,0,completed,-1701.6916065288754,0.1848639047382456,False,False,False,100991.0,,,none,,,inf,inf,inf
HIMMELBI,zob_gda,5,101000,1800,inf,0.17381496705043978,False,inf,100991,6.696613125037402,0,completed,-1701.0659786787332,0.18129832699675025,False,False,False,100991.0,,,none,,,inf,inf,inf
HIMMELBI,zob_gda,6,101000,1800,inf,0.15971796114537307,False,inf,100991,6.74953375000041,0,completed,-1700.8070246498385,0.17274480477111198,False,False,False,100991.0,,,none,,,inf,inf,inf
HIMMELBI,zob_gda,7,101000,1800,inf,0.1681266497239018,False,inf,100991,7.020246999920346,0,completed,-1700.9121324665095,0.1786930444288887,False,False,False,100991.0,,,none,,,inf,inf,inf
HIMMELBI,zob_gda,8,101000,1800,inf,0.1645332550662991,False,inf,100991,6.802379500004463,0,completed,-1700.7897562505696,0.17708140098173147,False,False,False,100991.0,,,none,,,inf,inf,inf
HIMMELBI,zob_gda,9,101000,1800,inf,0.1667580945745476,False,inf,100991,6.724832833046094,0,completed,-1701.0390817505631,0.1734595039252355,False,False,False,100991.0,,,none,,,inf,inf,inf
HIMMELBI,zob_gda,10,101000,1800,inf,0.1806588838372699,False,inf,100991,6.678580999956466,0,completed,-1701.5274886935506,0.19156907724717717,False,False,False,100991.0,,,none,,,inf,inf,inf
HIMMELBI,nomad_default,1,101000,1800,-1658.3774194181456,0.0,True,0.04417487317152376,23000,1796.3900563750067,0,nomad_done:-4,-1659.3653887759965,0.0032731666666659712,True,False,False,23030.0,,,none,True,362436069 521288629 1588437975,6350.0,inf,inf
HIMMELBI,nomad_default,2,101000,1800,-1648.0053648716223,0.0,True,0.050152927525327504,24250,1798.952250833041,0,nomad_done:-4,-1647.8693016467912,0.0,True,False,False,24290.0,,,none,True,521288629 1588437975 2268752316,7650.0,inf,inf
HIMMELBI,nomad_default,3,101000,1800,-1660.106961812759,0.0,True,0.04317803128298272,24250,1784.4349754999857,0,nomad_done:-4,-1660.0953744224319,0.0,True,False,False,24287.0,,,none,True,1588437975 2268752316 3071397075,4000.0,inf,inf
HIMMELBI,nomad_default,4,101000,1800,-1659.9420151224713,0.0,True,0.04327310022767415,25000,1799.300792999973,0,nomad_done:-4,-1660.1971767327518,0.0018890302366190252,True,False,False,25039.0,,,none,True,2268752316 3071397075 1066942004,7650.0,inf,inf
HIMMELBI,nomad_default,5,101000,1800,-1671.800517845958,0.0,True,0.03643831416694175,24400,1791.8922597499914,0,nomad_done:-4,-1671.7848446448454,3.375397002476707e-05,True,False,False,24422.0,,,none,True,3071397075 1066942004 2996772340,7200.0,inf,inf
HIMMELBI,nomad_default,6,101000,1800,-1659.9420151224713,0.0,True,0.04327310022767415,25100,1799.1345838749548,0,nomad_done:-4,-1659.924837341296,0.0,True,False,False,25136.0,,,none,True,1066942004 2996772340 86133791,7650.0,inf,inf
HIMMELBI,nomad_default,7,101000,1800,-1671.800517845958,0.0,True,0.03643831416694175,24400,1799.9188372500357,0,nomad_done:-4,-1671.7848446448454,3.375397002476707e-05,True,False,False,24418.0,,,none,True,2996772340 86133791 3042881956,7200.0,inf,inf
HIMMELBI,nomad_default,8,101000,1800,-1697.6423705412365,0.0,True,0.021544061603726294,22900,1799.780101084034,0,nomad_done:-4,-1697.6316626777816,0.0,True,False,False,22901.0,,,none,True,86133791 3042881956 1313616534,5750.0,inf,inf
HIMMELBI,nomad_default,9,101000,1800,-1683.4441843258462,0.0,True,0.02972735147559466,26700,1793.4495334160165,0,nomad_done:-4,-1683.4186038624393,0.0,True,False,False,26718.0,,,none,True,3042881956 1313616534 646932915,7650.0,inf,inf
HIMMELBI,nomad_default,10,101000,1800,-1666.2737849228263,0.0,True,0.03962371101047386,25500,1795.17493262497,0,nomad_done:-4,-1666.2557933844537,1.076158599682131e-05,True,False,False,25511.0,,,none,True,1313616534 646932915 1705310046,7300.0,inf,inf
HIMMELBI,zoagp,1,101000,1800,inf,0.3735541908829118,False,inf,100900,6.335183416958898,0,query_limit,-1736.178618114305,0.4337052530779639,False,False,False,100900.0,999.0,,none,,,inf,inf,inf
HIMMELBI,zominmax,1,101000,1800,inf,0.043043140725028774,False,inf,100999,3.705810624989681,0,query_limit,-1734.1466643224285,0.07548803771397379,False,False,False,100999.0,50499.0,,none,,,inf,inf,inf
HIMMELBI,zominmax,2,101000,1800,inf,0.04134591535626243,False,inf,100999,3.765866291942075,0,query_limit,-1733.8187653005323,0.14219717131343299,False,False,False,100999.0,50499.0,,none,,,inf,inf,inf
HIMMELBI,zominmax,3,101000,1800,inf,0.04473518478013396,False,inf,100999,3.7383406250737607,0,query_limit,-1732.9268547975419,0.13679164362537613,False,False,False,100999.0,50499.0,,none,,,inf,inf,inf
HIMMELBI,zominmax,4,101000,1800,inf,0.030966466155425802,False,inf,100999,3.7041203330736607,0,query_limit,-1733.947335811109,0.1906480135353979,False,False,False,100999.0,50499.0,,none,,,inf,inf,inf
HIMMELBI,zominmax,5,101000,1800,inf,0.05149419167767597,False,inf,100999,3.730123791960068,0,query_limit,-1734.0964619662923,0.1511838275973071,False,False,False,100999.0,50499.0,,none,,,inf,inf,inf
HIMMELBI,zominmax,6,101000,1800,inf,0.05065399966827106,False,inf,100999,3.7173912920989096,0,query_limit,-1734.4637197676725,0.11136732920053471,False,False,False,100999.0,50499.0,,none,,,inf,inf,inf
HIMMELBI,zominmax,7,101000,1800,inf,0.06346612118638059,False,inf,100999,3.721567083033733,0,query_limit,-1733.3364907929147,0.09012167143726316,False,False,False,100999.0,50499.0,,none,,,inf,inf,inf
HIMMELBI,zominmax,8,101000,1800,inf,0.0682274744889562,False,inf,100999,3.666107958066277,0,query_limit,-1734.165525562064,0.11240300955283049,False,False,False,100999.0,50499.0,,none,,,inf,inf,inf
HIMMELBI,zominmax,9,101000,1800,inf,0.04269357619654592,False,inf,100999,3.72174491698388,0,query_limit,-1734.0286838487275,0.15577132922264458,False,False,False,100999.0,50499.0,,none,,,inf,inf,inf
HIMMELBI,zominmax,10,101000,1800,inf,0.05005875331472336,False,inf,100999,3.6639023749157786,0,query_limit,-1735.3847247875426,0.11528581646560017,False,False,False,100999.0,50499.0,,none,,,inf,inf,inf
HIMMELBI,szo_conex,1,101000,1800,inf,0.7333455420917794,False,inf,100952,3.5778606249950826,0,query_limit,-1720.818658394577,1.9851588149034478,False,False,False,100952.0,2019.0,True,none,,,inf,inf,inf
HIMMELBI,szo_conex,2,101000,1800,inf,0.7891712189608525,False,inf,100952,3.5362050419207662,0,query_limit,-1720.7411465920027,1.8557652255659474,False,False,False,100952.0,2019.0,True,none,,,inf,inf,inf
HIMMELBI,szo_conex,3,101000,1800,inf,0.7049333093899807,False,inf,100952,3.545150165911764,0,query_limit,-1720.497723742563,1.70143946391645,False,False,False,100952.0,2019.0,True,none,,,inf,inf,inf
HIMMELBI,szo_conex,4,101000,1800,inf,0.5577444152632771,False,inf,100952,3.5164888330036774,0,query_limit,-1719.0123046953915,1.720204050691292,False,False,False,100952.0,2019.0,True,none,,,inf,inf,inf
HIMMELBI,szo_conex,5,101000,1800,inf,0.7139016506188948,False,inf,100952,3.5020942500559613,0,query_limit,-1721.9750906224576,1.779040724059525,False,False,False,100952.0,2019.0,True,none,,,inf,inf,inf
HIMMELBI,szo_conex,6,101000,1800,inf,0.7659221384763726,False,inf,100952,3.1559716659830883,0,query_limit,-1721.265755859008,1.9892160786994197,False,False,False,100952.0,2019.0,True,none,,,inf,inf,inf
HIMMELBI,szo_conex,7,101000,1800,inf,0.725810243674782,False,inf,100952,3.4392207090277225,0,query_limit,-1721.3389862907568,1.7460534559851788,False,False,False,100952.0,2019.0,True,none,,,inf,inf,inf
HIMMELBI,szo_conex,8,101000,1800,inf,0.7517761546519991,False,inf,100952,3.4803063749568537,0,query_limit,-1720.3051760693409,1.8758561520622112,False,False,False,100952.0,2019.0,True,none,,,inf,inf,inf
HIMMELBI,szo_conex,9,101000,1800,inf,0.7544898106779716,False,inf,100952,3.2709032089915127,0,query_limit,-1721.4448823072512,1.779512943515382,False,False,False,100952.0,2019.0,True,none,,,inf,inf,inf
HIMMELBI,szo_conex,10,101000,1800,inf,0.6113837820542452,False,inf,100952,3.5024510419461876,0,query_limit,-1721.3369926156674,1.7437544085904613,False,False,False,100952.0,2019.0,True,none,,,inf,inf,inf
MADSSCHJ,zob_sgda,1,202000,1800,-33.09907423498674,0.0,True,0.9927299014650999,201996,317.0104248330463,0,completed,-33.09907423498674,0.0,False,False,False,201996.0,,,none,,,inf,inf,inf
MADSSCHJ,zob_sgda,2,202000,1800,-33.367344210569776,0.0,True,0.9926709768818139,201996,324.1213980829343,0,completed,-33.367344210569776,0.0,False,False,False,201996.0,,,none,,,inf,inf,inf
MADSSCHJ,zob_sgda,3,202000,1800,-32.54178063639285,0.0,True,0.9928523090994005,201996,313.12090112501755,0,completed,-32.54178063639285,0.0,False,False,False,201996.0,,,none,,,inf,inf,inf
MADSSCHJ,zob_sgda,4,202000,1800,-32.005704383251306,0.0,True,0.9929700564162859,201996,316.64495016704313,0,completed,-32.005704383251306,0.0,False,False,False,201996.0,,,none,,,inf,inf,inf
MADSSCHJ,zob_sgda,5,202000,1800,-32.80793090331003,0.0,True,0.9927938501028787,201996,313.5624452920165,0,completed,-32.80793090331003,0.0,False,False,False,201996.0,,,none,,,inf,inf,inf
MADSSCHJ,zob_sgda,6,202000,1800,-31.14372369497955,0.0,True,0.9931593875285226,201996,316.28204916696995,0,completed,-31.14372369497955,0.0,False,False,False,201996.0,,,none,,,inf,inf,inf
MADSSCHJ,zob_sgda,7,202000,1800,-32.99861956205045,0.0,True,0.9927519659906922,201996,306.02405691694,0,completed,-32.99861956205045,0.0,False,False,False,201996.0,,,none,,,inf,inf,inf
MADSSCHJ,zob_sgda,8,202000,1800,-32.98541226358214,0.0,True,0.9927548669286628,201996,308.9892705420498,0,completed,-32.98541226358214,0.0,False,False,False,201996.0,,,none,,,inf,inf,inf
MADSSCHJ,zob_sgda,9,202000,1800,-30.23047454816949,0.0,True,0.99335997958246,201996,309.07769808301236,0,completed,-30.23047454816949,0.0,False,False,False,201996.0,,,none,,,inf,inf,inf
MADSSCHJ,zob_sgda,10,202000,1800,-31.61677425845858,0.0,True,0.9930554835889723,201996,307.4553211660823,0,completed,-31.61677425845858,0.0,False,False,False,201996.0,,,none,,,inf,inf,inf
MADSSCHJ,zob_gda,1,202000,1800,-52.907059524313645,0.0,True,0.9883791451929186,201984,285.8919757499825,0,completed,-52.907059524313645,0.0,False,False,False,201984.0,,,none,,,inf,inf,inf
MADSSCHJ,zob_gda,2,202000,1800,-58.46305783108094,0.0,True,0.9871587891532552,201984,282.02904812491033,0,completed,-58.46305783108094,0.0,False,False,False,201984.0,,,none,,,inf,inf,inf
MADSSCHJ,zob_gda,3,202000,1800,-51.886188605676146,0.0,True,0.988603376001225,201984,281.29199595807586,0,completed,-51.886188605676146,0.0,False,False,False,201984.0,,,none,,,inf,inf,inf
MADSSCHJ,zob_gda,4,202000,1800,-58.54622977793215,0.0,True,0.9871405207193813,201984,285.93267412506975,0,completed,-58.54622977793215,0.0,False,False,False,201984.0,,,none,,,inf,inf,inf
MADSSCHJ,zob_gda,5,202000,1800,-50.6711819374262,0.0,True,0.9888702480634475,201984,288.1173442499712,0,completed,-50.6711819374262,0.0,False,False,False,201984.0,,,none,,,inf,inf,inf
MADSSCHJ,zob_gda,6,202000,1800,-54.11837730090972,0.0,True,0.9881130833831409,201984,280.8784148750128,0,completed,-54.11837730090972,0.0,False,False,False,201984.0,,,none,,,inf,inf,inf
MADSSCHJ,zob_gda,7,202000,1800,-52.874732932812364,0.0,True,0.9883862456182612,201984,279.270478749997,0,completed,-52.874732932812364,0.0,False,False,False,201984.0,,,none,,,inf,inf,inf
MADSSCHJ,zob_gda,8,202000,1800,-57.349135825692336,0.0,True,0.9874034583147512,201984,280.052445792011,0,completed,-57.349135825692336,0.0,False,False,False,201984.0,,,none,,,inf,inf,inf
MADSSCHJ,zob_gda,9,202000,1800,-52.85931537194415,0.0,True,0.9883896320328142,201984,280.74540974991396,0,completed,-52.85931537194415,0.0,False,False,False,201984.0,,,none,,,inf,inf,inf
MADSSCHJ,zob_gda,10,202000,1800,-54.23383401982983,0.0,True,0.98808772370942,201984,285.3195279999636,0,completed,-54.23383401982983,0.0,False,False,False,201984.0,,,none,,,inf,inf,inf
MADSSCHJ,nomad_default,1,202000,1800,2e+19,0.0,True,4392931647142831.0,1750,1794.9893948750105,0,hard_timeout,0.0,5.710370031978072e+33,False,False,False,,,,none,True,362436069 521288629 1588437975,inf,inf,inf
MADSSCHJ,nomad_default,2,202000,1800,2e+19,0.0,True,4392931647142831.0,1750,1793.1648891249788,0,hard_timeout,0.0,5.710370031978072e+33,False,False,False,,,,none,True,521288629 1588437975 2268752316,inf,inf,inf
MADSSCHJ,nomad_default,3,202000,1800,2e+19,0.0,True,4392931647142831.0,1700,1684.4163883330184,2,hard_timeout,0.0,5.710370031978072e+33,False,False,False,,,,none,True,1588437975 2268752316 3071397075,inf,inf,inf
MADSSCHJ,nomad_default,4,202000,1800,2e+19,0.0,True,4392931647142831.0,1700,1683.6717189170304,2,hard_timeout,0.0,5.710370031978072e+33,False,False,False,,,,none,True,2268752316 3071397075 1066942004,inf,inf,inf
MADSSCHJ,nomad_default,5,202000,1800,2e+19,0.0,True,4392931647142831.0,1700,1688.6731804999872,2,hard_timeout,0.0,5.710370031978072e+33,False,False,False,,,,none,True,3071397075 1066942004 2996772340,inf,inf,inf
MADSSCHJ,nomad_default,6,202000,1800,2e+19,0.0,True,4392931647142831.0,1700,1740.9972750830348,2,hard_timeout,0.0,5.710370031978072e+33,False,False,False,,,,none,True,1066942004 2996772340 86133791,inf,inf,inf
MADSSCHJ,nomad_default,7,202000,1800,2e+19,0.0,True,4392931647142831.0,1750,1799.231936874974,0,hard_timeout,0.0,5.710370031978072e+33,False,False,False,,,,none,True,2996772340 86133791 3042881956,inf,inf,inf
MADSSCHJ,nomad_default,8,202000,1800,2e+19,0.0,True,4392931647142831.0,1700,1712.4780456669978,2,hard_timeout,0.0,5.710370031978072e+33,False,False,False,,,,none,True,86133791 3042881956 1313616534,inf,inf,inf
MADSSCHJ,nomad_default,9,202000,1800,2e+19,0.0,True,4392931647142831.0,1700,1682.3369332909933,2,hard_timeout,0.0,5.710370031978072e+33,False,False,False,,,,none,True,3042881956 1313616534 646932915,inf,inf,inf
MADSSCHJ,nomad_default,10,202000,1800,2e+19,0.0,True,4392931647142831.0,1700,1675.7216228329926,2,hard_timeout,0.0,5.710370031978072e+33,False,False,False,,,,none,True,1313616534 646932915 1705310046,inf,inf,inf
MADSSCHJ,zoagp,1,202000,1800,-233.63176450396838,0.0,True,0.9486835813966349,201799,118.39456804201473,0,query_limit,-233.63176450396838,0.0,False,False,False,201799.0,999.0,,none,,,inf,inf,inf
MADSSCHJ,zominmax,1,202000,1800,-4530.839326624339,0.0,True,0.004816626697631471,201999,127.98715275002178,0,query_limit,-4568.0602776088535,0.2623204453428751,True,True,False,201999.0,100999.0,,none,,,168750.0,168750.0,inf
MADSSCHJ,zominmax,2,202000,1800,-4533.246615001706,0.0,True,0.0042878740327947475,201999,129.5674057090655,0,query_limit,-4474.386372852779,0.09145389732657931,True,True,False,201999.0,100999.0,,none,,,170850.0,170850.0,inf
MADSSCHJ,zominmax,3,202000,1800,-4503.903689213422,0.0,True,0.010732947398550659,201999,134.9700440838933,0,query_limit,-4503.687049111432,0.15045424524163364,True,False,False,201999.0,100999.0,,none,,,171050.0,inf,inf
MADSSCHJ,zominmax,4,202000,1800,-4505.176583595676,0.0,True,0.010453360497786966,201999,130.4334258750314,0,query_limit,-4494.429145569375,0.23929127620441548,True,False,False,201999.0,100999.0,,none,,,171600.0,inf,inf
MADSSCHJ,zominmax,5,202000,1800,-4552.768312024165,0.0,True,0.0,201999,129.5483451250475,0,query_limit,-4549.378334647018,0.333646500136757,True,True,True,201999.0,100999.0,,none,,,168050.0,168050.0,168050.0
MADSSCHJ,zominmax,6,202000,1800,-4507.8893401668165,0.0,True,0.009857512788169025,201999,129.24552316602785,0,query_limit,-4507.245628357426,0.18139403116126718,True,True,False,201999.0,100999.0,,none,,,170750.0,170750.0,inf
MADSSCHJ,zominmax,7,202000,1800,-4512.158336254705,0.0,True,0.00891984238736824,201999,130.2691943749087,0,query_limit,-4506.697092096841,0.26035432800640235,True,True,False,201999.0,100999.0,,none,,,170800.0,170800.0,inf
MADSSCHJ,zominmax,8,202000,1800,-4525.973676354982,0.0,True,0.005885350150240951,201999,129.9538790829247,0,query_limit,-4504.975038529357,0.39384627539101597,True,True,False,201999.0,100999.0,,none,,,170350.0,170350.0,inf
MADSSCHJ,zominmax,9,202000,1800,-4509.671750900891,0.0,True,0.00946601236207281,201999,131.67556479095947,0,query_limit,-4541.128993013591,0.28974017129288343,True,True,False,201999.0,100999.0,,none,,,170300.0,170300.0,inf
MADSSCHJ,zominmax,10,202000,1800,-4552.444914516882,0.0,True,7.103315721764317e-05,201999,130.10491025005467,0,query_limit,-4491.612276387254,0.2424900183756497,True,True,True,201999.0,100999.0,,none,,,169750.0,169750.0,169750.0
MADSSCHJ,szo_conex,1,202000,1800,inf,0.9728815438619055,False,inf,200846,128.42605604196433,0,query_limit,-2.0588472114798533,0.9940793403749486,False,False,False,200846.0,126.0,True,none,,,inf,inf,inf
MADSSCHJ,szo_conex,2,202000,1800,inf,0.96410870326988,False,inf,200846,129.7916272910079,0,query_limit,-1.8473090829275491,0.9926199919579674,False,False,False,200846.0,126.0,True,none,,,inf,inf,inf
MADSSCHJ,szo_conex,3,202000,1800,inf,0.9714500381608568,False,inf,200846,128.14105249999557,0,query_limit,-1.520419182075248,0.9921984920683004,False,False,False,200846.0,126.0,True,none,,,inf,inf,inf
MADSSCHJ,szo_conex,4,202000,1800,inf,0.9687780753028976,False,inf,200846,128.2062571250135,0,query_limit,-1.7782815984932792,0.9934293286983938,False,False,False,200846.0,126.0,True,none,,,inf,inf,inf
MADSSCHJ,szo_conex,5,202000,1800,inf,0.9632237077489897,False,inf,200846,128.54164137493353,0,query_limit,-2.073404679372257,0.9927920922181376,False,False,False,200846.0,126.0,True,none,,,inf,inf,inf
MADSSCHJ,szo_conex,6,202000,1800,inf,0.9651488507817026,False,inf,200846,127.44642066699453,0,query_limit,-1.8564387002179243,0.9911961120036966,False,False,False,200846.0,126.0,True,none,,,inf,inf,inf
MADSSCHJ,szo_conex,7,202000,1800,inf,0.9661328618958521,False,inf,200846,127.3474084159825,0,query_limit,-1.5143729053911053,0.9917779617358864,False,False,False,200846.0,126.0,True,none,,,inf,inf,inf
MADSSCHJ,szo_conex,8,202000,1800,inf,0.9622389279995721,False,inf,200846,128.44758716702927,0,query_limit,-1.7610156979032472,0.9921103861777334,False,False,False,200846.0,126.0,True,none,,,inf,inf,inf
MADSSCHJ,szo_conex,9,202000,1800,inf,0.9581453133554981,False,inf,200846,129.25997258303687,0,query_limit,-1.2200753132990838,0.988460970181407,False,False,False,200846.0,126.0,True,none,,,inf,inf,inf
MADSSCHJ,szo_conex,10,202000,1800,inf,0.9671780179719793,False,inf,200846,128.60122791700996,0,query_limit,-1.7342358874424766,0.9937802576787786,False,False,False,200846.0,126.0,True,none,,,inf,inf,inf
HAIFAL,zob_sgda,1,100000,1800,0.0,0.0,True,0.02570573129967026,49600,1799.486294082948,1,time_limit,-0.11098720332759211,5.000000000000046e+40,True,False,False,49620.0,,,none,,,1.0,inf,inf
HAIFAL,zob_sgda,2,100000,1800,0.0,0.0,True,0.02570573129967026,49200,1797.9949272500817,2,time_limit,1021.6263457746282,2e+41,True,False,False,49260.0,,,none,,,1.0,inf,inf
HAIFAL,zob_sgda,3,100000,1800,0.0,0.0,True,0.02570573129967026,50550,1799.9727389999898,1,time_limit,-0.0497368626676099,2e+41,True,False,False,50565.0,,,none,,,1.0,inf,inf
HAIFAL,zob_sgda,4,100000,1800,0.0,0.0,True,0.02570573129967026,49000,1799.2115924580721,1,time_limit,13.038980313632791,0.0,True,False,False,49035.0,,,none,,,1.0,inf,inf
HAIFAL,zob_sgda,5,100000,1800,0.0,0.0,True,0.02570573129967026,49300,1799.387370332959,1,time_limit,3.17098558487245,0.0,True,False,False,49320.0,,,none,,,1.0,inf,inf
HAIFAL,zob_sgda,6,100000,1800,0.0,0.0,True,0.02570573129967026,49050,1799.3037894169101,1,time_limit,-0.06516805528802856,2e+41,True,False,False,49080.0,,,none,,,1.0,inf,inf
HAIFAL,zob_sgda,7,100000,1800,0.0,0.0,True,0.02570573129967026,80700,1799.217000167002,1,time_limit,50.76928306438942,5.000000000000263e+40,True,False,False,80745.0,,,none,,,1.0,inf,inf
HAIFAL,zob_sgda,8,100000,1800,0.0,0.0,True,0.02570573129967026,80200,1799.8158657919848,1,time_limit,47628.17004424308,2e+41,True,False,False,80220.0,,,none,,,1.0,inf,inf
HAIFAL,zob_sgda,9,100000,1800,0.0,0.0,True,0.02570573129967026,88500,1799.1444872500142,2,time_limit,-0.06050641833979446,2e+41,True,False,False,88560.0,,,none,,,1.0,inf,inf
HAIFAL,zob_sgda,10,100000,1800,0.0,0.0,True,0.02570573129967026,89050,1799.6327177080093,1,time_limit,0.7495675958925679,0.0,True,False,False,89085.0,,,none,,,1.0,inf,inf
HAIFAL,zob_gda,1,100000,1800,0.0,0.0,True,0.02570573129967026,52450,1799.4899118329631,1,time_limit,-0.08,2e+41,True,False,False,52480.0,,,none,,,1.0,inf,inf
HAIFAL,zob_gda,2,100000,1800,0.0,0.0,True,0.02570573129967026,52050,1799.1003305409104,1,time_limit,1196518.1042886188,2e+41,True,False,False,52080.0,,,none,,,1.0,inf,inf
HAIFAL,zob_gda,3,100000,1800,0.0,0.0,True,0.02570573129967026,53100,1798.748930208967,1,time_limit,9.412480023525008,0.0,True,False,False,53140.0,,,none,,,1.0,inf,inf
HAIFAL,zob_gda,4,100000,1800,0.0,0.0,True,0.02570573129967026,53150,1799.2506342079723,1,time_limit,-0.08,2e+41,True,False,False,53180.0,,,none,,,1.0,inf,inf
HAIFAL,zob_gda,5,100000,1800,0.0,0.0,True,0.02570573129967026,53000,1799.1962642910657,1,time_limit,3.2128000040064646,0.0,True,False,False,53040.0,,,none,,,1.0,inf,inf
HAIFAL,zob_gda,6,100000,1800,0.0,0.0,True,0.02570573129967026,53650,1799.2039462919347,1,time_limit,-0.08,2e+41,True,False,False,53680.0,,,none,,,1.0,inf,inf
HAIFAL,zob_gda,7,100000,1800,0.0,0.0,True,0.02570573129967026,54650,1799.2628774170298,1,time_limit,-0.08,2e+41,True,False,False,54680.0,,,none,,,1.0,inf,inf
HAIFAL,zob_gda,8,100000,1800,0.0,0.0,True,0.02570573129967026,55500,1799.1190846250392,1,time_limit,30707.708310719376,2e+41,True,False,False,55540.0,,,none,,,1.0,inf,inf
HAIFAL,zob_gda,9,100000,1800,0.0,0.0,True,0.02570573129967026,55150,1799.1413005000213,1,time_limit,67.07712078989951,0.0,True,False,False,55180.0,,,none,,,1.0,inf,inf
HAIFAL,zob_gda,10,100000,1800,0.0,0.0,True,0.02570573129967026,54900,1798.7779635000043,1,time_limit,700.1627011457495,2e+41,True,False,False,54940.0,,,none,,,1.0,inf,inf
HAIFAL,nomad_default,1,100000,1800,0.0,0.0,True,0.02570573129967026,350,176.22082658397267,0,hard_timeout,0.0,5e+38,True,False,False,,,,none,True,362436069 521288629 1588437975,1.0,inf,inf
HAIFAL,nomad_default,2,100000,1800,0.0,0.0,True,0.02570573129967026,350,175.90868233400397,0,hard_timeout,0.0,5e+38,True,False,False,,,,none,True,521288629 1588437975 2268752316,1.0,inf,inf
HAIFAL,nomad_default,3,100000,1800,0.0,0.0,True,0.02570573129967026,350,176.6704507920076,0,hard_timeout,0.0,5e+38,True,False,False,,,,none,True,1588437975 2268752316 3071397075,1.0,inf,inf
HAIFAL,nomad_default,4,100000,1800,0.0,0.0,True,0.02570573129967026,350,181.3002709999564,0,hard_timeout,0.0,5e+38,True,False,False,,,,none,True,2268752316 3071397075 1066942004,1.0,inf,inf
HAIFAL,nomad_default,5,100000,1800,0.0,0.0,True,0.02570573129967026,350,181.34427079203306,0,hard_timeout,0.0,5e+38,True,False,False,,,,none,True,3071397075 1066942004 2996772340,1.0,inf,inf
HAIFAL,nomad_default,6,100000,1800,0.0,0.0,True,0.02570573129967026,350,176.64081779198023,0,hard_timeout,0.0,5e+38,True,False,False,,,,none,True,1066942004 2996772340 86133791,1.0,inf,inf
HAIFAL,nomad_default,7,100000,1800,0.0,0.0,True,0.02570573129967026,350,174.4918387910002,0,hard_timeout,0.0,5e+38,True,False,False,,,,none,True,2996772340 86133791 3042881956,1.0,inf,inf
HAIFAL,nomad_default,8,100000,1800,0.0,0.0,True,0.02570573129967026,350,174.28005979198497,0,hard_timeout,0.0,5e+38,True,False,False,,,,none,True,86133791 3042881956 1313616534,1.0,inf,inf
HAIFAL,nomad_default,9,100000,1800,0.0,0.0,True,0.02570573129967026,350,177.50936700002057,0,hard_timeout,0.0,5e+38,True,False,False,,,,none,True,3042881956 1313616534 646932915,1.0,inf,inf
HAIFAL,nomad_default,10,100000,1800,0.0,0.0,True,0.02570573129967026,350,176.9601210830151,0,hard_timeout,0.0,5e+38,True,False,False,,,,none,True,1313616534 646932915 1705310046,1.0,inf,inf
HAIFAL,zoagp,1,100000,1800,0.0,0.0,True,0.02570573129967026,99761,1120.6466129169567,0,query_limit,2076571.1615166455,9.296687464468567e+29,True,False,False,99761.0,290.0,,none,,,1.0,inf,inf
HAIFAL,zominmax,1,100000,1800,0.0,0.0,True,0.02570573129967026,99999,1605.497588083963,0,query_limit,425533886217592.25,3.6623011002142234e+32,True,False,False,99999.0,49999.0,,none,,,1.0,inf,inf
HAIFAL,zominmax,2,100000,1800,0.0,0.0,True,0.02570573129967026,99999,1611.6704587079585,0,query_limit,2588809340523800.5,1.838593685657371e+32,True,False,False,99999.0,49999.0,,none,,,1.0,inf,inf
HAIFAL,zominmax,3,100000,1800,0.0,0.0,True,0.02570573129967026,99999,1612.7080799168907,0,query_limit,1291516828990029.2,1.8963766812514675e+34,True,False,False,99999.0,49999.0,,none,,,1.0,inf,inf
HAIFAL,zominmax,4,100000,1800,-3.55321941995304e-05,0.0,True,0.02567019910547073,99999,1598.4267916250974,0,query_limit,57192565142739.28,1.5620841191870118e+30,True,False,False,99999.0,49999.0,,none,,,1.0,inf,inf
HAIFAL,zominmax,5,100000,1800,-4.4453013150965386e-05,0.0,True,0.025661278286519294,99999,1604.5454114169115,0,query_limit,2.6715209453095898e+17,1.8870871058084496e+37,True,False,False,99999.0,49999.0,,none,,,1.0,inf,inf
HAIFAL,zominmax,6,100000,1800,0.0,0.0,True,0.02570573129967026,99999,1585.075589041924,0,query_limit,1680719445256304.5,8.654361502412643e+31,True,False,False,99999.0,49999.0,,none,,,1.0,inf,inf
HAIFAL,zominmax,7,100000,1800,-1.150659195893616e-05,0.0,True,0.025694224707711325,88050,1799.3222973330412,1,time_limit,1739692110818383.2,1.208897823732923e+33,True,False,False,88070.0,44034.0,,none,,,1.0,inf,inf
HAIFAL,zominmax,8,100000,1800,0.0,0.0,True,0.02570573129967026,88050,1799.2667319580214,1,time_limit,-1259408314678.3438,1.0902024387864362e+28,True,False,False,88073.0,44036.0,,none,,,1.0,inf,inf
HAIFAL,zominmax,9,100000,1800,-4.2661009506253075e-05,0.0,True,0.025663070290164007,84250,1798.6859207500238,1,time_limit,-1.3024856467948866e+17,2.4760349407722416e+37,True,False,False,84288.0,42143.0,,none,,,1.0,inf,inf
HAIFAL,zominmax,10,100000,1800,-6.151360888507094e-05,0.0,True,0.02564421769078519,84050,1799.084053083905,1,time_limit,-13728332093949.268,1.2700638600066803e+28,True,False,False,84078.0,42038.0,,none,,,1.0,inf,inf
HAIFAL,szo_conex,1,100000,1800,-0.018957970980688937,0.0,True,0.0067477603189813225,71670,1019.2166579170153,0,query_limit,0.7280726241275033,1.9903547589391577,True,True,False,71670.0,2.0,True,none,,,1.0,7650.0,inf
HAIFAL,szo_conex,2,100000,1800,-0.01802225844881298,0.0,True,0.007683472850857281,71670,1019.5863277909812,0,query_limit,0.46438928852923606,0.4732419274761966,True,True,False,71670.0,2.0,True,none,,,1.0,5850.0,inf
HAIFAL,szo_conex,3,100000,1800,-0.01972827201002552,0.0,True,0.00597745928964474,71670,1094.797877667006,0,query_limit,0.18727298708204737,0.0,True,True,False,71670.0,2.0,True,none,,,1.0,6600.0,inf
HAIFAL,szo_conex,4,100000,1800,-0.016899899719860462,0.0,True,0.008805831579809797,71670,1005.8959694169462,0,query_limit,0.4563466185172535,0.08287107976945285,True,True,False,71670.0,2.0,True,none,,,1.0,24550.0,inf
HAIFAL,szo_conex,5,100000,1800,-0.023211108595430453,0.0,True,0.0024946227042398073,71670,1048.9437872079434,0,query_limit,0.14368271365767962,0.0,True,True,False,71670.0,2.0,True,none,,,1.0,2850.0,inf
HAIFAL,szo_conex,6,100000,1800,-0.02243431267015646,0.0,True,0.0032714186295138004,71670,1055.4139663749374,0,query_limit,0.6533238195829733,1.0204030300176596,True,True,False,71670.0,2.0,True,none,,,1.0,13050.0,inf
HAIFAL,szo_conex,7,100000,1800,-0.01719943351059567,0.0,True,0.00850629778907459,71670,1061.1075927088968,0,query_limit,0.8742889760972297,2.8770084538124525,True,True,False,71670.0,2.0,True,none,,,1.0,16250.0,inf
HAIFAL,szo_conex,8,100000,1800,-0.020677128523223925,0.0,True,0.005028602776446334,71670,1026.7161740000593,0,query_limit,0.6870672883980268,1.1329167566222962,True,True,False,71670.0,2.0,True,none,,,1.0,1300.0,inf
HAIFAL,szo_conex,9,100000,1800,-0.018025468747824167,0.0,True,0.007680262551846093,71670,1023.1153638339601,0,query_limit,0.8712698192433772,2.2224363846832285,True,True,False,71670.0,2.0,True,none,,,1.0,3200.0,inf
HAIFAL,szo_conex,10,100000,1800,-0.02570573129967026,0.0,True,0.0,71670,1017.4191099579912,0,query_limit,0.09783606224421375,0.0,True,True,True,71670.0,2.0,True,none,,,1.0,950.0,22750.0
CAMSHAPE,zob_sgda,1,100000,1800,inf,0.42567435794725433,False,inf,99981,511.5801988339517,0,completed,-0.9878731421427637,3.9999901552,False,False,False,99981.0,,,none,,,inf,inf,inf
CAMSHAPE,zob_sgda,2,100000,1800,inf,0.6128685377175667,False,inf,99981,509.9052073750645,0,completed,-0.9686471618905014,3.9999901552,False,False,False,99981.0,,,none,,,inf,inf,inf
CAMSHAPE,zob_sgda,3,100000,1800,inf,0.49999630813999996,False,inf,99981,280.7775626669172,0,completed,-0.9703508632511572,3.9999901552,False,False,False,99981.0,,,none,,,inf,inf,inf
CAMSHAPE,zob_sgda,4,100000,1800,inf,0.3774281631653625,False,inf,99981,284.8399575409712,0,completed,-0.9958463892044166,3.9999901552,False,False,False,99981.0,,,none,,,inf,inf,inf
CAMSHAPE,zob_sgda,5,100000,1800,inf,0.3128661265351877,False,inf,99981,290.7769326251,0,completed,-0.9990391463080134,3.9999901552,False,False,False,99981.0,,,none,,,inf,inf,inf
CAMSHAPE,zob_sgda,6,100000,1800,inf,0.5379547910991604,False,inf,99981,287.61471862508915,0,completed,-0.9982891147601552,3.9999901552,False,False,False,99981.0,,,none,,,inf,inf,inf
CAMSHAPE,zob_sgda,7,100000,1800,inf,0.38313022708861677,False,inf,99981,291.36462904093787,0,completed,-0.9875729934458429,3.9999901552,False,False,False,99981.0,,,none,,,inf,inf,inf
CAMSHAPE,zob_sgda,8,100000,1800,inf,0.42541246788922743,False,inf,99981,292.5118251250824,0,completed,-0.9936476230287893,3.9999901552,False,False,False,99981.0,,,none,,,inf,inf,inf
CAMSHAPE,zob_sgda,9,100000,1800,inf,0.2995755511520395,False,inf,99981,283.38749712496065,0,completed,-0.976478010825221,3.9999901552,False,False,False,99981.0,,,none,,,inf,inf,inf
CAMSHAPE,zob_sgda,10,100000,1800,inf,0.5654755756857457,False,inf,99981,290.9960832920624,0,completed,-0.990590219366717,3.9999901552,False,False,False,99981.0,,,none,,,inf,inf,inf
CAMSHAPE,zob_gda,1,100000,1800,inf,0.33245956062287974,False,inf,99990,568.8728163749911,0,completed,-0.9971792430552673,3.9999901552,False,False,False,99990.0,,,none,,,inf,inf,inf
CAMSHAPE,zob_gda,2,100000,1800,inf,0.3520841991633305,False,inf,99990,562.6387893750798,0,completed,-0.9864143379881549,3.9999901552,False,False,False,99990.0,,,none,,,inf,inf,inf
CAMSHAPE,zob_gda,3,100000,1800,inf,0.4275258289639805,False,inf,99990,529.0729429170024,0,completed,-1.0132823824824473,3.9999901552,False,False,False,99990.0,,,none,,,inf,inf,inf
CAMSHAPE,zob_gda,4,100000,1800,inf,0.42025182510938175,False,inf,99990,532.8370714999037,0,completed,-1.0016325670168353,3.9999901552,False,False,False,99990.0,,,none,,,inf,inf,inf
CAMSHAPE,zob_gda,5,100000,1800,inf,0.3037953530133503,False,inf,99990,516.0089499589521,0,completed,-1.0181290525534554,3.9999901552,False,False,False,99990.0,,,none,,,inf,inf,inf
CAMSHAPE,zob_gda,6,100000,1800,inf,0.27737052264809026,False,inf,99990,516.8426953329472,0,completed,-0.9930384339820335,3.9999901552,False,False,False,99990.0,,,none,,,inf,inf,inf
CAMSHAPE,zob_gda,7,100000,1800,inf,0.31243063944462374,False,inf,99990,525.3792567920173,0,completed,-0.9896321551067236,3.9999901552,False,False,False,99990.0,,,none,,,inf,inf,inf
CAMSHAPE,zob_gda,8,100000,1800,inf,0.22329416469635302,False,inf,99990,532.0431474159705,0,completed,-0.9988003863207927,3.9999901552,False,False,False,99990.0,,,none,,,inf,inf,inf
CAMSHAPE,zob_gda,9,100000,1800,inf,0.46867384878036134,False,inf,99990,530.5342413340695,0,completed,-0.9884205424529661,3.9999901552,False,False,False,99990.0,,,none,,,inf,inf,inf
CAMSHAPE,zob_gda,10,100000,1800,inf,0.22447034025735438,False,inf,99990,528.3325693330262,0,completed,-0.9895541549267641,3.9999901552,False,False,False,99990.0,,,none,,,inf,inf,inf
CAMSHAPE,nomad_default,1,100000,1800,inf,0.7464926162500003,False,inf,1400,1337.2927932919702,0,hard_timeout,-1.0000416666666667,0.7499926162500001,False,False,False,,,,none,True,362436069 521288629 1588437975,inf,inf,inf
CAMSHAPE,nomad_default,2,100000,1800,inf,0.7499926162500001,False,inf,1400,1396.9967001249897,0,hard_timeout,-1.0000416666666667,0.7499926162500001,False,False,False,,,,none,True,521288629 1588437975 2268752316,inf,inf,inf
CAMSHAPE,nomad_default,3,100000,1800,inf,0.7474926211725004,False,inf,1400,1289.4735076669604,0,hard_timeout,-1.0000416666666667,0.7499926162500001,False,False,False,,,,none,True,1588437975 2268752316 3071397075,inf,inf,inf
CAMSHAPE,nomad_default,4,100000,1800,inf,0.7499926162500001,False,inf,1400,1398.265625,0,hard_timeout,-1.0000416666666667,0.7499926162500001,False,False,False,,,,none,True,2268752316 3071397075 1066942004,inf,inf,inf
CAMSHAPE,nomad_default,5,100000,1800,inf,0.7499926162500001,False,inf,1400,1291.1687347089755,0,hard_timeout,-1.0000416666666667,0.7499926162500001,False,False,False,,,,none,True,3071397075 1066942004 2996772340,inf,inf,inf
CAMSHAPE,nomad_default,6,100000,1800,inf,0.7499926162500001,False,inf,1400,1408.84776337503,0,hard_timeout,-1.0000416666666667,0.7499926162500001,False,False,False,,,,none,True,1066942004 2996772340 86133791,inf,inf,inf
CAMSHAPE,nomad_default,7,100000,1800,inf,0.7499926162500001,False,inf,1400,1295.806700541987,0,hard_timeout,-1.0000416666666667,0.7499926162500001,False,False,False,,,,none,True,2996772340 86133791 3042881956,inf,inf,inf
CAMSHAPE,nomad_default,8,100000,1800,inf,0.7499926162500001,False,inf,1400,1363.8254602919915,0,hard_timeout,-1.0000416666666667,0.7499926162500001,False,False,False,,,,none,True,86133791 3042881956 1313616534,inf,inf,inf
CAMSHAPE,nomad_default,9,100000,1800,inf,0.7499926162500001,False,inf,1400,1302.3147890419932,0,hard_timeout,-1.0000416666666667,0.7499926162500001,False,False,False,,,,none,True,3042881956 1313616534 646932915,inf,inf,inf
CAMSHAPE,nomad_default,10,100000,1800,inf,0.7499926162500001,False,inf,1400,1399.0698145410279,0,hard_timeout,-1.0000416666666667,0.7499926162500001,False,False,False,,,,none,True,1313616534 646932915 1705310046,inf,inf,inf
CAMSHAPE,zoagp,1,100000,1800,inf,0.08957135972979374,False,inf,99325,259.21562262496445,0,query_limit,-1.019096431843584,0.09153884499761994,False,False,False,99325.0,124.0,,none,,,inf,inf,inf
CAMSHAPE,zominmax,1,100000,1800,inf,0.4731123441166951,False,inf,99999,287.11337525001727,0,query_limit,-0.9880397893656923,3.9999901552,False,False,False,99999.0,49999.0,,none,,,inf,inf,inf
CAMSHAPE,zominmax,2,100000,1800,inf,0.48521651978020675,False,inf,99999,290.36216429201886,0,query_limit,-0.9989045251461419,3.9999901552,False,False,False,99999.0,49999.0,,none,,,inf,inf,inf
CAMSHAPE,zominmax,3,100000,1800,inf,0.5312243318097629,False,inf,99999,275.55417224997655,0,query_limit,-0.9858037162325933,3.9999901552,False,False,False,99999.0,49999.0,,none,,,inf,inf,inf
CAMSHAPE,zominmax,4,100000,1800,inf,0.5525878140311484,False,inf,99999,268.98870412493125,0,query_limit,-0.9882010048784068,3.9999901552,False,False,False,99999.0,49999.0,,none,,,inf,inf,inf
CAMSHAPE,zominmax,5,100000,1800,inf,0.5290662670472773,False,inf,99999,269.5456159170717,0,query_limit,-0.9928278168280155,3.9999901552,False,False,False,99999.0,49999.0,,none,,,inf,inf,inf
CAMSHAPE,zominmax,6,100000,1800,inf,0.5485479772866904,False,inf,99999,270.7369477080647,0,query_limit,-1.0006213819565828,3.9999901552,False,False,False,99999.0,49999.0,,none,,,inf,inf,inf
CAMSHAPE,zominmax,7,100000,1800,inf,0.5201437934859735,False,inf,99999,480.7041501669446,0,query_limit,-0.999608502576882,3.9999901552,False,False,False,99999.0,49999.0,,none,,,inf,inf,inf
CAMSHAPE,zominmax,8,100000,1800,inf,0.5001672396063065,False,inf,99999,472.84003279195167,0,query_limit,-1.023947178273594,3.9999901552,False,False,False,99999.0,49999.0,,none,,,inf,inf,inf
CAMSHAPE,zominmax,9,100000,1800,inf,0.5031874040712193,False,inf,99999,599.6849182499573,0,query_limit,-1.0052996018512272,3.9999901552,False,False,False,99999.0,49999.0,,none,,,inf,inf,inf
CAMSHAPE,zominmax,10,100000,1800,inf,0.5706451939418449,False,inf,99999,601.1579542080872,0,query_limit,-1.0097574066982136,3.9999901552,False,False,False,99999.0,49999.0,,none,,,inf,inf,inf
CAMSHAPE,szo_conex,1,100000,1800,inf,0.5294376884538856,False,inf,96212,227.00206758303102,0,query_limit,-1.003087764598131,1.342900693245285,False,False,False,96212.0,15.0,True,none,,,inf,inf,inf
CAMSHAPE,szo_conex,2,100000,1800,inf,0.5468076638173911,False,inf,96212,228.4968968339963,0,query_limit,-0.994647294104472,1.1761565536662346,False,False,False,96212.0,15.0,True,none,,,inf,inf,inf
CAMSHAPE,szo_conex,3,100000,1800,inf,0.5535913742160066,False,inf,96212,237.3519132080255,0,query_limit,-0.9988223159105055,1.6618808372936342,False,False,False,96212.0,15.0,True,none,,,inf,inf,inf
CAMSHAPE,szo_conex,4,100000,1800,inf,0.5632988194920938,False,inf,96212,231.22230033308733,0,query_limit,-1.000001160529401,1.585426765112854,False,False,False,96212.0,15.0,True,none,,,inf,inf,inf
CAMSHAPE,szo_conex,5,100000,1800,inf,0.4736085445636987,False,inf,96212,236.00381475000177,0,query_limit,-0.9992798677031599,1.4045837729215946,False,False,False,96212.0,15.0,True,none,,,inf,inf,inf
CAMSHAPE,szo_conex,6,100000,1800,inf,0.5656230072021837,False,inf,96212,225.00932712492067,0,query_limit,-1.0007927112597397,1.574156267601356,False,False,False,96212.0,15.0,True,none,,,inf,inf,inf
CAMSHAPE,szo_conex,7,100000,1800,inf,0.5601189768645889,False,inf,96212,234.6394762499258,0,query_limit,-1.0000431671435073,1.3113953072686786,False,False,False,96212.0,15.0,True,none,,,inf,inf,inf
CAMSHAPE,szo_conex,8,100000,1800,inf,0.5551846177151782,False,inf,96212,233.88463125005364,0,query_limit,-0.9987239555706146,1.5760318856839834,False,False,False,96212.0,15.0,True,none,,,inf,inf,inf
CAMSHAPE,szo_conex,9,100000,1800,inf,0.5629689769327628,False,inf,96212,232.1917148749344,0,query_limit,-1.0018429574584824,1.508161041506353,False,False,False,96212.0,15.0,True,none,,,inf,inf,inf
CAMSHAPE,szo_conex,10,100000,1800,inf,0.48954603059253105,False,inf,96212,238.5511665000813,0,query_limit,-1.002170956142124,1.234982325777686,False,False,False,96212.0,15.0,True,none,,,inf,inf,inf
ROSEPETAL,zob_sgda,1,100000,1800,0.000628431936287023,0.0,True,0.0009953492532680521,99975,672.1957591250539,0,completed,0.0006284434527137504,0.0,True,True,True,99975.0,,,none,,,51700.0,59650.0,99900.0
ROSEPETAL,zob_sgda,2,100000,1800,0.0006239056671242908,0.0,True,0.000990824645916192,99975,671.9953991669463,0,completed,0.0006239168281057491,0.0,True,True,True,99975.0,,,none,,,51500.0,59450.0,99800.0
ROSEPETAL,zob_sgda,3,100000,1800,0.0006242795519637016,0.0,True,0.000991198393484515,99975,674.5854025840526,0,completed,0.0006242865186909812,0.0,True,True,True,99975.0,,,none,,,51550.0,59500.0,99800.0
ROSEPETAL,zob_sgda,4,100000,1800,0.0006283971967685941,0.0,True,0.0009953145265041692,99975,696.4967052920256,0,completed,0.0006284164145094912,0.0,True,True,True,99975.0,,,none,,,51550.0,59600.0,99900.0
ROSEPETAL,zob_sgda,5,100000,1800,0.0006255794318812801,0.0,True,0.0009924977961537236,99975,788.3377193750348,0,completed,0.0006256001661886601,0.0,True,True,True,99975.0,,,none,,,51550.0,59450.0,99850.0
ROSEPETAL,zob_sgda,6,100000,1800,0.0006293771351903378,0.0,True,0.0009962941051434378,99975,801.9088128330186,0,completed,0.0006293817322824884,0.0,True,True,True,99975.0,,,none,,,51650.0,59550.0,99900.0
ROSEPETAL,zob_sgda,7,100000,1800,0.000627060749889648,0.0,True,0.0009939785702990816,99975,1036.6981393750757,0,completed,0.0006270767923194722,0.0,True,True,True,99975.0,,,none,,,51600.0,59550.0,99850.0
ROSEPETAL,zob_sgda,8,100000,1800,0.0006285549314842434,0.0,True,0.0009954722033078262,99975,1031.6819010840263,0,completed,0.0006285674431577252,0.0,True,True,True,99975.0,,,none,,,51550.0,59500.0,99900.0
ROSEPETAL,zob_sgda,9,100000,1800,0.0006247936026558342,0.0,True,0.0009917122554439412,99975,1056.0498921669787,0,completed,0.0006248077019848525,0.0,True,True,True,99975.0,,,none,,,51600.0,59600.0,99850.0
ROSEPETAL,zob_sgda,10,100000,1800,0.0006277188479863883,0.0,True,0.0009946364267763926,99975,1043.1936557920417,0,completed,0.0006277191560389551,0.0,True,True,True,99975.0,,,none,,,51600.0,59550.0,99900.0
ROSEPETAL,zob_gda,1,100000,1800,-4.3588517064515793e-05,0.0,True,0.0003235755309118505,99990,1119.9397977920016,0,completed,-4.341407933478311e-05,0.0,True,True,True,99990.0,,,none,,,30000.0,30700.0,45950.0
ROSEPETAL,zob_gda,2,100000,1800,-4.362721774155263e-05,0.0,True,0.0003235368444436916,99990,1118.393751500058,0,completed,-4.342600210404126e-05,0.0,True,True,True,99990.0,,,none,,,29800.0,30250.0,45350.0
ROSEPETAL,zob_gda,3,100000,1800,-4.371939251868457e-05,0.0,True,0.00032344470350834884,99990,1123.8503721250454,0,completed,-4.349678134101668e-05,0.0,True,True,True,99990.0,,,none,,,30400.0,30400.0,45350.0
ROSEPETAL,zob_gda,4,100000,1800,-4.36583021632987e-05,0.0,True,0.00032350577143453016,99990,1114.926718333969,0,completed,-4.340724241560241e-05,0.0,True,True,True,99990.0,,,none,,,29700.0,30250.0,45100.0
ROSEPETAL,zob_gda,5,100000,1800,-4.3685139107153144e-05,0.0,True,0.0003234789443438071,99990,1122.335236791987,0,completed,-4.346584378819688e-05,0.0,True,True,True,99990.0,,,none,,,30000.0,30250.0,45550.0
ROSEPETAL,zob_gda,6,100000,1800,-4.3727832177816636e-05,0.0,True,0.0003234362669478211,99990,1113.0486975829117,0,completed,-4.349425912444016e-05,0.0,True,True,True,99990.0,,,none,,,29950.0,30300.0,45150.0
ROSEPETAL,zob_gda,7,100000,1800,-4.3806427572707445e-05,0.0,True,0.0003233577004090758,99990,1184.6658043750795,0,completed,-4.3573523038823594e-05,0.0,True,True,True,99990.0,,,none,,,30000.0,30250.0,45150.0
ROSEPETAL,zob_gda,8,100000,1800,-4.3645247746375044e-05,0.0,True,0.00032351882105855016,99990,1192.35930791602,0,completed,-4.3426700892591626e-05,0.0,True,True,True,99990.0,,,none,,,29650.0,30300.0,45000.0
ROSEPETAL,zob_gda,9,100000,1800,-4.375911013607002e-05,0.0,True,0.0003234050004732089,99990,1188.6708109159954,0,completed,-4.353630788699848e-05,0.0,True,True,True,99990.0,,,none,,,29950.0,30400.0,45250.0
ROSEPETAL,zob_gda,10,100000,1800,-4.3559434116453045e-05,0.0,True,0.00032360460318216574,99990,1187.6636852920055,0,completed,-4.3355535331419595e-05,0.0,True,True,True,99990.0,,,none,,,29800.0,30400.0,45550.0
ROSEPETAL,nomad_default,1,100000,1800,inf,1.0,False,inf,1500,1694.4418789159972,0,hard_timeout,1226273726273727.0,1.563574957783476e+33,False,False,False,,,,none,True,362436069 521288629 1588437975,inf,inf,inf
ROSEPETAL,nomad_default,2,100000,1800,inf,1.0,False,inf,1000,615.2772061669966,10,nomad_done:-4,2492507492507493.5,6.254299831133904e+33,False,False,False,1501.0,,,none,True,521288629 1588437975 2268752316,inf,inf,inf
ROSEPETAL,nomad_default,3,100000,1800,inf,1.0,False,inf,1500,1617.5221831250237,0,hard_timeout,1178821178821179.2,1.563574957783476e+33,False,False,False,,,,none,True,1588437975 2268752316 3071397075,inf,inf,inf
ROSEPETAL,nomad_default,4,100000,1800,inf,1.0,False,inf,1000,565.5932319170097,10,nomad_done:-4,2492507492507493.5,6.254299831133904e+33,False,False,False,1501.0,,,none,True,2268752316 3071397075 1066942004,inf,inf,inf
ROSEPETAL,nomad_default,5,100000,1800,inf,1.0,False,inf,1500,1635.6597397089936,0,hard_timeout,1196303696303697.0,1.563574957783476e+33,False,False,False,,,,none,True,3071397075 1066942004 2996772340,inf,inf,inf
ROSEPETAL,nomad_default,6,100000,1800,inf,1.0,False,inf,1500,1602.5310225409921,0,hard_timeout,1178821178821179.2,1.563574957783476e+33,False,False,False,,,,none,True,1066942004 2996772340 86133791,inf,inf,inf
ROSEPETAL,nomad_default,7,100000,1800,inf,1.0,False,inf,1500,1705.327480667038,0,hard_timeout,1196303696303697.0,1.563574957783476e+33,False,False,False,,,,none,True,2996772340 86133791 3042881956,inf,inf,inf
ROSEPETAL,nomad_default,8,100000,1800,inf,1.0,False,inf,1500,1645.170987916994,0,hard_timeout,1176323676323676.8,1.563574957783476e+33,False,False,False,,,,none,True,86133791 3042881956 1313616534,inf,inf,inf
ROSEPETAL,nomad_default,9,100000,1800,inf,1.0,False,inf,1500,1603.57908962504,0,hard_timeout,1144305694305695.0,1.5642003877665897e+33,False,False,False,,,,none,True,3042881956 1313616534 646932915,inf,inf,inf
ROSEPETAL,nomad_default,10,100000,1800,inf,1.0,False,inf,1000,530.3990139579982,10,nomad_done:-4,2492507492507493.5,6.254299831133904e+33,False,False,False,1501.0,,,none,True,1313616534 646932915 1705310046,inf,inf,inf
ROSEPETAL,zoagp,1,100000,1800,0.0016183177857104678,0.0,True,0.0019848716680375654,99100,489.4718318339437,0,query_limit,0.0016183177857104678,0.0,True,True,False,99100.0,99.0,,none,,,65100.0,73100.0,inf
ROSEPETAL,zominmax,1,100000,1800,inf,0.9822911253147532,False,inf,99999,1238.691990750027,0,query_limit,42118846762944.61,7.561248484978624e+29,False,False,False,99999.0,49999.0,,none,,,inf,inf,inf
ROSEPETAL,zominmax,2,100000,1800,inf,0.9812920115307937,False,inf,99999,1235.668114833068,0,query_limit,-21375485783.25322,4.615395771491771e+25,False,False,False,99999.0,49999.0,,none,,,inf,inf,inf
ROSEPETAL,zominmax,3,100000,1800,inf,0.9859542943634029,False,inf,99999,1228.130964125041,0,query_limit,-4463800681375.547,1.1813855531804251e+28,False,False,False,99999.0,49999.0,,none,,,inf,inf,inf
ROSEPETAL,zominmax,4,100000,1800,inf,0.9857023532966528,False,inf,99999,1229.1487564999843,0,query_limit,-2762598500742.0005,4.725782512647988e+28,False,False,False,99999.0,49999.0,,none,,,inf,inf,inf
ROSEPETAL,zominmax,5,100000,1800,inf,0.9723433667961228,False,inf,99999,1228.8535558329895,0,query_limit,81337415034150.67,7.561177632553316e+29,False,False,False,99999.0,49999.0,,none,,,inf,inf,inf
ROSEPETAL,zominmax,6,100000,1800,inf,0.9898347794329534,False,inf,99999,1226.6796340000583,0,query_limit,20829007964.164352,7.21053837910685e+23,False,False,False,99999.0,49999.0,,none,,,inf,inf,inf
ROSEPETAL,zominmax,7,100000,1800,inf,0.9874648614919188,False,inf,99999,1033.5061315420317,0,query_limit,5806240784631.897,1.890237785469213e+29,False,False,False,99999.0,49999.0,,none,,,inf,inf,inf
ROSEPETAL,zominmax,8,100000,1800,inf,0.9709443825131657,False,inf,99999,1033.8871260830201,0,query_limit,-1550726919.91013,4.614281139499432e+25,False,False,False,99999.0,49999.0,,none,,,inf,inf,inf
ROSEPETAL,zominmax,9,100000,1800,inf,0.9866525673312031,False,inf,99999,1007.8002718749922,0,query_limit,16938929246.113926,2.884248975864332e+24,False,False,False,99999.0,49999.0,,none,,,inf,inf,inf
ROSEPETAL,zominmax,10,100000,1800,inf,0.9832275274080634,False,inf,99999,1005.8136735419976,0,query_limit,11445116032387.555,7.560766898596698e+29,False,False,False,99999.0,49999.0,,none,,,inf,inf,inf
ROSEPETAL,szo_conex,1,100000,1800,inf,0.9896637680764788,False,inf,96026,607.909009666997,0,query_limit,0.9979509161309896,0.9959085559067935,False,False,False,96026.0,12.0,True,none,,,inf,inf,inf
ROSEPETAL,szo_conex,2,100000,1800,inf,0.9895466273524193,False,inf,96026,607.6277635829756,0,query_limit,0.9979343411620414,0.9958957895474008,False,False,False,96026.0,12.0,True,none,,,inf,inf,inf
ROSEPETAL,szo_conex,3,100000,1800,inf,0.989444079727119,False,inf,96026,585.876594584086,0,query_limit,0.9979124091672622,0.9958225990787064,False,False,False,96026.0,12.0,True,none,,,inf,inf,inf
ROSEPETAL,szo_conex,4,100000,1800,inf,0.9896851466389772,False,inf,96026,565.7094545,0,query_limit,0.9979823508450686,0.9959711153940504,False,False,False,96026.0,12.0,True,none,,,inf,inf,inf
ROSEPETAL,szo_conex,5,100000,1800,inf,0.9893935724474939,False,inf,96026,587.4745012089843,0,query_limit,0.9979118447351295,0.9958631045795795,False,False,False,96026.0,12.0,True,none,,,inf,inf,inf
ROSEPETAL,szo_conex,6,100000,1800,inf,0.9897704835575682,False,inf,96026,566.464575791033,0,query_limit,0.9979822202386108,0.9959840710176621,False,False,False,96026.0,12.0,True,none,,,inf,inf,inf
ROSEPETAL,szo_conex,7,100000,1800,inf,0.9895966824489543,False,inf,96026,567.0784173338907,0,query_limit,0.9979621875737773,0.9959415199459785,False,False,False,96026.0,12.0,True,none,,,inf,inf,inf
ROSEPETAL,szo_conex,8,100000,1800,inf,0.9896848467268213,False,inf,96026,566.117213166086,0,query_limit,0.9979865682498836,0.9959959094600227,False,False,False,96026.0,12.0,True,none,,,inf,inf,inf
ROSEPETAL,szo_conex,9,100000,1800,inf,0.9894272639597171,False,inf,96026,561.391782458988,0,query_limit,0.997913115139738,0.9958592772319286,False,False,False,96026.0,12.0,True,none,,,inf,inf,inf
ROSEPETAL,szo_conex,10,100000,1800,inf,0.9894603237871485,False,inf,96026,559.4608431669185,0,query_limit,0.9979454571572727,0.9959253029352131,False,False,False,96026.0,12.0,True,none,,,inf,inf,inf
