problem,role,solver,seed,objective,violation,native_objective,native_violation,saved_value,high_precision,matches_native,matches_verified,bounds_valid
HIMMELP3,reference,nomad_default,1,-7.457091651602589,0.0,-7.457091651602589,0.0,-7.457091651602589,False,True,True,True
HIMMELP3,feasible,zob_sgda,1,-7.4570916516025605,0.0,-7.4570916516025605,0.0,-7.4570916516025605,False,True,True,True
HIMMELP3,violation,zob_sgda,1,-1.0,0.0,-1.0,0.0,0.0,False,True,True,True
HIMMELP3,feasible,zob_sgda,2,-7.4570916516025605,0.0,-7.4570916516025605,0.0,-7.4570916516025605,False,True,True,True
HIMMELP3,violation,zob_sgda,2,-1.0,0.0,-1.0,0.0,0.0,False,True,True,True
HIMMELP3,feasible,zob_sgda,3,-7.4570916516025605,0.0,-7.4570916516025605,0.0,-7.4570916516025605,False,True,True,True
HIMMELP3,violation,zob_sgda,3,-1.0,0.0,-1.0,0.0,0.0,False,True,True,True
HIMMELP3,feasible,zob_sgda,4,-7.4570916516025605,0.0,-7.4570916516025605,0.0,-7.4570916516025605,False,True,True,True
HIMMELP3,violation,zob_sgda,4,-1.0,0.0,-1.0,0.0,0.0,False,True,True,True
HIMMELP3,feasible,zob_sgda,5,-7.4570916516025605,0.0,-7.4570916516025605,0.0,-7.4570916516025605,False,True,True,True
HIMMELP3,violation,zob_sgda,5,-1.0,0.0,-1.0,0.0,0.0,False,True,True,True
HIMMELP3,feasible,zob_sgda,6,-7.4570916516025605,0.0,-7.4570916516025605,0.0,-7.4570916516025605,False,True,True,True
HIMMELP3,violation,zob_sgda,6,-1.0,0.0,-1.0,0.0,0.0,False,True,True,True
HIMMELP3,feasible,zob_sgda,7,-7.4570916516025605,0.0,-7.4570916516025605,0.0,-7.4570916516025605,False,True,True,True
HIMMELP3,violation,zob_sgda,7,-1.0,0.0,-1.0,0.0,0.0,False,True,True,True
HIMMELP3,feasible,zob_sgda,8,-7.4570916516025605,0.0,-7.4570916516025605,0.0,-7.4570916516025605,False,True,True,True
HIMMELP3,violation,zob_sgda,8,-1.0,0.0,-1.0,0.0,0.0,False,True,True,True
HIMMELP3,feasible,zob_sgda,9,-7.4570916516025605,0.0,-7.4570916516025605,0.0,-7.4570916516025605,False,True,True,True
HIMMELP3,violation,zob_sgda,9,-1.0,0.0,-1.0,0.0,0.0,False,True,True,True
HIMMELP3,feasible,zob_sgda,10,-7.4570916516025605,0.0,-7.4570916516025605,0.0,-7.4570916516025605,False,True,True,True
HIMMELP3,violation,zob_sgda,10,-1.0,0.0,-1.0,0.0,0.0,False,True,True,True
HIMMELP3,feasible,zob_gda,1,-7.4570916516025605,0.0,-7.4570916516025605,0.0,-7.4570916516025605,False,True,True,True
HIMMELP3,violation,zob_gda,1,-1.0,0.0,-1.0,0.0,0.0,False,True,True,True
HIMMELP3,feasible,zob_gda,2,-7.4570916516025605,0.0,-7.4570916516025605,0.0,-7.4570916516025605,False,True,True,True
HIMMELP3,violation,zob_gda,2,-1.0,0.0,-1.0,0.0,0.0,False,True,True,True
HIMMELP3,feasible,zob_gda,3,-7.4570916516025605,0.0,-7.4570916516025605,0.0,-7.4570916516025605,False,True,True,True
HIMMELP3,violation,zob_gda,3,-1.0,0.0,-1.0,0.0,0.0,False,True,True,True
HIMMELP3,feasible,zob_gda,4,-7.4570916516025605,0.0,-7.4570916516025605,0.0,-7.4570916516025605,False,True,True,True
HIMMELP3,violation,zob_gda,4,-1.0,0.0,-1.0,0.0,0.0,False,True,True,True
HIMMELP3,feasible,zob_gda,5,-7.4570916516025605,0.0,-7.4570916516025605,0.0,-7.4570916516025605,False,True,True,True
HIMMELP3,violation,zob_gda,5,-1.0,0.0,-1.0,0.0,0.0,False,True,True,True
HIMMELP3,feasible,zob_gda,6,-7.4570916516025605,0.0,-7.4570916516025605,0.0,-7.4570916516025605,False,True,True,True
HIMMELP3,violation,zob_gda,6,-1.0,0.0,-1.0,0.0,0.0,False,True,True,True
HIMMELP3,feasible,zob_gda,7,-7.4570916516025605,0.0,-7.4570916516025605,0.0,-7.4570916516025605,False,True,True,True
HIMMELP3,violation,zob_gda,7,-1.0,0.0,-1.0,0.0,0.0,False,True,True,True
HIMMELP3,feasible,zob_gda,8,-7.4570916516025605,0.0,-7.4570916516025605,0.0,-7.4570916516025605,False,True,True,True
HIMMELP3,violation,zob_gda,8,-1.0,0.0,-1.0,0.0,0.0,False,True,True,True
HIMMELP3,feasible,zob_gda,9,-7.4570916516025605,0.0,-7.4570916516025605,0.0,-7.4570916516025605,False,True,True,True
HIMMELP3,violation,zob_gda,9,-1.0,0.0,-1.0,0.0,0.0,False,True,True,True
HIMMELP3,feasible,zob_gda,10,-7.4570916516025605,0.0,-7.4570916516025605,0.0,-7.4570916516025605,False,True,True,True
HIMMELP3,violation,zob_gda,10,-1.0,0.0,-1.0,0.0,0.0,False,True,True,True
HIMMELP3,feasible,nomad_default,1,-7.457091651602589,0.0,-7.457091651602589,0.0,-7.457091651602589,False,True,True,True
HIMMELP3,violation,nomad_default,1,-1.0,0.0,-1.0,0.0,0.0,False,True,True,True
HIMMELP3,feasible,nomad_default,2,-7.457091651602589,0.0,-7.457091651602589,0.0,-7.457091651602589,False,True,True,True
HIMMELP3,violation,nomad_default,2,-1.0,0.0,-1.0,0.0,0.0,False,True,True,True
HIMMELP3,feasible,nomad_default,3,-7.4570916516025605,0.0,-7.4570916516025605,0.0,-7.4570916516025605,False,True,True,True
HIMMELP3,violation,nomad_default,3,-1.0,0.0,-1.0,0.0,0.0,False,True,True,True
HIMMELP3,feasible,nomad_default,4,-7.457091651602589,0.0,-7.457091651602589,0.0,-7.457091651602589,False,True,True,True
HIMMELP3,violation,nomad_default,4,-1.0,0.0,-1.0,0.0,0.0,False,True,True,True
HIMMELP3,feasible,nomad_default,5,-7.457091651602589,0.0,-7.457091651602589,0.0,-7.457091651602589,False,True,True,True
HIMMELP3,violation,nomad_default,5,-1.0,0.0,-1.0,0.0,0.0,False,True,True,True
HIMMELP3,feasible,nomad_default,6,-7.457091651602589,0.0,-7.457091651602589,0.0,-7.457091651602589,False,True,True,True
HIMMELP3,violation,nomad_default,6,-1.0,0.0,-1.0,0.0,0.0,False,True,True,True
HIMMELP3,feasible,nomad_default,7,-7.457091651602589,0.0,-7.457091651602589,0.0,-7.457091651602589,False,True,True,True
HIMMELP3,violation,nomad_default,7,-1.0,0.0,-1.0,0.0,0.0,False,True,True,True
HIMMELP3,feasible,nomad_default,8,-7.457091651602575,0.0,-7.457091651602575,0.0,-7.457091651602575,False,True,True,True
HIMMELP3,violation,nomad_default,8,-1.0,0.0,-1.0,0.0,0.0,False,True,True,True
HIMMELP3,feasible,nomad_default,9,-7.457091651602589,0.0,-7.457091651602589,0.0,-7.457091651602589,False,True,True,True
HIMMELP3,violation,nomad_default,9,-1.0,0.0,-1.0,0.0,0.0,False,True,True,True
HIMMELP3,feasible,nomad_default,10,-7.457091651602589,0.0,-7.457091651602589,0.0,-7.457091651602589,False,True,True,True
HIMMELP3,violation,nomad_default,10,-1.0,0.0,-1.0,0.0,0.0,False,True,True,True
HIMMELP3,feasible,zoagp,1,-7.4570916516025605,0.0,-7.4570916516025605,0.0,-7.4570916516025605,False,True,True,True
HIMMELP3,violation,zoagp,1,-1.0,0.0,-1.0,0.0,0.0,False,True,True,True
HIMMELP3,feasible,zominmax,1,-7.4570916516025605,0.0,-7.4570916516025605,0.0,-7.4570916516025605,False,True,True,True
HIMMELP3,violation,zominmax,1,-1.0,0.0,-1.0,0.0,0.0,False,True,True,True
HIMMELP3,feasible,zominmax,2,-7.4570916516025605,0.0,-7.4570916516025605,0.0,-7.4570916516025605,False,True,True,True
HIMMELP3,violation,zominmax,2,-1.0,0.0,-1.0,0.0,0.0,False,True,True,True
HIMMELP3,feasible,zominmax,3,-7.4570916516025605,0.0,-7.4570916516025605,0.0,-7.4570916516025605,False,True,True,True
HIMMELP3,violation,zominmax,3,-1.0,0.0,-1.0,0.0,0.0,False,True,True,True
HIMMELP3,feasible,zominmax,4,-7.4570916516025605,0.0,-7.4570916516025605,0.0,-7.4570916516025605,False,True,True,True
HIMMELP3,violation,zominmax,4,-1.0,0.0,-1.0,0.0,0.0,False,True,True,True
HIMMELP3,feasible,zominmax,5,-7.4570916516025605,0.0,-7.4570916516025605,0.0,-7.4570916516025605,False,True,True,True
HIMMELP3,violation,zominmax,5,-1.0,0.0,-1.0,0.0,0.0,False,True,True,True
HIMMELP3,feasible,zominmax,6,-7.4570916516025605,0.0,-7.4570916516025605,0.0,-7.4570916516025605,False,True,True,True
HIMMELP3,violation,zominmax,6,-1.0,0.0,-1.0,0.0,0.0,False,True,True,True
HIMMELP3,feasible,zominmax,7,-7.4570916516025605,0.0,-7.4570916516025605,0.0,-7.4570916516025605,False,True,True,True
HIMMELP3,violation,zominmax,7,-1.0,0.0,-1.0,0.0,0.0,False,True,True,True
HIMMELP3,feasible,zominmax,8,-7.4570916516025605,0.0,-7.4570916516025605,0.0,-7.4570916516025605,False,True,True,True
HIMMELP3,violation,zominmax,8,-1.0,0.0,-1.0,0.0,0.0,False,True,True,True
HIMMELP3,feasible,zominmax,9,-7.4570916516025605,0.0,-7.4570916516025605,0.0,-7.4570916516025605,False,True,True,True
HIMMELP3,violation,zominmax,9,-1.0,0.0,-1.0,0.0,0.0,False,True,True,True
HIMMELP3,feasible,zominmax,10,-7.4570916516025605,0.0,-7.4570916516025605,0.0,-7.4570916516025605,False,True,True,True
HIMMELP3,violation,zominmax,10,-1.0,0.0,-1.0,0.0,0.0,False,True,True,True
HIMMELP3,feasible,szo_conex,1,-2.831069771784105,0.0,-2.831069771784105,0.0,-2.831069771784105,False,True,True,True
HIMMELP3,violation,szo_conex,1,-1.0,0.0,-1.0,0.0,0.0,False,True,True,True
HIMMELP3,feasible,szo_conex,2,-2.7857752205226576,0.0,-2.7857752205226576,0.0,-2.7857752205226576,False,True,True,True
HIMMELP3,violation,szo_conex,2,-1.0,0.0,-1.0,0.0,0.0,False,True,True,True
HIMMELP3,feasible,szo_conex,3,-2.8686509402977207,0.0,-2.8686509402977207,0.0,-2.8686509402977207,False,True,True,True
HIMMELP3,violation,szo_conex,3,-1.0,0.0,-1.0,0.0,0.0,False,True,True,True
HIMMELP3,feasible,szo_conex,4,-2.911775935036617,0.0,-2.911775935036617,0.0,-2.911775935036617,False,True,True,True
HIMMELP3,violation,szo_conex,4,-1.0,0.0,-1.0,0.0,0.0,False,True,True,True
HIMMELP3,feasible,szo_conex,5,-2.7739796539436985,0.0,-2.7739796539436985,0.0,-2.7739796539436985,False,True,True,True
HIMMELP3,violation,szo_conex,5,-1.0,0.0,-1.0,0.0,0.0,False,True,True,True
HIMMELP3,feasible,szo_conex,6,-2.9320513084172832,0.0,-2.9320513084172832,0.0,-2.9320513084172832,False,True,True,True
HIMMELP3,violation,szo_conex,6,-1.0,0.0,-1.0,0.0,0.0,False,True,True,True
HIMMELP3,feasible,szo_conex,7,-2.8847910327665174,0.0,-2.8847910327665174,0.0,-2.8847910327665174,False,True,True,True
HIMMELP3,violation,szo_conex,7,-1.0,0.0,-1.0,0.0,0.0,False,True,True,True
HIMMELP3,feasible,szo_conex,8,-2.9689699435365946,0.0,-2.9689699435365946,0.0,-2.9689699435365946,False,True,True,True
HIMMELP3,violation,szo_conex,8,-1.0,0.0,-1.0,0.0,0.0,False,True,True,True
HIMMELP3,feasible,szo_conex,9,-2.879457159503694,0.0,-2.879457159503694,0.0,-2.879457159503694,False,True,True,True
HIMMELP3,violation,szo_conex,9,-1.0,0.0,-1.0,0.0,0.0,False,True,True,True
HIMMELP3,feasible,szo_conex,10,-2.880636262970145,0.0,-2.880636262970145,0.0,-2.880636262970145,False,True,True,True
HIMMELP3,violation,szo_conex,10,-1.0,0.0,-1.0,0.0,0.0,False,True,True,True
HIMMELP6,reference,nomad_default,1,-4.349265240744921,0.0,-4.349265240744921,0.0,-4.349265240744921,False,True,True,True
HIMMELP6,feasible,zob_sgda,1,-4.349265240744904,0.0,-4.349265240744904,0.0,-4.349265240744904,False,True,True,True
HIMMELP6,violation,zob_sgda,1,0.08054825563751922,0.0,0.08054825563751922,0.0,0.0,False,True,True,True
HIMMELP6,feasible,zob_sgda,2,-4.349265240744904,0.0,-4.349265240744904,0.0,-4.349265240744904,False,True,True,True
HIMMELP6,violation,zob_sgda,2,0.08054825563751922,0.0,0.08054825563751922,0.0,0.0,False,True,True,True
HIMMELP6,feasible,zob_sgda,3,-4.349265240744904,0.0,-4.349265240744904,0.0,-4.349265240744904,False,True,True,True
HIMMELP6,violation,zob_sgda,3,0.08054825563751922,0.0,0.08054825563751922,0.0,0.0,False,True,True,True
HIMMELP6,feasible,zob_sgda,4,-4.349265240744904,0.0,-4.349265240744904,0.0,-4.349265240744904,False,True,True,True
HIMMELP6,violation,zob_sgda,4,0.08054825563751922,0.0,0.08054825563751922,0.0,0.0,False,True,True,True
HIMMELP6,feasible,zob_sgda,5,-4.349265240744904,0.0,-4.349265240744904,0.0,-4.349265240744904,False,True,True,True
HIMMELP6,violation,zob_sgda,5,0.08054825563751922,0.0,0.08054825563751922,0.0,0.0,False,True,True,True
HIMMELP6,feasible,zob_sgda,6,-4.349265240744904,0.0,-4.349265240744904,0.0,-4.349265240744904,False,True,True,True
HIMMELP6,violation,zob_sgda,6,0.08054825563751922,0.0,0.08054825563751922,0.0,0.0,False,True,True,True
HIMMELP6,feasible,zob_sgda,7,-4.349265240744904,0.0,-4.349265240744904,0.0,-4.349265240744904,False,True,True,True
HIMMELP6,violation,zob_sgda,7,0.08054825563751922,0.0,0.08054825563751922,0.0,0.0,False,True,True,True
HIMMELP6,feasible,zob_sgda,8,-4.349265240744904,0.0,-4.349265240744904,0.0,-4.349265240744904,False,True,True,True
HIMMELP6,violation,zob_sgda,8,0.08054825563751922,0.0,0.08054825563751922,0.0,0.0,False,True,True,True
HIMMELP6,feasible,zob_sgda,9,-4.349265240744904,0.0,-4.349265240744904,0.0,-4.349265240744904,False,True,True,True
HIMMELP6,violation,zob_sgda,9,0.08054825563751922,0.0,0.08054825563751922,0.0,0.0,False,True,True,True
HIMMELP6,feasible,zob_sgda,10,-4.349265240744904,0.0,-4.349265240744904,0.0,-4.349265240744904,False,True,True,True
HIMMELP6,violation,zob_sgda,10,0.08054825563751922,0.0,0.08054825563751922,0.0,0.0,False,True,True,True
HIMMELP6,feasible,zob_gda,1,-4.349265240744904,0.0,-4.349265240744904,0.0,-4.349265240744904,False,True,True,True
HIMMELP6,violation,zob_gda,1,0.07307313793242774,0.0,0.07307313793242774,0.0,0.0,False,True,True,True
HIMMELP6,feasible,zob_gda,2,-4.349265240744904,0.0,-4.349265240744904,0.0,-4.349265240744904,False,True,True,True
HIMMELP6,violation,zob_gda,2,0.07307313793242774,0.0,0.07307313793242774,0.0,0.0,False,True,True,True
HIMMELP6,feasible,zob_gda,3,-4.349265240744904,0.0,-4.349265240744904,0.0,-4.349265240744904,False,True,True,True
HIMMELP6,violation,zob_gda,3,0.07307313793242774,0.0,0.07307313793242774,0.0,0.0,False,True,True,True
HIMMELP6,feasible,zob_gda,4,-4.349265240744904,0.0,-4.349265240744904,0.0,-4.349265240744904,False,True,True,True
HIMMELP6,violation,zob_gda,4,0.07307313793242774,0.0,0.07307313793242774,0.0,0.0,False,True,True,True
HIMMELP6,feasible,zob_gda,5,-4.349265240744904,0.0,-4.349265240744904,0.0,-4.349265240744904,False,True,True,True
HIMMELP6,violation,zob_gda,5,0.07307313793242774,0.0,0.07307313793242774,0.0,0.0,False,True,True,True
HIMMELP6,feasible,zob_gda,6,-4.349265240744904,0.0,-4.349265240744904,0.0,-4.349265240744904,False,True,True,True
HIMMELP6,violation,zob_gda,6,0.07307313793242774,0.0,0.07307313793242774,0.0,0.0,False,True,True,True
HIMMELP6,feasible,zob_gda,7,-4.349265240744904,0.0,-4.349265240744904,0.0,-4.349265240744904,False,True,True,True
HIMMELP6,violation,zob_gda,7,0.07307313793242774,0.0,0.07307313793242774,0.0,0.0,False,True,True,True
HIMMELP6,feasible,zob_gda,8,-4.349265240744904,0.0,-4.349265240744904,0.0,-4.349265240744904,False,True,True,True
HIMMELP6,violation,zob_gda,8,0.07307313793242774,0.0,0.07307313793242774,0.0,0.0,False,True,True,True
HIMMELP6,feasible,zob_gda,9,-4.349265240744904,0.0,-4.349265240744904,0.0,-4.349265240744904,False,True,True,True
HIMMELP6,violation,zob_gda,9,0.07307313793242774,0.0,0.07307313793242774,0.0,0.0,False,True,True,True
HIMMELP6,feasible,zob_gda,10,-4.349265240744904,0.0,-4.349265240744904,0.0,-4.349265240744904,False,True,True,True
HIMMELP6,violation,zob_gda,10,0.07307313793242774,0.0,0.07307313793242774,0.0,0.0,False,True,True,True
HIMMELP6,feasible,nomad_default,1,-4.349265240744921,0.0,-4.349265240744921,0.0,-4.349265240744921,False,True,True,True
HIMMELP6,violation,nomad_default,1,0.39132482865400464,0.0,0.39132482865400464,0.0,0.0,False,True,True,True
HIMMELP6,feasible,nomad_default,2,-4.349265240744921,0.0,-4.349265240744921,0.0,-4.349265240744921,False,True,True,True
HIMMELP6,violation,nomad_default,2,0.7165119596947352,0.0,0.7165119596947352,0.0,0.0,False,True,True,True
HIMMELP6,feasible,nomad_default,3,-4.349265240744904,0.0,-4.349265240744904,0.0,-4.349265240744904,False,True,True,True
HIMMELP6,violation,nomad_default,3,-0.1889394034808851,0.0,-0.1889394034808851,0.0,0.0,False,True,True,True
HIMMELP6,feasible,nomad_default,4,-4.349265240744904,0.0,-4.349265240744904,0.0,-4.349265240744904,False,True,True,True
HIMMELP6,violation,nomad_default,4,-3.913593894188359,0.0,-3.913593894188359,0.0,0.0,False,True,True,True
HIMMELP6,feasible,nomad_default,5,-4.349265240744904,0.0,-4.349265240744904,0.0,-4.349265240744904,False,True,True,True
HIMMELP6,violation,nomad_default,5,0.7165119596947352,0.0,0.7165119596947352,0.0,0.0,False,True,True,True
HIMMELP6,feasible,nomad_default,6,-4.349265240744904,0.0,-4.349265240744904,0.0,-4.349265240744904,False,True,True,True
HIMMELP6,violation,nomad_default,6,-3.913593894188359,0.0,-3.913593894188359,0.0,0.0,False,True,True,True
HIMMELP6,feasible,nomad_default,7,-4.349265240744904,0.0,-4.349265240744904,0.0,-4.349265240744904,False,True,True,True
HIMMELP6,violation,nomad_default,7,0.7165119596947352,0.0,0.7165119596947352,0.0,0.0,False,True,True,True
HIMMELP6,feasible,nomad_default,8,-4.349265240744921,0.0,-4.349265240744921,0.0,-4.349265240744921,False,True,True,True
HIMMELP6,violation,nomad_default,8,-4.349265240744904,0.0,-4.349265240744904,0.0,0.0,False,True,True,True
HIMMELP6,feasible,nomad_default,9,-4.349265240744904,0.0,-4.349265240744904,0.0,-4.349265240744904,False,True,True,True
HIMMELP6,violation,nomad_default,9,-0.15069362565123806,0.0,-0.15069362565123806,0.0,0.0,False,True,True,True
HIMMELP6,feasible,nomad_default,10,-4.349265240744912,0.0,-4.349265240744912,0.0,-4.349265240744912,False,True,True,True
HIMMELP6,violation,nomad_default,10,-0.15069362565123806,0.0,-0.15069362565123806,0.0,0.0,False,True,True,True
HIMMELP6,feasible,zoagp,1,-4.349265240744904,0.0,-4.349265240744904,0.0,-4.349265240744904,False,True,True,True
HIMMELP6,violation,zoagp,1,-0.006059604066133983,0.0,-0.006059604066133983,0.0,0.0,False,True,True,True
HIMMELP6,feasible,zominmax,1,-4.349265240744904,0.0,-4.349265240744904,0.0,-4.349265240744904,False,True,True,True
HIMMELP6,violation,zominmax,1,-0.12684715205535715,0.0,-0.12684715205535715,0.0,0.0,False,True,True,True
HIMMELP6,feasible,zominmax,2,-4.349265240744904,0.0,-4.349265240744904,0.0,-4.349265240744904,False,True,True,True
HIMMELP6,violation,zominmax,2,-0.16412411506537086,0.0,-0.16412411506537086,0.0,0.0,False,True,True,True
HIMMELP6,feasible,zominmax,3,-4.349265240744904,0.0,-4.349265240744904,0.0,-4.349265240744904,False,True,True,True
HIMMELP6,violation,zominmax,3,-0.1653854051056423,0.0,-0.1653854051056423,0.0,0.0,False,True,True,True
HIMMELP6,feasible,zominmax,4,-4.349265240744904,0.0,-4.349265240744904,0.0,-4.349265240744904,False,True,True,True
HIMMELP6,violation,zominmax,4,-0.10644578625899147,0.0,-0.10644578625899147,0.0,0.0,False,True,True,True
HIMMELP6,feasible,zominmax,5,-4.349265240744904,0.0,-4.349265240744904,0.0,-4.349265240744904,False,True,True,True
HIMMELP6,violation,zominmax,5,-0.2448572339831437,0.0,-0.2448572339831437,0.0,0.0,False,True,True,True
HIMMELP6,feasible,zominmax,6,-4.349265240744904,0.0,-4.349265240744904,0.0,-4.349265240744904,False,True,True,True
HIMMELP6,violation,zominmax,6,-0.22900153065848294,0.0,-0.22900153065848294,0.0,0.0,False,True,True,True
HIMMELP6,feasible,zominmax,7,-4.349265240744904,0.0,-4.349265240744904,0.0,-4.349265240744904,False,True,True,True
HIMMELP6,violation,zominmax,7,-0.240602166120334,0.0,-0.240602166120334,0.0,0.0,False,True,True,True
HIMMELP6,feasible,zominmax,8,-4.349265240744904,0.0,-4.349265240744904,0.0,-4.349265240744904,False,True,True,True
HIMMELP6,violation,zominmax,8,-0.15837200138487448,0.0,-0.15837200138487448,0.0,0.0,False,True,True,True
HIMMELP6,feasible,zominmax,9,-4.349265240744904,0.0,-4.349265240744904,0.0,-4.349265240744904,False,True,True,True
HIMMELP6,violation,zominmax,9,-0.16252717172215092,0.0,-0.16252717172215092,0.0,0.0,False,True,True,True
HIMMELP6,feasible,zominmax,10,-4.349265240744904,0.0,-4.349265240744904,0.0,-4.349265240744904,False,True,True,True
HIMMELP6,violation,zominmax,10,-0.24173553942728768,0.0,-0.24173553942728768,0.0,0.0,False,True,True,True
HIMMELP6,feasible,szo_conex,1,-1.5139457941086465,6.529134746833852e-05,-1.5139457941086465,6.529134746833852e-05,-1.5139457941086465,False,True,True,True
HIMMELP6,violation,szo_conex,1,0.05465468298311281,0.0,0.05465468298311281,0.0,0.0,False,True,True,True
HIMMELP6,feasible,szo_conex,2,-1.5102589426301867,0.0,-1.5102589426301867,0.0,-1.5102589426301867,False,True,True,True
HIMMELP6,violation,szo_conex,2,-0.0071969181725819115,0.0,-0.0071969181725819115,0.0,0.0,False,True,True,True
HIMMELP6,feasible,szo_conex,3,-1.5319006640736603,5.9273435258689266e-05,-1.5319006640736603,5.9273435258689266e-05,-1.5319006640736603,False,True,True,True
HIMMELP6,violation,szo_conex,3,0.07484693574416273,0.0,0.07484693574416273,0.0,0.0,False,True,True,True
HIMMELP6,feasible,szo_conex,4,-1.5109826959117025,9.268234558949351e-05,-1.5109826959117025,9.268234558949351e-05,-1.5109826959117025,False,True,True,True
HIMMELP6,violation,szo_conex,4,-0.06157196981023177,0.0,-0.06157196981023177,0.0,0.0,False,True,True,True
HIMMELP6,feasible,szo_conex,5,-1.521799643504787,9.898813516836751e-05,-1.521799643504787,9.898813516836751e-05,-1.521799643504787,False,True,True,True
HIMMELP6,violation,szo_conex,5,0.027247933865526226,0.0,0.027247933865526226,0.0,0.0,False,True,True,True
HIMMELP6,feasible,szo_conex,6,-1.5275221810934267,4.016567207576549e-05,-1.5275221810934267,4.016567207576549e-05,-1.5275221810934267,False,True,True,True
HIMMELP6,violation,szo_conex,6,0.055156448927645325,0.0,0.055156448927645325,0.0,0.0,False,True,True,True
HIMMELP6,feasible,szo_conex,7,-1.5339868402681376,8.795933126492622e-05,-1.5339868402681376,8.795933126492622e-05,-1.5339868402681376,False,True,True,True
HIMMELP6,violation,szo_conex,7,0.017219018608315883,0.0,0.017219018608315883,0.0,0.0,False,True,True,True
HIMMELP6,feasible,szo_conex,8,-1.5152611500964055,4.544037728197653e-05,-1.5152611500964055,4.544037728197653e-05,-1.5152611500964055,False,True,True,True
HIMMELP6,violation,szo_conex,8,0.0014761099805659474,0.0,0.0014761099805659474,0.0,0.0,False,True,True,True
HIMMELP6,feasible,szo_conex,9,-1.5338120700342506,5.258047013373435e-05,-1.5338120700342506,5.258047013373435e-05,-1.5338120700342506,False,True,True,True
HIMMELP6,violation,szo_conex,9,0.059460404364188674,0.0,0.059460404364188674,0.0,0.0,False,True,True,True
HIMMELP6,feasible,szo_conex,10,-1.517458720658424,7.572663347341596e-05,-1.517458720658424,7.572663347341596e-05,-1.517458720658424,False,True,True,True
HIMMELP6,violation,szo_conex,10,0.019319388525698863,0.0,0.019319388525698863,0.0,0.0,False,True,True,True
MADSEN,reference,zob_gda,101,0.6159303141998663,9.992329225417633e-05,0.6159303141998663,9.992329225417633e-05,0.6159303141998663,False,True,True,True
MADSEN,feasible,zob_sgda,1,0.6159871408675148,9.877991695408002e-05,0.6159871408675148,9.877991695408002e-05,0.6159871408675148,False,True,True,True
MADSEN,violation,zob_sgda,1,1.001891405845889,0.0,1.001891405845889,0.0,0.0,False,True,True,True
MADSEN,feasible,zob_sgda,2,0.616028977829131,9.70738706617541e-05,0.616028977829131,9.70738706617541e-05,0.616028977829131,False,True,True,True
MADSEN,violation,zob_sgda,2,0.9917829507668422,0.0,0.9917829507668422,0.0,0.0,False,True,True,True
MADSEN,feasible,zob_sgda,3,0.6160244396827459,9.915982629939608e-05,0.6160244396827459,9.915982629939608e-05,0.6160244396827459,False,True,True,True
MADSEN,violation,zob_sgda,3,0.984934229358316,0.0,0.984934229358316,0.0,0.0,False,True,True,True
MADSEN,feasible,zob_sgda,4,0.6159590705778478,9.840258593347047e-05,0.6159590705778478,9.840258593347047e-05,0.6159590705778478,False,True,True,True
MADSEN,violation,zob_sgda,4,0.9999773043608484,0.0,0.9999773043608484,0.0,0.0,False,True,True,True
MADSEN,feasible,zob_sgda,5,0.616000084015413,9.919139860640562e-05,0.616000084015413,9.919139860640562e-05,0.616000084015413,False,True,True,True
MADSEN,violation,zob_sgda,5,0.9639402740907245,0.0,0.9639402740907245,0.0,0.0,False,True,True,True
MADSEN,feasible,zob_sgda,6,0.6160384506142614,9.796330599716925e-05,0.6160384506142614,9.796330599716925e-05,0.6160384506142614,False,True,True,True
MADSEN,violation,zob_sgda,6,0.8391469810309431,0.0,0.8391469810309431,0.0,0.0,False,True,True,True
MADSEN,feasible,zob_sgda,7,0.6160129847956838,9.9167941175482e-05,0.6160129847956838,9.9167941175482e-05,0.6160129847956838,False,True,True,True
MADSEN,violation,zob_sgda,7,1.012957913743293,0.0,1.012957913743293,0.0,0.0,False,True,True,True
MADSEN,feasible,zob_sgda,8,0.615995400429391,9.921607911334007e-05,0.615995400429391,9.921607911334007e-05,0.615995400429391,False,True,True,True
MADSEN,violation,zob_sgda,8,0.9969958348712074,0.0,0.9969958348712074,0.0,0.0,False,True,True,True
MADSEN,feasible,zob_sgda,9,0.6159728235498101,9.906102054066852e-05,0.6159728235498101,9.906102054066852e-05,0.6159728235498101,False,True,True,True
MADSEN,violation,zob_sgda,9,1.027869899282875,0.0,1.027869899282875,0.0,0.0,False,True,True,True
MADSEN,feasible,zob_sgda,10,0.6160636069244745,8.859037800756919e-05,0.6160636069244745,8.859037800756919e-05,0.6160636069244745,False,True,True,True
MADSEN,violation,zob_sgda,10,1.0037972096008425,0.0,1.0037972096008425,0.0,0.0,False,True,True,True
MADSEN,feasible,zob_gda,1,0.6159455879551399,9.95545026037566e-05,0.6159455879551399,9.95545026037566e-05,0.6159455879551399,False,True,True,True
MADSEN,violation,zob_gda,1,1.5862987812020286,0.0,1.5862987812020286,0.0,0.0,False,True,True,True
MADSEN,feasible,zob_gda,2,0.6159505828863875,9.883252588075801e-05,0.6159505828863875,9.883252588075801e-05,0.6159505828863875,False,True,True,True
MADSEN,violation,zob_gda,2,1.9991116412088574,0.0,1.9991116412088574,0.0,0.0,False,True,True,True
MADSEN,feasible,zob_gda,3,0.6159498603712709,9.785139758971643e-05,0.6159498603712709,9.785139758971643e-05,0.6159498603712709,False,True,True,True
MADSEN,violation,zob_gda,3,1.1473488263014424,0.0,1.1473488263014424,0.0,0.0,False,True,True,True
MADSEN,feasible,zob_gda,4,0.615984042117397,9.091747286097314e-05,0.615984042117397,9.091747286097314e-05,0.615984042117397,False,True,True,True
MADSEN,violation,zob_gda,4,1.6990283846389451,0.0,1.6990283846389451,0.0,0.0,False,True,True,True
MADSEN,feasible,zob_gda,5,0.6160164936013447,8.988160226741648e-05,0.6160164936013447,8.988160226741648e-05,0.6160164936013447,False,True,True,True
MADSEN,violation,zob_gda,5,0.9700938100546673,0.0,0.9700938100546673,0.0,0.0,False,True,True,True
MADSEN,feasible,zob_gda,6,0.6160804318668542,9.085738220345844e-05,0.6160804318668542,9.085738220345844e-05,0.6160804318668542,False,True,True,True
MADSEN,violation,zob_gda,6,1.543345931788021,0.0,1.543345931788021,0.0,0.0,False,True,True,True
MADSEN,feasible,zob_gda,7,0.6159916557943567,9.720635317141586e-05,0.6159916557943567,9.720635317141586e-05,0.6159916557943567,False,True,True,True
MADSEN,violation,zob_gda,7,1.4430868168971316,0.0,1.4430868168971316,0.0,0.0,False,True,True,True
MADSEN,feasible,zob_gda,8,0.6159316165854266,9.957428085831388e-05,0.6159316165854266,9.957428085831388e-05,0.6159316165854266,False,True,True,True
MADSEN,violation,zob_gda,8,1.7344464422028227,0.0,1.7344464422028227,0.0,0.0,False,True,True,True
MADSEN,feasible,zob_gda,9,0.6159977704199878,9.644720932632893e-05,0.6159977704199878,9.644720932632893e-05,0.6159977704199878,False,True,True,True
MADSEN,violation,zob_gda,9,1.5066703037103724,0.0,1.5066703037103724,0.0,0.0,False,True,True,True
MADSEN,feasible,zob_gda,10,0.6160187349057276,8.847761310748492e-05,0.6160187349057276,8.847761310748492e-05,0.6160187349057276,False,True,True,True
MADSEN,violation,zob_gda,10,1.534713915328333,0.0,1.534713915328333,0.0,0.0,False,True,True,True
MADSEN,feasible,nomad_default,1,0.8022894034568,0.0,0.8022894034568,0.0,0.8022894034568,False,True,True,True
MADSEN,violation,nomad_default,1,1e+19,0.0,1e+19,0.0,0.0,True,True,True,True
MADSEN,feasible,nomad_default,2,0.67987366588139,0.0,0.67987366588139,0.0,0.67987366588139,False,True,True,True
MADSEN,violation,nomad_default,2,196235144.80000004,0.0,196235144.80000004,0.0,0.0,False,True,True,True
MADSEN,feasible,nomad_default,3,0.74936597002668,1.0544452756315141e-07,0.74936597002668,1.0544452756315141e-07,0.74936597002668,False,True,True,True
MADSEN,violation,nomad_default,3,145936617.7026667,0.0,145936617.7026667,0.0,0.0,False,True,True,True
MADSEN,feasible,nomad_default,4,0.63732733132716,3.4691592048126846e-07,0.63732733132716,3.4691592048126846e-07,0.63732733132716,False,True,True,True
MADSEN,violation,nomad_default,4,1e+18,0.0,1e+18,0.0,0.0,True,True,True,True
MADSEN,feasible,nomad_default,5,1.2758322047656,0.0,1.2758322047656,0.0,1.2758322047656,False,True,True,True
MADSEN,violation,nomad_default,5,2e+19,0.0,2e+19,0.0,0.0,True,True,True,True
MADSEN,feasible,nomad_default,6,0.63732733132716,3.4691592048126846e-07,0.63732733132716,3.4691592048126846e-07,0.63732733132716,False,True,True,True
MADSEN,violation,nomad_default,6,1e+18,0.0,1e+18,0.0,0.0,True,True,True,True
MADSEN,feasible,nomad_default,7,1.2758322047656,0.0,1.2758322047656,0.0,1.2758322047656,False,True,True,True
MADSEN,violation,nomad_default,7,2e+19,0.0,2e+19,0.0,0.0,True,True,True,True
MADSEN,feasible,nomad_default,8,0.88303067302469,0.0,0.88303067302469,0.0,0.88303067302469,False,True,True,True
MADSEN,violation,nomad_default,8,1e+19,0.0,1e+19,0.0,0.0,True,True,True,True
MADSEN,feasible,nomad_default,9,0.62076221480431,0.0,0.62076221480431,0.0,0.62076221480431,False,True,True,True
MADSEN,violation,nomad_default,9,2e+19,0.0,2e+19,0.0,0.0,True,True,True,True
MADSEN,feasible,nomad_default,10,19.26402138501798,0.0,19.26402138501798,0.0,19.26402138501798,False,True,True,True
MADSEN,violation,nomad_default,10,1e+19,0.0,1e+19,0.0,0.0,True,True,True,True
MADSEN,violation,zoagp,1,0.455342254924387,0.03694040131058726,0.455342254924387,0.03694040131058726,0.03694040131058726,False,True,True,True
MADSEN,feasible,zominmax,1,0.6159331948725735,9.943665260378949e-05,0.6159331948725735,9.943665260378949e-05,0.6159331948725735,False,True,True,True
MADSEN,violation,zominmax,1,2.1119559952717775,0.0,2.1119559952717775,0.0,0.0,False,True,True,True
MADSEN,feasible,zominmax,2,0.6159656214585132,9.689227349881276e-05,0.6159656214585132,9.689227349881276e-05,0.6159656214585132,False,True,True,True
MADSEN,violation,zominmax,2,1.927580497380122,0.0,1.927580497380122,0.0,0.0,False,True,True,True
MADSEN,feasible,zominmax,3,0.6159630097157962,9.572073120417413e-05,0.6159630097157962,9.572073120417413e-05,0.6159630097157962,False,True,True,True
MADSEN,violation,zominmax,3,2.188309148706533,0.0,2.188309148706533,0.0,0.0,False,True,True,True
MADSEN,feasible,zominmax,4,0.6159417721671224,9.947526788682548e-05,0.6159417721671224,9.947526788682548e-05,0.6159417721671224,False,True,True,True
MADSEN,violation,zominmax,4,0.616500086639944,0.0,0.616500086639944,0.0,0.0,False,True,True,True
MADSEN,feasible,zominmax,5,0.6159408174205349,9.989202556675662e-05,0.6159408174205349,9.989202556675662e-05,0.6159408174205349,False,True,True,True
MADSEN,violation,zominmax,5,2.028207286897506,0.0,2.028207286897506,0.0,0.0,False,True,True,True
MADSEN,feasible,zominmax,6,0.6159687456702511,9.842244477664686e-05,0.6159687456702511,9.842244477664686e-05,0.6159687456702511,False,True,True,True
MADSEN,violation,zominmax,6,1.6152219692347025,0.0,1.6152219692347025,0.0,0.0,False,True,True,True
MADSEN,feasible,zominmax,7,0.6159433077629801,9.92667808860694e-05,0.6159433077629801,9.92667808860694e-05,0.6159433077629801,False,True,True,True
MADSEN,violation,zominmax,7,0.9457531335366406,0.0,0.9457531335366406,0.0,0.0,False,True,True,True
MADSEN,feasible,zominmax,8,0.6159506567624817,9.764850225002508e-05,0.6159506567624817,9.764850225002508e-05,0.6159506567624817,False,True,True,True
MADSEN,violation,zominmax,8,1.028612966821092,0.0,1.028612966821092,0.0,0.0,False,True,True,True
MADSEN,feasible,zominmax,9,0.6159361283007481,9.990849094280996e-05,0.6159361283007481,9.990849094280996e-05,0.6159361283007481,False,True,True,True
MADSEN,violation,zominmax,9,2.721742327201297,0.0,2.721742327201297,0.0,0.0,False,True,True,True
MADSEN,feasible,zominmax,10,0.6159445622587703,9.96700618058205e-05,0.6159445622587703,9.96700618058205e-05,0.6159445622587703,False,True,True,True
MADSEN,violation,zominmax,10,0.6176009288799941,0.0,0.6176009288799941,0.0,0.0,False,True,True,True
MADSEN,feasible,szo_conex,1,0.6494740376697714,0.0,0.6494740376697714,0.0,0.6494740376697714,False,True,True,True
MADSEN,violation,szo_conex,1,1.0559352065242475,0.0,1.0559352065242475,0.0,0.0,False,True,True,True
MADSEN,feasible,szo_conex,2,0.751885951542448,0.0,0.751885951542448,0.0,0.751885951542448,False,True,True,True
MADSEN,violation,szo_conex,2,1.852674719949857,0.0,1.852674719949857,0.0,0.0,False,True,True,True
MADSEN,feasible,szo_conex,3,0.8422170809170323,0.0,0.8422170809170323,0.0,0.8422170809170323,False,True,True,True
MADSEN,violation,szo_conex,3,2.1297820267973946,0.0,2.1297820267973946,0.0,0.0,False,True,True,True
MADSEN,feasible,szo_conex,4,0.7529525899875593,0.0,0.7529525899875593,0.0,0.7529525899875593,False,True,True,True
MADSEN,violation,szo_conex,4,0.890202657237672,0.0,0.890202657237672,0.0,0.0,False,True,True,True
MADSEN,feasible,szo_conex,5,0.6647696889453004,0.0,0.6647696889453004,0.0,0.6647696889453004,False,True,True,True
MADSEN,violation,szo_conex,5,0.8061233172839886,0.0,0.8061233172839886,0.0,0.0,False,True,True,True
MADSEN,feasible,szo_conex,6,0.7332516753990295,0.0,0.7332516753990295,0.0,0.7332516753990295,False,True,True,True
MADSEN,violation,szo_conex,6,0.7692272993478384,0.0,0.7692272993478384,0.0,0.0,False,True,True,True
MADSEN,feasible,szo_conex,7,0.9136113785300471,0.0,0.9136113785300471,0.0,0.9136113785300471,False,True,True,True
MADSEN,violation,szo_conex,7,0.9374139822860503,0.0,0.9374139822860503,0.0,0.0,False,True,True,True
MADSEN,feasible,szo_conex,8,0.6773377302120626,0.0,0.6773377302120626,0.0,0.6773377302120626,False,True,True,True
MADSEN,violation,szo_conex,8,0.7315039217542482,0.0,0.7315039217542482,0.0,0.0,False,True,True,True
MADSEN,feasible,szo_conex,9,0.6495245829998251,0.0,0.6495245829998251,0.0,0.6495245829998251,False,True,True,True
MADSEN,violation,szo_conex,9,1.2774631446863505,0.0,1.2774631446863505,0.0,0.0,False,True,True,True
MADSEN,feasible,szo_conex,10,0.6205537405297261,0.0,0.6205537405297261,0.0,0.6205537405297261,False,True,True,True
MADSEN,violation,szo_conex,10,1.222899324680209,0.0,1.222899324680209,0.0,0.0,False,True,True,True
MAKELA2,reference,zob_gda,101,7.197931847934917,9.986898892488938e-05,7.197931847934917,9.986898892488938e-05,7.197931847934917,False,True,True,True
MAKELA2,feasible,zob_sgda,1,7.198691358308375,8.056308318706338e-05,7.198691358308375,8.056308318706338e-05,7.198691358308375,False,True,True,True
MAKELA2,violation,zob_sgda,1,7.242910822946698,0.0,7.242910822946698,0.0,0.0,False,True,True,True
MAKELA2,feasible,zob_sgda,2,7.198169680362677,9.693192790776013e-05,7.198169680362677,9.693192790776013e-05,7.198169680362677,False,True,True,True
MAKELA2,violation,zob_sgda,2,7.253813075415184,0.0,7.253813075415184,0.0,0.0,False,True,True,True
MAKELA2,feasible,zob_sgda,3,7.198057256863489,9.78789482272232e-05,7.198057256863489,9.78789482272232e-05,7.198057256863489,False,True,True,True
MAKELA2,violation,zob_sgda,3,7.273010267640398,0.0,7.273010267640398,0.0,0.0,False,True,True,True
MAKELA2,feasible,zob_sgda,4,7.19824204796454,8.567174359909766e-05,7.19824204796454,8.567174359909766e-05,7.19824204796454,False,True,True,True
MAKELA2,violation,zob_sgda,4,7.236666309391972,0.0,7.236666309391972,0.0,0.0,False,True,True,True
MAKELA2,feasible,zob_sgda,5,7.198763645021219,8.37630205014697e-05,7.198763645021219,8.37630205014697e-05,7.198763645021219,False,True,True,True
MAKELA2,violation,zob_sgda,5,7.235661339817908,0.0,7.235661339817908,0.0,0.0,False,True,True,True
MAKELA2,feasible,zob_sgda,6,7.1982963331980825,9.1315106071914e-05,7.1982963331980825,9.1315106071914e-05,7.1982963331980825,False,True,True,True
MAKELA2,violation,zob_sgda,6,7.244940979165261,0.0,7.244940979165261,0.0,0.0,False,True,True,True
MAKELA2,feasible,zob_sgda,7,7.197991303140341,9.882814111411137e-05,7.197991303140341,9.882814111411137e-05,7.197991303140341,False,True,True,True
MAKELA2,violation,zob_sgda,7,7.285264845491483,0.0,7.285264845491483,0.0,0.0,False,True,True,True
MAKELA2,feasible,zob_sgda,8,7.1986323427243235,9.664805032771895e-05,7.1986323427243235,9.664805032771895e-05,7.1986323427243235,False,True,True,True
MAKELA2,violation,zob_sgda,8,7.235603752682631,0.0,7.235603752682631,0.0,0.0,False,True,True,True
MAKELA2,feasible,zob_sgda,9,7.198381587267174,8.964142318230045e-05,7.198381587267174,8.964142318230045e-05,7.198381587267174,False,True,True,True
MAKELA2,violation,zob_sgda,9,7.295637945954387,0.0,7.295637945954387,0.0,0.0,False,True,True,True
MAKELA2,feasible,zob_sgda,10,7.1983060255045,9.179603688660784e-05,7.1983060255045,9.179603688660784e-05,7.1983060255045,False,True,True,True
MAKELA2,violation,zob_sgda,10,7.257451996511042,0.0,7.257451996511042,0.0,0.0,False,True,True,True
MAKELA2,feasible,zob_gda,1,7.201699400300483,7.565513649523744e-05,7.201699400300483,7.565513649523744e-05,7.201699400300483,False,True,True,True
MAKELA2,violation,zob_gda,1,7.231157755228506,0.0,7.231157755228506,0.0,0.0,False,True,True,True
MAKELA2,feasible,zob_gda,2,7.203982152540544,0.0,7.203982152540544,0.0,7.203982152540544,False,True,True,True
MAKELA2,violation,zob_gda,2,7.257301207310533,0.0,7.257301207310533,0.0,0.0,False,True,True,True
MAKELA2,feasible,zob_gda,3,7.2055825745913396,0.0,7.2055825745913396,0.0,7.2055825745913396,False,True,True,True
MAKELA2,violation,zob_gda,3,7.261319213938247,0.0,7.261319213938247,0.0,0.0,False,True,True,True
MAKELA2,feasible,zob_gda,4,7.2024571486554585,2.281878381804603e-07,7.2024571486554585,2.281878381804603e-07,7.2024571486554585,False,True,True,True
MAKELA2,violation,zob_gda,4,7.258463111991262,0.0,7.258463111991262,0.0,0.0,False,True,True,True
MAKELA2,feasible,zob_gda,5,7.2039835185153915,0.0,7.2039835185153915,0.0,7.2039835185153915,False,True,True,True
MAKELA2,violation,zob_gda,5,7.367657184142677,0.0,7.367657184142677,0.0,0.0,False,True,True,True
MAKELA2,feasible,zob_gda,6,7.202927092226831,0.0,7.202927092226831,0.0,7.202927092226831,False,True,True,True
MAKELA2,violation,zob_gda,6,7.240721935868001,0.0,7.240721935868001,0.0,0.0,False,True,True,True
MAKELA2,feasible,zob_gda,7,7.201648968635008,8.846465808059606e-05,7.201648968635008,8.846465808059606e-05,7.201648968635008,False,True,True,True
MAKELA2,violation,zob_gda,7,7.316435052971941,0.0,7.316435052971941,0.0,0.0,False,True,True,True
MAKELA2,feasible,zob_gda,8,7.198991672301579,5.295488064596463e-05,7.198991672301579,5.295488064596463e-05,7.198991672301579,False,True,True,True
MAKELA2,violation,zob_gda,8,7.286031062134115,0.0,7.286031062134115,0.0,0.0,False,True,True,True
MAKELA2,feasible,zob_gda,9,7.201227152428513,0.0,7.201227152428513,0.0,7.201227152428513,False,True,True,True
MAKELA2,violation,zob_gda,9,7.27627041781716,0.0,7.27627041781716,0.0,0.0,False,True,True,True
MAKELA2,feasible,zob_gda,10,7.202811512591221,0.0,7.202811512591221,0.0,7.202811512591221,False,True,True,True
MAKELA2,violation,zob_gda,10,7.298410052819014,0.0,7.298410052819014,0.0,0.0,False,True,True,True
MAKELA2,feasible,nomad_default,1,7.24536971241059,0.0,7.24536971241059,0.0,7.24536971241059,False,True,True,True
MAKELA2,violation,nomad_default,1,1e+19,0.0,1e+19,0.0,0.0,True,True,True,True
MAKELA2,feasible,nomad_default,2,7.20002381328933,0.0,7.20002381328933,0.0,7.20002381328933,False,True,True,True
MAKELA2,violation,nomad_default,2,95965546.30000015,0.0,95965546.30000015,0.0,0.0,False,True,True,True
MAKELA2,feasible,nomad_default,3,7.20030480148202,3.005029238778434e-07,7.20030480148202,3.005029238778434e-07,7.20030480148202,False,True,True,True
MAKELA2,violation,nomad_default,3,72626500.4933474,0.0,72626500.4933474,0.0,0.0,False,True,True,True
MAKELA2,feasible,nomad_default,4,7.21059325436892,0.0,7.21059325436892,0.0,7.21059325436892,False,True,True,True
MAKELA2,violation,nomad_default,4,1e+19,0.0,1e+19,0.0,0.0,True,True,True,True
MAKELA2,feasible,nomad_default,5,7.20005748975601,0.0,7.20005748975601,0.0,7.20005748975601,False,True,True,True
MAKELA2,violation,nomad_default,5,2e+19,0.0,2e+19,0.0,0.0,True,True,True,True
MAKELA2,feasible,nomad_default,6,7.21059325436892,0.0,7.21059325436892,0.0,7.21059325436892,False,True,True,True
MAKELA2,violation,nomad_default,6,1e+19,0.0,1e+19,0.0,0.0,True,True,True,True
MAKELA2,feasible,nomad_default,7,7.20005748975601,0.0,7.20005748975601,0.0,7.20005748975601,False,True,True,True
MAKELA2,violation,nomad_default,7,2e+19,0.0,2e+19,0.0,0.0,True,True,True,True
MAKELA2,feasible,nomad_default,8,7.27977842246765,3.2010598547917476e-07,7.27977842246765,3.2010598547917476e-07,7.27977842246765,False,True,True,True
MAKELA2,violation,nomad_default,8,1e+19,0.0,1e+19,0.0,0.0,True,True,True,True
MAKELA2,feasible,nomad_default,9,1.2309964312796597e+17,0.0,1.2309964312796597e+17,0.0,1.2309964312796597e+17,True,True,True,True
MAKELA2,violation,nomad_default,9,2e+19,0.0,2e+19,0.0,0.0,True,True,True,True
MAKELA2,feasible,nomad_default,10,7.2883285287971,0.0,7.2883285287971,0.0,7.2883285287971,False,True,True,True
MAKELA2,violation,nomad_default,10,1e+19,0.0,1e+19,0.0,0.0,True,True,True,True
MAKELA2,feasible,zoagp,1,7.221169515467579,0.0,7.221169515467579,0.0,7.221169515467579,False,True,True,True
MAKELA2,violation,zoagp,1,7.221169515467579,0.0,7.221169515467579,0.0,0.0,False,True,True,True
MAKELA2,feasible,zominmax,1,7.198128361110887,9.103170280266859e-05,7.198128361110887,9.103170280266859e-05,7.198128361110887,False,True,True,True
MAKELA2,violation,zominmax,1,7.318749470970451,0.0,7.318749470970451,0.0,0.0,False,True,True,True
MAKELA2,feasible,zominmax,2,7.198127939152824,9.214319454977125e-05,7.198127939152824,9.214319454977125e-05,7.198127939152824,False,True,True,True
MAKELA2,violation,zominmax,2,7.247218884860076,0.0,7.247218884860076,0.0,0.0,False,True,True,True
MAKELA2,feasible,zominmax,3,7.198424289397757,9.466946566784638e-05,7.198424289397757,9.466946566784638e-05,7.198424289397757,False,True,True,True
MAKELA2,violation,zominmax,3,7.290452881417352,0.0,7.290452881417352,0.0,0.0,False,True,True,True
MAKELA2,feasible,zominmax,4,7.198104609384967,9.569604986460798e-05,7.198104609384967,9.569604986460798e-05,7.198104609384967,False,True,True,True
MAKELA2,violation,zominmax,4,7.313595983327988,0.0,7.313595983327988,0.0,0.0,False,True,True,True
MAKELA2,feasible,zominmax,5,7.198328926556909,9.36367755309552e-05,7.198328926556909,9.36367755309552e-05,7.198328926556909,False,True,True,True
MAKELA2,violation,zominmax,5,7.312486329546282,0.0,7.312486329546282,0.0,0.0,False,True,True,True
MAKELA2,feasible,zominmax,6,7.198042548280299,9.64906702816297e-05,7.198042548280299,9.64906702816297e-05,7.198042548280299,False,True,True,True
MAKELA2,violation,zominmax,6,7.248894932342806,0.0,7.248894932342806,0.0,0.0,False,True,True,True
MAKELA2,feasible,zominmax,7,7.1981407024507735,9.811807564891622e-05,7.1981407024507735,9.811807564891622e-05,7.1981407024507735,False,True,True,True
MAKELA2,violation,zominmax,7,7.292641878057189,0.0,7.292641878057189,0.0,0.0,False,True,True,True
MAKELA2,feasible,zominmax,8,7.198176180360708,9.400858942225472e-05,7.198176180360708,9.400858942225472e-05,7.198176180360708,False,True,True,True
MAKELA2,violation,zominmax,8,7.296216319346145,0.0,7.296216319346145,0.0,0.0,False,True,True,True
MAKELA2,feasible,zominmax,9,7.198033257134969,9.60512629831169e-05,7.198033257134969,9.60512629831169e-05,7.198033257134969,False,True,True,True
MAKELA2,violation,zominmax,9,7.321992087051511,0.0,7.321992087051511,0.0,0.0,False,True,True,True
MAKELA2,feasible,zominmax,10,7.198163921786772,9.073841305764837e-05,7.198163921786772,9.073841305764837e-05,7.198163921786772,False,True,True,True
MAKELA2,violation,zominmax,10,7.350393658727051,0.0,7.350393658727051,0.0,0.0,False,True,True,True
MAKELA2,feasible,szo_conex,1,9.301926883960142,0.0,9.301926883960142,0.0,9.301926883960142,False,True,True,True
MAKELA2,violation,szo_conex,1,9.40223018153158,0.0,9.40223018153158,0.0,0.0,False,True,True,True
MAKELA2,feasible,szo_conex,2,8.082627837443553,0.0,8.082627837443553,0.0,8.082627837443553,False,True,True,True
MAKELA2,violation,szo_conex,2,8.097233355507838,0.0,8.097233355507838,0.0,0.0,False,True,True,True
MAKELA2,feasible,szo_conex,3,7.885509366119207,0.0,7.885509366119207,0.0,7.885509366119207,False,True,True,True
MAKELA2,violation,szo_conex,3,9.515209852366338,0.0,9.515209852366338,0.0,0.0,False,True,True,True
MAKELA2,feasible,szo_conex,4,8.554583551816377,0.0,8.554583551816377,0.0,8.554583551816377,False,True,True,True
MAKELA2,violation,szo_conex,4,10.530871539757458,0.0,10.530871539757458,0.0,0.0,False,True,True,True
MAKELA2,feasible,szo_conex,5,8.79969298015949,0.0,8.79969298015949,0.0,8.79969298015949,False,True,True,True
MAKELA2,violation,szo_conex,5,8.821204920314026,0.0,8.821204920314026,0.0,0.0,False,True,True,True
MAKELA2,feasible,szo_conex,6,7.2714584383513,0.0,7.2714584383513,0.0,7.2714584383513,False,True,True,True
MAKELA2,violation,szo_conex,6,7.700943641820705,0.0,7.700943641820705,0.0,0.0,False,True,True,True
MAKELA2,feasible,szo_conex,7,7.40894687965458,0.0,7.40894687965458,0.0,7.40894687965458,False,True,True,True
MAKELA2,violation,szo_conex,7,7.40894687965458,0.0,7.40894687965458,0.0,0.0,False,True,True,True
MAKELA2,feasible,szo_conex,8,8.863040090816387,0.0,8.863040090816387,0.0,8.863040090816387,False,True,True,True
MAKELA2,violation,szo_conex,8,9.678745049304384,0.0,9.678745049304384,0.0,0.0,False,True,True,True
MAKELA2,feasible,szo_conex,9,8.82609729112643,0.0,8.82609729112643,0.0,8.82609729112643,False,True,True,True
MAKELA2,violation,szo_conex,9,8.837382353646035,0.0,8.837382353646035,0.0,0.0,False,True,True,True
MAKELA2,feasible,szo_conex,10,7.523651162324797,0.0,7.523651162324797,0.0,7.523651162324797,False,True,True,True
MAKELA2,violation,szo_conex,10,8.516873786153182,0.0,8.516873786153182,0.0,0.0,False,True,True,True
GIGOMEZ2,reference,zob_sgda,103,0.9756696075458609,9.964762925939052e-05,0.9756696075458609,9.964762925939052e-05,0.9756696075458609,False,True,True,True
GIGOMEZ2,feasible,zob_sgda,1,0.9756909885135445,9.946438358668684e-05,0.9756909885135445,9.946438358668684e-05,0.9756909885135445,False,True,True,True
GIGOMEZ2,violation,zob_sgda,1,0.9772149759862995,0.0,0.9772149759862995,0.0,0.0,False,True,True,True
GIGOMEZ2,feasible,zob_sgda,2,0.9756852509987152,9.753654646064518e-05,0.9756852509987152,9.753654646064518e-05,0.9756852509987152,False,True,True,True
GIGOMEZ2,violation,zob_sgda,2,0.9776447467216215,0.0,0.9776447467216215,0.0,0.0,False,True,True,True
GIGOMEZ2,feasible,zob_sgda,3,0.9757085673562738,9.981463055938302e-05,0.9757085673562738,9.981463055938302e-05,0.9757085673562738,False,True,True,True
GIGOMEZ2,violation,zob_sgda,3,0.9772624190117065,0.0,0.9772624190117065,0.0,0.0,False,True,True,True
GIGOMEZ2,feasible,zob_sgda,4,0.9756909444542831,9.917290909455195e-05,0.9756909444542831,9.917290909455195e-05,0.9756909444542831,False,True,True,True
GIGOMEZ2,violation,zob_sgda,4,0.9777785537923022,0.0,0.9777785537923022,0.0,0.0,False,True,True,True
GIGOMEZ2,feasible,zob_sgda,5,0.9756882387378497,9.845063010130748e-05,0.9756882387378497,9.845063010130748e-05,0.9756882387378497,False,True,True,True
GIGOMEZ2,violation,zob_sgda,5,0.9768026471289404,0.0,0.9768026471289404,0.0,0.0,False,True,True,True
GIGOMEZ2,feasible,zob_sgda,6,0.9757059160935809,9.757755458786012e-05,0.9757059160935809,9.757755458786012e-05,0.9757059160935809,False,True,True,True
GIGOMEZ2,violation,zob_sgda,6,0.9777200760879042,0.0,0.9777200760879042,0.0,0.0,False,True,True,True
GIGOMEZ2,feasible,zob_sgda,7,0.9756745582161204,9.885899251025097e-05,0.9756745582161204,9.885899251025097e-05,0.9756745582161204,False,True,True,True
GIGOMEZ2,violation,zob_sgda,7,0.9777496018997673,0.0,0.9777496018997673,0.0,0.0,False,True,True,True
GIGOMEZ2,feasible,zob_sgda,8,0.9756915740466547,9.856110226605684e-05,0.9756915740466547,9.856110226605684e-05,0.9756915740466547,False,True,True,True
GIGOMEZ2,violation,zob_sgda,8,0.9771419713831111,0.0,0.9771419713831111,0.0,0.0,False,True,True,True
GIGOMEZ2,feasible,zob_sgda,9,0.9756777499137368,9.814169508136505e-05,0.9756777499137368,9.814169508136505e-05,0.9756777499137368,False,True,True,True
GIGOMEZ2,violation,zob_sgda,9,0.9773272405013789,0.0,0.9773272405013789,0.0,0.0,False,True,True,True
GIGOMEZ2,feasible,zob_sgda,10,0.9756789651246575,9.875437919920627e-05,0.9756789651246575,9.875437919920627e-05,0.9756789651246575,False,True,True,True
GIGOMEZ2,violation,zob_sgda,10,0.9770195256596431,0.0,0.9770195256596431,0.0,0.0,False,True,True,True
GIGOMEZ2,feasible,zob_gda,1,0.9760187896468129,9.691192349602856e-05,0.9760187896468129,9.691192349602856e-05,0.9760187896468129,False,True,True,True
GIGOMEZ2,violation,zob_gda,1,0.9764458982155687,0.0,0.9764458982155687,0.0,0.0,False,True,True,True
GIGOMEZ2,feasible,zob_gda,2,0.9760689569811588,9.979494407970203e-05,0.9760689569811588,9.979494407970203e-05,0.9760689569811588,False,True,True,True
GIGOMEZ2,violation,zob_gda,2,0.9765168875453752,0.0,0.9765168875453752,0.0,0.0,False,True,True,True
GIGOMEZ2,feasible,zob_gda,3,0.9760612913812339,1.290152251186437e-05,0.9760612913812339,1.290152251186437e-05,0.9760612913812339,False,True,True,True
GIGOMEZ2,violation,zob_gda,3,0.9765154871920299,0.0,0.9765154871920299,0.0,0.0,False,True,True,True
GIGOMEZ2,feasible,zob_gda,4,0.9760569847584039,1.3974453221105638e-05,0.9760569847584039,1.3974453221105638e-05,0.9760569847584039,False,True,True,True
GIGOMEZ2,violation,zob_gda,4,0.9764561707837542,0.0,0.9764561707837542,0.0,0.0,False,True,True,True
GIGOMEZ2,feasible,zob_gda,5,0.9760727131402838,1.0003487027374388e-05,0.9760727131402838,1.0003487027374388e-05,0.9760727131402838,False,True,True,True
GIGOMEZ2,violation,zob_gda,5,0.976451277292062,0.0,0.976451277292062,0.0,0.0,False,True,True,True
GIGOMEZ2,feasible,zob_gda,6,0.9760010811756704,9.119685124493583e-05,0.9760010811756704,9.119685124493583e-05,0.9760010811756704,False,True,True,True
GIGOMEZ2,violation,zob_gda,6,0.976374366516037,0.0,0.976374366516037,0.0,0.0,False,True,True,True
GIGOMEZ2,feasible,zob_gda,7,0.9760095269283887,9.966564141849426e-05,0.9760095269283887,9.966564141849426e-05,0.9760095269283887,False,True,True,True
GIGOMEZ2,violation,zob_gda,7,0.9764901906281306,0.0,0.9764901906281306,0.0,0.0,False,True,True,True
GIGOMEZ2,feasible,zob_gda,8,0.9760703913641944,1.058842059574615e-05,0.9760703913641944,1.058842059574615e-05,0.9760703913641944,False,True,True,True
GIGOMEZ2,violation,zob_gda,8,0.9764079977057096,0.0,0.9764079977057096,0.0,0.0,False,True,True,True
GIGOMEZ2,feasible,zob_gda,9,0.9760620004506642,1.272597027694876e-05,0.9760620004506642,1.272597027694876e-05,0.9760620004506642,False,True,True,True
GIGOMEZ2,violation,zob_gda,9,0.9765116566773363,0.0,0.9765116566773363,0.0,0.0,False,True,True,True
GIGOMEZ2,feasible,zob_gda,10,0.9760558436854493,1.433831965614369e-05,0.9760558436854493,1.433831965614369e-05,0.9760558436854493,False,True,True,True
GIGOMEZ2,violation,zob_gda,10,0.9767456392482532,0.0,0.9767456392482532,0.0,0.0,False,True,True,True
GIGOMEZ2,feasible,nomad_default,1,3.951725946535685,0.0,3.951725946535685,0.0,3.951725946535685,False,True,True,True
GIGOMEZ2,violation,nomad_default,1,5e+18,0.0,5e+18,0.0,0.0,True,True,True,True
GIGOMEZ2,feasible,nomad_default,2,10.4373452755,0.0,10.4373452755,0.0,10.4373452755,False,True,True,True
GIGOMEZ2,violation,nomad_default,2,9740.87020052879,0.0,9740.87020052879,0.0,0.0,False,True,True,True
GIGOMEZ2,violation,nomad_default,3,1.0,1.0,1.0,1.0,1.0,False,True,True,True
GIGOMEZ2,feasible,nomad_default,4,1.1053490933005,0.0,1.1053490933005,0.0,1.1053490933005,False,True,True,True
GIGOMEZ2,violation,nomad_default,4,5e+17,0.0,5e+17,0.0,0.0,True,True,True,True
GIGOMEZ2,feasible,nomad_default,5,1.88244298255546,0.0,1.88244298255546,0.0,1.88244298255546,False,True,True,True
GIGOMEZ2,violation,nomad_default,5,1e+19,0.0,1e+19,0.0,0.0,True,True,True,True
GIGOMEZ2,feasible,nomad_default,6,1.1053490933005,0.0,1.1053490933005,0.0,1.1053490933005,False,True,True,True
GIGOMEZ2,violation,nomad_default,6,5e+17,0.0,5e+17,0.0,0.0,True,True,True,True
GIGOMEZ2,feasible,nomad_default,7,1.88244298255546,0.0,1.88244298255546,0.0,1.88244298255546,False,True,True,True
GIGOMEZ2,violation,nomad_default,7,1e+19,0.0,1e+19,0.0,0.0,True,True,True,True
GIGOMEZ2,feasible,nomad_default,8,1.158994171410295,4.395146371294345e-07,1.158994171410295,4.395146371294345e-07,1.158994171410295,False,True,True,True
GIGOMEZ2,violation,nomad_default,8,5e+18,0.0,5e+18,0.0,0.0,True,True,True,True
GIGOMEZ2,feasible,nomad_default,9,1.12718668710455,3.1544962542096044e-07,1.12718668710455,3.1544962542096044e-07,1.12718668710455,False,True,True,True
GIGOMEZ2,violation,nomad_default,9,1e+19,0.0,1e+19,0.0,0.0,True,True,True,True
GIGOMEZ2,feasible,nomad_default,10,2.47727024010896,4.635221673154888e-07,2.47727024010896,4.635221673154888e-07,2.47727024010896,False,True,True,True
GIGOMEZ2,violation,nomad_default,10,5e+18,0.0,5e+18,0.0,0.0,True,True,True,True
GIGOMEZ2,violation,zoagp,1,0.8515112560611906,0.03297657686149329,0.8515112560611906,0.03297657686149329,0.03297657686149329,False,True,True,True
GIGOMEZ2,violation,zominmax,1,0.9740361397635793,0.000482270544039302,0.9740361397635793,0.000482270544039302,0.000482270544039302,False,True,True,True
GIGOMEZ2,violation,zominmax,2,0.9744743863545962,0.0004665221920223364,0.9744743863545962,0.0004665221920223364,0.0004665221920223364,False,True,True,True
GIGOMEZ2,violation,zominmax,3,0.9748273859212182,0.0003589860275714569,0.9748273859212182,0.0003589860275714569,0.0003589860275714569,False,True,True,True
GIGOMEZ2,violation,zominmax,4,0.9748563756192568,0.00038888165972468373,0.9748563756192568,0.00038888165972468373,0.00038888165972468373,False,True,True,True
GIGOMEZ2,violation,zominmax,5,0.9737789408904739,0.0005476423801058567,0.9737789408904739,0.0005476423801058567,0.0005476423801058567,False,True,True,True
GIGOMEZ2,violation,zominmax,6,0.9737262846711994,0.0005434364556944904,0.9737262846711994,0.0005434364556944904,0.0005434364556944904,False,True,True,True
GIGOMEZ2,violation,zominmax,7,0.9739909507740839,0.0005259977320056786,0.9739909507740839,0.0005259977320056786,0.0005259977320056786,False,True,True,True
GIGOMEZ2,violation,zominmax,8,0.9738485971519183,0.0005419189080710805,0.9738485971519183,0.0005419189080710805,0.0005419189080710805,False,True,True,True
GIGOMEZ2,violation,zominmax,9,0.9754423593719387,0.000235592868539938,0.9754423593719387,0.000235592868539938,0.000235592868539938,False,True,True,True
GIGOMEZ2,violation,zominmax,10,0.9734398287739525,0.0006529593907977298,0.9734398287739525,0.0006529593907977298,0.0006529593907977298,False,True,True,True
GIGOMEZ2,feasible,szo_conex,1,0.9847781994584057,0.0,0.9847781994584057,0.0,0.9847781994584057,False,True,True,True
GIGOMEZ2,violation,szo_conex,1,1.0843283940030215,0.0,1.0843283940030215,0.0,0.0,False,True,True,True
GIGOMEZ2,feasible,szo_conex,2,0.9899624265592922,0.0,0.9899624265592922,0.0,0.9899624265592922,False,True,True,True
GIGOMEZ2,violation,szo_conex,2,1.0504453651669132,0.0,1.0504453651669132,0.0,0.0,False,True,True,True
GIGOMEZ2,feasible,szo_conex,3,1.018745421171517,0.0,1.018745421171517,0.0,1.018745421171517,False,True,True,True
GIGOMEZ2,violation,szo_conex,3,1.018745421171517,0.0,1.018745421171517,0.0,0.0,False,True,True,True
GIGOMEZ2,feasible,szo_conex,4,0.9871204053326199,0.0,0.9871204053326199,0.0,0.9871204053326199,False,True,True,True
GIGOMEZ2,violation,szo_conex,4,1.1745305193230942,0.0,1.1745305193230942,0.0,0.0,False,True,True,True
GIGOMEZ2,feasible,szo_conex,5,0.9803912623825982,1.793249715303924e-05,0.9803912623825982,1.793249715303924e-05,0.9803912623825982,False,True,True,True
GIGOMEZ2,violation,szo_conex,5,1.0517043865197684,0.0,1.0517043865197684,0.0,0.0,False,True,True,True
GIGOMEZ2,feasible,szo_conex,6,0.9847081716262208,0.0,0.9847081716262208,0.0,0.9847081716262208,False,True,True,True
GIGOMEZ2,violation,szo_conex,6,1.351493466992525,0.0,1.351493466992525,0.0,0.0,False,True,True,True
GIGOMEZ2,feasible,szo_conex,7,0.978033250728417,0.0,0.978033250728417,0.0,0.978033250728417,False,True,True,True
GIGOMEZ2,violation,szo_conex,7,0.9911444502184311,0.0,0.9911444502184311,0.0,0.0,False,True,True,True
GIGOMEZ2,feasible,szo_conex,8,0.982295100895465,0.0,0.982295100895465,0.0,0.982295100895465,False,True,True,True
GIGOMEZ2,violation,szo_conex,8,1.075191428092193,0.0,1.075191428092193,0.0,0.0,False,True,True,True
GIGOMEZ2,feasible,szo_conex,9,0.9920014474947633,0.0,0.9920014474947633,0.0,0.9920014474947633,False,True,True,True
GIGOMEZ2,violation,szo_conex,9,1.032075967016658,0.0,1.032075967016658,0.0,0.0,False,True,True,True
GIGOMEZ2,feasible,szo_conex,10,0.9873415846323024,0.0,0.9873415846323024,0.0,0.9873415846323024,False,True,True,True
GIGOMEZ2,violation,szo_conex,10,1.0650374962027114,0.0,1.0650374962027114,0.0,0.0,False,True,True,True
CANTILVR,reference,zob_gda,101,1.3344634380684226,9.999613555225227e-05,1.3344634380684226,9.999613555225227e-05,1.3344634380684226,False,True,True,True
CANTILVR,violation,zob_sgda,1,1.024369607956571,0.009985787770169886,1.024369607956571,0.009985787770169886,0.009985787770169886,False,True,True,True
CANTILVR,violation,zob_sgda,2,1.0244697981862525,0.009980471887496524,1.0244697981862525,0.009980471887496524,0.009980471887496524,False,True,True,True
CANTILVR,violation,zob_sgda,3,1.024368371671939,0.009985853116065946,1.024368371671939,0.009985853116065946,0.009985853116065946,False,True,True,True
CANTILVR,violation,zob_sgda,4,1.0243462072893357,0.009987042970975595,1.0243462072893357,0.009987042970975595,0.009987042970975595,False,True,True,True
CANTILVR,violation,zob_sgda,5,1.0244211137852517,0.009983073025631643,1.0244211137852517,0.009983073025631643,0.009983073025631643,False,True,True,True
CANTILVR,violation,zob_sgda,6,1.0244037916908688,0.009983968505194485,1.0244037916908688,0.009983968505194485,0.009983968505194485,False,True,True,True
CANTILVR,violation,zob_sgda,7,1.0244798777182278,0.00997995314921609,1.0244798777182278,0.00997995314921609,0.00997995314921609,False,True,True,True
CANTILVR,violation,zob_sgda,8,1.0244273742854992,0.009982746544025752,1.0244273742854992,0.009982746544025752,0.009982746544025752,False,True,True,True
CANTILVR,violation,zob_sgda,9,1.0243995319697448,0.009984201352724612,1.0243995319697448,0.009984201352724612,0.009984201352724612,False,True,True,True
CANTILVR,violation,zob_sgda,10,1.024406724399623,0.00998380308911489,1.024406724399623,0.00998380308911489,0.00998380308911489,False,True,True,True
CANTILVR,violation,zob_gda,1,0.9862327527066662,0.012161637558810365,0.9862327527066662,0.012161637558810365,0.012161637558810365,False,True,True,True
CANTILVR,violation,zob_gda,2,0.9861789641220573,0.012164957090934911,0.9861789641220573,0.012164957090934911,0.012164957090934911,False,True,True,True
CANTILVR,violation,zob_gda,3,0.9861432073273744,0.012167152211065504,0.9861432073273744,0.012167152211065504,0.012167152211065504,False,True,True,True
CANTILVR,violation,zob_gda,4,0.9861528644596324,0.012166554939361755,0.9861528644596324,0.012166554939361755,0.012166554939361755,False,True,True,True
CANTILVR,violation,zob_gda,5,0.9861334582598786,0.012167750465732648,0.9861334582598786,0.012167750465732648,0.012167750465732648,False,True,True,True
CANTILVR,violation,zob_gda,6,0.9862284920138152,0.012161891020738206,0.9862284920138152,0.012161891020738206,0.012161891020738206,False,True,True,True
CANTILVR,violation,zob_gda,7,0.9861041969570502,0.012169552490616482,0.9861041969570502,0.012169552490616482,0.012169552490616482,False,True,True,True
CANTILVR,violation,zob_gda,8,0.9861005153103618,0.012169793249102941,0.9861005153103618,0.012169793249102941,0.012169793249102941,False,True,True,True
CANTILVR,violation,zob_gda,9,0.9861032448129174,0.012169607162547601,0.9861032448129174,0.012169607162547601,0.012169607162547601,False,True,True,True
CANTILVR,violation,zob_gda,10,0.9860402203247464,0.012173494650805037,0.9860402203247464,0.012173494650805037,0.012173494650805037,False,True,True,True
CANTILVR,feasible,nomad_default,1,18.15416694670237,0.0,18.15416694670237,0.0,18.15416694670237,False,True,True,True
CANTILVR,violation,nomad_default,1,4.992e+17,0.0,4.992e+17,0.0,0.0,True,True,True,True
CANTILVR,feasible,nomad_default,2,9.786000980591952,0.0,9.786000980591952,0.0,9.786000980591952,False,True,True,True
CANTILVR,violation,nomad_default,2,6.4896e+17,0.0,6.4896e+17,0.0,0.0,True,True,True,True
CANTILVR,feasible,nomad_default,3,15.505218690154939,0.0,15.505218690154939,0.0,15.505218690154939,False,True,True,True
CANTILVR,violation,nomad_default,3,6.6768e+17,0.0,6.6768e+17,0.0,0.0,True,True,True,True
CANTILVR,feasible,nomad_default,4,46.80927689160911,0.0,46.80927689160911,0.0,46.80927689160911,False,True,True,True
CANTILVR,violation,nomad_default,4,1.38528e+18,2.966563179578443e-56,1.3852799999999997e+18,0.0,0.0,True,True,True,True
CANTILVR,feasible,nomad_default,5,12.619161608197032,0.0,12.619161608197032,0.0,12.619161608197032,False,True,True,True
CANTILVR,violation,nomad_default,5,6.1152e+17,0.0,6.1152e+17,0.0,0.0,True,True,True,True
CANTILVR,feasible,nomad_default,6,46.80927689160911,0.0,46.80927689160911,0.0,46.80927689160911,False,True,True,True
CANTILVR,violation,nomad_default,6,1.38528e+18,2.966563179578443e-56,1.3852799999999997e+18,0.0,0.0,True,True,True,True
CANTILVR,feasible,nomad_default,7,12.619161608197032,0.0,12.619161608197032,0.0,12.619161608197032,False,True,True,True
CANTILVR,violation,nomad_default,7,6.1152e+17,0.0,6.1152e+17,0.0,0.0,True,True,True,True
CANTILVR,feasible,nomad_default,8,259.89334555819585,0.0,259.89334555819585,0.0,259.89334555819585,False,True,True,True
CANTILVR,violation,nomad_default,8,7.9872e+17,0.0,7.9872e+17,0.0,0.0,True,True,True,True
CANTILVR,feasible,nomad_default,9,2358.4647499700413,0.0,2358.4647499700413,0.0,2358.4647499700413,False,True,True,True
CANTILVR,violation,nomad_default,9,6.3648e+17,0.0,6.3648e+17,0.0,0.0,True,True,True,True
CANTILVR,feasible,nomad_default,10,24.10641192391062,0.0,24.10641192391062,0.0,24.10641192391062,False,True,True,True
CANTILVR,violation,nomad_default,10,4.8047999999999994e+17,0.0,4.8047999999999994e+17,0.0,0.0,True,True,True,True
CANTILVR,violation,zoagp,1,0.7091564168107882,0.04633865048163148,0.7091564168107882,0.04633865048163148,0.04633865048163148,False,True,True,True
CANTILVR,violation,zominmax,1,0.7475837687062296,0.03837318719207512,0.7475837687062296,0.03837318719207512,0.03837318719207512,False,True,True,True
CANTILVR,violation,zominmax,2,0.7475374782659835,0.03838181345576312,0.7475374782659835,0.03838181345576312,0.03838181345576312,False,True,True,True
CANTILVR,violation,zominmax,3,0.747672849187935,0.0383566012842252,0.747672849187935,0.0383566012842252,0.0383566012842252,False,True,True,True
CANTILVR,violation,zominmax,4,0.7475813102332242,0.038373642059139366,0.7475813102332242,0.038373642059139366,0.038373642059139366,False,True,True,True
CANTILVR,violation,zominmax,5,0.7476615615513847,0.03835870371400074,0.7476615615513847,0.03835870371400074,0.03835870371400074,False,True,True,True
CANTILVR,violation,zominmax,6,0.747627173226223,0.038365107405218486,0.747627173226223,0.038365107405218486,0.038365107405218486,False,True,True,True
CANTILVR,violation,zominmax,7,0.7475969752250481,0.03837073876772978,0.7475969752250481,0.03837073876772978,0.03837073876772978,False,True,True,True
CANTILVR,violation,zominmax,8,0.7475534217578117,0.038378872780927005,0.7475534217578117,0.038378872780927005,0.038378872780927005,False,True,True,True
CANTILVR,violation,zominmax,9,0.7476065848317767,0.03836893774205235,0.7476065848317767,0.03836893774205235,0.03836893774205235,False,True,True,True
CANTILVR,violation,zominmax,10,0.7477373713061153,0.038344593980648094,0.7477373713061153,0.038344593980648094,0.038344593980648094,False,True,True,True
CANTILVR,violation,szo_conex,1,0.757608664256215,0.03664086481836414,0.757608664256215,0.03664086481836414,0.03664086481836414,False,True,True,True
CANTILVR,violation,szo_conex,2,0.7827241252317632,0.03272131145970472,0.7827241252317632,0.03272131145970472,0.03272131145970472,False,True,True,True
CANTILVR,violation,szo_conex,3,0.7631151761152088,0.03560246901347731,0.7631151761152088,0.03560246901347731,0.03560246901347731,False,True,True,True
CANTILVR,violation,szo_conex,4,0.7893084642698959,0.031487091872020416,0.7893084642698959,0.031487091872020416,0.031487091872020416,False,True,True,True
CANTILVR,violation,szo_conex,5,0.7860212793795746,0.03196715937328922,0.7860212793795746,0.03196715937328922,0.03196715937328922,False,True,True,True
CANTILVR,violation,szo_conex,6,0.7634127701389873,0.035590328477362994,0.7634127701389873,0.035590328477362994,0.035590328477362994,False,True,True,True
CANTILVR,violation,szo_conex,7,0.7660508172826416,0.035254650892749324,0.7660508172826416,0.035254650892749324,0.035254650892749324,False,True,True,True
CANTILVR,violation,szo_conex,8,0.7752316638539442,0.03372692058815499,0.7752316638539442,0.03372692058815499,0.03372692058815499,False,True,True,True
CANTILVR,violation,szo_conex,9,0.7773030681729194,0.03327956157308664,0.7773030681729194,0.03327956157308664,0.03327956157308664,False,True,True,True
CANTILVR,violation,szo_conex,10,0.763804425948167,0.03563951519149432,0.763804425948167,0.03563951519149432,0.03563951519149432,False,True,True,True
POLAK6,reference,zob_sgda,101,-44.00185927980186,9.920175252576386e-05,-44.00185927980186,9.920175252576386e-05,-44.00185927980186,False,True,True,True
POLAK6,feasible,zob_sgda,1,-44.00079376639753,9.226489256097062e-05,-44.00079376639753,9.226489256097062e-05,-44.00079376639753,False,True,True,True
POLAK6,violation,zob_sgda,1,-0.4823039572879322,0.0,-0.4823039572879322,0.0,0.0,False,True,True,True
POLAK6,feasible,zob_sgda,2,-44.00127808861531,9.819526937156626e-05,-44.00127808861531,9.819526937156626e-05,-44.00127808861531,False,True,True,True
POLAK6,violation,zob_sgda,2,-0.09875708200664894,0.0,-0.09875708200664894,0.0,0.0,False,True,True,True
POLAK6,feasible,zob_sgda,3,-44.000521564215134,9.97727792128304e-05,-44.000521564215134,9.97727792128304e-05,-44.000521564215134,False,True,True,True
POLAK6,violation,zob_sgda,3,-0.38811467189881793,0.0,-0.38811467189881793,0.0,0.0,False,True,True,True
POLAK6,feasible,zob_sgda,4,-44.00100828126472,9.768161723576169e-05,-44.00100828126472,9.768161723576169e-05,-44.00100828126472,False,True,True,True
POLAK6,violation,zob_sgda,4,-0.2946270038408584,0.0,-0.2946270038408584,0.0,0.0,False,True,True,True
POLAK6,feasible,zob_sgda,5,-44.00069615520544,9.98690855547554e-05,-44.00069615520544,9.98690855547554e-05,-44.00069615520544,False,True,True,True
POLAK6,violation,zob_sgda,5,-0.38865824764599477,0.0,-0.38865824764599477,0.0,0.0,False,True,True,True
POLAK6,feasible,zob_sgda,6,-44.001154343478746,9.971181240044987e-05,-44.001154343478746,9.971181240044987e-05,-44.001154343478746,False,True,True,True
POLAK6,violation,zob_sgda,6,-0.09958333333333337,0.0,-0.09958333333333337,0.0,0.0,False,True,True,True
POLAK6,feasible,zob_sgda,7,-44.000807434011854,9.701213276442699e-05,-44.000807434011854,9.701213276442699e-05,-44.000807434011854,False,True,True,True
POLAK6,violation,zob_sgda,7,-0.29402475853807275,0.0,-0.29402475853807275,0.0,0.0,False,True,True,True
POLAK6,feasible,zob_sgda,8,-44.00129036630072,9.64819723244936e-05,-44.00129036630072,9.64819723244936e-05,-44.00129036630072,False,True,True,True
POLAK6,violation,zob_sgda,8,-0.48192653425200704,0.0,-0.48192653425200704,0.0,0.0,False,True,True,True
POLAK6,feasible,zob_sgda,9,-44.00103030653552,9.916309804205725e-05,-44.00103030653552,9.916309804205725e-05,-44.00103030653552,False,True,True,True
POLAK6,violation,zob_sgda,9,-0.2938281418919777,0.0,-0.2938281418919777,0.0,0.0,False,True,True,True
POLAK6,feasible,zob_sgda,10,-44.00119637957071,9.64963735250824e-05,-44.00119637957071,9.64963735250824e-05,-44.00119637957071,False,True,True,True
POLAK6,violation,zob_sgda,10,-0.19737741705539882,0.0,-0.19737741705539882,0.0,0.0,False,True,True,True
POLAK6,feasible,zob_gda,1,-43.86101884685001,0.0,-43.86101884685001,0.0,-43.86101884685001,False,True,True,True
POLAK6,violation,zob_gda,1,-0.5532834772820319,0.0,-0.5532834772820319,0.0,0.0,False,True,True,True
POLAK6,feasible,zob_gda,2,-43.83480756210708,0.0,-43.83480756210708,0.0,-43.83480756210708,False,True,True,True
POLAK6,violation,zob_gda,2,-0.15809649943048573,0.0,-0.15809649943048573,0.0,0.0,False,True,True,True
POLAK6,feasible,zob_gda,3,-43.829363711702094,0.0,-43.829363711702094,0.0,-43.829363711702094,False,True,True,True
POLAK6,violation,zob_gda,3,-0.39662209563381534,0.0,-0.39662209563381534,0.0,0.0,False,True,True,True
POLAK6,feasible,zob_gda,4,-43.84392134019971,0.0,-43.84392134019971,0.0,-43.84392134019971,False,True,True,True
POLAK6,violation,zob_gda,4,-0.15915035678107398,0.0,-0.15915035678107398,0.0,0.0,False,True,True,True
POLAK6,feasible,zob_gda,5,-43.86186398326188,0.0,-43.86186398326188,0.0,-43.86186398326188,False,True,True,True
POLAK6,violation,zob_gda,5,-0.23732141666222178,0.0,-0.23732141666222178,0.0,0.0,False,True,True,True
POLAK6,feasible,zob_gda,6,-43.85290396695972,0.0,-43.85290396695972,0.0,-43.85290396695972,False,True,True,True
POLAK6,violation,zob_gda,6,-0.3963428670344876,0.0,-0.3963428670344876,0.0,0.0,False,True,True,True
POLAK6,feasible,zob_gda,7,-43.836615348128305,0.0,-43.836615348128305,0.0,-43.836615348128305,False,True,True,True
POLAK6,violation,zob_gda,7,-0.31730133118570836,0.0,-0.31730133118570836,0.0,0.0,False,True,True,True
POLAK6,feasible,zob_gda,8,-43.83455682532618,0.0,-43.83455682532618,0.0,-43.83455682532618,False,True,True,True
POLAK6,violation,zob_gda,8,-0.39551024230853393,0.0,-0.39551024230853393,0.0,0.0,False,True,True,True
POLAK6,feasible,zob_gda,9,-43.848534414044465,0.0,-43.848534414044465,0.0,-43.848534414044465,False,True,True,True
POLAK6,violation,zob_gda,9,-0.47533606713064935,0.0,-0.47533606713064935,0.0,0.0,False,True,True,True
POLAK6,feasible,zob_gda,10,-43.86115262005212,0.0,-43.86115262005212,0.0,-43.86115262005212,False,True,True,True
POLAK6,violation,zob_gda,10,-0.3161329380767675,0.0,-0.3161329380767675,0.0,0.0,False,True,True,True
POLAK6,feasible,nomad_default,1,2e+19,0.0,2e+19,0.0,2e+19,True,True,True,True
POLAK6,violation,nomad_default,1,2e+19,0.0,2e+19,0.0,0.0,True,True,True,True
POLAK6,feasible,nomad_default,2,1e+19,0.0,1e+19,0.0,1e+19,True,True,True,True
POLAK6,violation,nomad_default,2,1e+19,0.0,1e+19,0.0,0.0,True,True,True,True
POLAK6,violation,nomad_default,3,0.0,1.0,0.0,1.0,1.0,False,True,True,True
POLAK6,violation,nomad_default,4,0.0,1.0,0.0,1.0,1.0,False,True,True,True
POLAK6,feasible,nomad_default,5,1e+19,0.0,1e+19,0.0,1e+19,True,True,True,True
POLAK6,violation,nomad_default,5,1e+19,0.0,1e+19,0.0,0.0,True,True,True,True
POLAK6,violation,nomad_default,6,0.0,1.0,0.0,1.0,1.0,False,True,True,True
POLAK6,feasible,nomad_default,7,1e+19,0.0,1e+19,0.0,1e+19,True,True,True,True
POLAK6,violation,nomad_default,7,1e+19,0.0,1e+19,0.0,0.0,True,True,True,True
POLAK6,feasible,nomad_default,8,1e+19,0.0,1e+19,0.0,1e+19,True,True,True,True
POLAK6,violation,nomad_default,8,1e+19,0.0,1e+19,0.0,0.0,True,True,True,True
POLAK6,feasible,nomad_default,9,1e+19,0.0,1e+19,0.0,1e+19,True,True,True,True
POLAK6,violation,nomad_default,9,1e+19,0.0,1e+19,0.0,0.0,True,True,True,True
POLAK6,feasible,nomad_default,10,1e+19,0.0,1e+19,0.0,1e+19,True,True,True,True
POLAK6,violation,nomad_default,10,1e+19,0.0,1e+19,0.0,0.0,True,True,True,True
POLAK6,feasible,zoagp,1,-37.61295567770652,0.0,-37.61295567770652,0.0,-37.61295567770652,False,True,True,True
POLAK6,violation,zoagp,1,-0.5964778574307855,0.0,-0.5964778574307855,0.0,0.0,False,True,True,True
POLAK6,violation,zominmax,1,0.0004894486622884319,0.9902661419194533,0.0004894486622884319,0.9902661419194533,0.9902661419194533,False,True,True,True
POLAK6,violation,zominmax,2,0.0005784676342678606,0.990552289755423,0.0005784676342678606,0.990552289755423,0.990552289755423,False,True,True,True
POLAK6,feasible,zominmax,3,-18.963361604144424,0.0,-18.963361604144424,0.0,-18.963361604144424,False,True,True,True
POLAK6,violation,zominmax,3,-6.7216466131218136,0.0,-6.7216466131218136,0.0,0.0,False,True,True,True
POLAK6,violation,zominmax,4,0.0,1.0,0.0,1.0,1.0,False,True,True,True
POLAK6,feasible,zominmax,5,-0.7726047631319692,0.0,-0.7726047631319692,0.0,-0.7726047631319692,False,True,True,True
POLAK6,violation,zominmax,5,-0.48565602880795095,0.0,-0.48565602880795095,0.0,0.0,False,True,True,True
POLAK6,feasible,zominmax,6,-0.07506550376594923,0.0,-0.07506550376594923,0.0,-0.07506550376594923,False,True,True,True
POLAK6,violation,zominmax,6,-0.07506550376594923,0.0,-0.07506550376594923,0.0,0.0,False,True,True,True
POLAK6,feasible,zominmax,7,-17.773729639296036,0.0,-17.773729639296036,0.0,-17.773729639296036,False,True,True,True
POLAK6,violation,zominmax,7,-0.14537561826023,0.0,-0.14537561826023,0.0,0.0,False,True,True,True
POLAK6,violation,zominmax,8,-0.5088942911611394,0.5649620385749785,-0.5088942911611394,0.5649620385749785,0.5649620385749785,False,True,True,True
POLAK6,feasible,zominmax,9,-35.074391807964744,0.0,-35.074391807964744,0.0,-35.074391807964744,False,True,True,True
POLAK6,violation,zominmax,9,-0.40113521844136124,0.0,-0.40113521844136124,0.0,0.0,False,True,True,True
POLAK6,violation,zominmax,10,0.0,1.0,0.0,1.0,1.0,False,True,True,True
POLAK6,feasible,szo_conex,1,-43.3016041498086,0.0,-43.3016041498086,0.0,-43.3016041498086,False,True,True,True
POLAK6,violation,szo_conex,1,-0.41842542474173827,0.0,-0.41842542474173827,0.0,0.0,False,True,True,True
POLAK6,feasible,szo_conex,2,-41.147268028289446,0.0,-41.147268028289446,0.0,-41.147268028289446,False,True,True,True
POLAK6,violation,szo_conex,2,-0.17881069929847768,0.0,-0.17881069929847768,0.0,0.0,False,True,True,True
POLAK6,feasible,szo_conex,3,-37.16044561605499,0.0,-37.16044561605499,0.0,-37.16044561605499,False,True,True,True
POLAK6,violation,szo_conex,3,-0.4030434964976009,0.0,-0.4030434964976009,0.0,0.0,False,True,True,True
POLAK6,feasible,szo_conex,4,-38.82479823936124,0.0,-38.82479823936124,0.0,-38.82479823936124,False,True,True,True
POLAK6,violation,szo_conex,4,-1.0207438384197272,0.0,-1.0207438384197272,0.0,0.0,False,True,True,True
POLAK6,feasible,szo_conex,5,-37.75287931690605,0.0,-37.75287931690605,0.0,-37.75287931690605,False,True,True,True
POLAK6,violation,szo_conex,5,-1.0392552600067815,0.0,-1.0392552600067815,0.0,0.0,False,True,True,True
POLAK6,feasible,szo_conex,6,-39.42369070908341,0.0,-39.42369070908341,0.0,-39.42369070908341,False,True,True,True
POLAK6,violation,szo_conex,6,-0.29093276516835626,0.0,-0.29093276516835626,0.0,0.0,False,True,True,True
POLAK6,feasible,szo_conex,7,-37.18434305908089,0.0,-37.18434305908089,0.0,-37.18434305908089,False,True,True,True
POLAK6,violation,szo_conex,7,-0.6515793441704255,0.0,-0.6515793441704255,0.0,0.0,False,True,True,True
POLAK6,feasible,szo_conex,8,-41.25821388056559,0.0,-41.25821388056559,0.0,-41.25821388056559,False,True,True,True
POLAK6,violation,szo_conex,8,-0.24548787391985133,0.0,-0.24548787391985133,0.0,0.0,False,True,True,True
POLAK6,feasible,szo_conex,9,-35.88794811070469,0.0,-35.88794811070469,0.0,-35.88794811070469,False,True,True,True
POLAK6,violation,szo_conex,9,-0.4376771321810632,0.0,-0.4376771321810632,0.0,0.0,False,True,True,True
POLAK6,feasible,szo_conex,10,-37.99120780001719,0.0,-37.99120780001719,0.0,-37.99120780001719,False,True,True,True
POLAK6,violation,szo_conex,10,-0.530549789428141,0.0,-0.530549789428141,0.0,0.0,False,True,True,True
CRESC4,reference,zob_gda,101,0.5566389072675088,9.602029474163158e-05,0.5566389072675363,9.602029474163204e-05,0.5566389072675088,True,True,True,True
CRESC4,violation,zob_sgda,1,3.212867564202306e-08,0.004307931834468449,-2.311098971895245e-08,0.00430793183446845,0.00430793183446845,True,True,True,True
CRESC4,violation,zob_sgda,2,3.456794644139725e-08,0.004650202413680319,-2.485497031173262e-08,0.004650202413680318,0.004650202413680318,True,True,True,True
CRESC4,feasible,zob_sgda,3,0.6571976232213773,8.054626312420789e-05,0.6571976232214407,8.054626312420921e-05,0.6571976232214407,True,True,True,True
CRESC4,violation,zob_sgda,3,1.273201733727209,0.0,1.2732017337269506,0.0,0.0,True,True,True,True
CRESC4,violation,zob_sgda,4,2.9225452572894192e-08,0.004060192381346237,-2.1347774926307698e-08,0.00406019238134624,0.00406019238134624,True,True,True,True
CRESC4,feasible,zob_sgda,5,0.7063391504863253,8.074676141901367e-05,0.7063391504862137,8.074676141900805e-05,0.7063391504862137,True,True,True,True
CRESC4,violation,zob_sgda,5,1.2620117382852276,0.0,1.2620117382844303,0.0,0.0,True,True,True,True
CRESC4,violation,zob_sgda,6,3.4401069045116115e-08,0.004724656292567306,-2.4563748670650618e-08,0.004724656292567302,0.004724656292567302,True,True,True,True
CRESC4,violation,zob_sgda,7,3.4638750233441754e-08,0.004847767594323018,-2.4954307466135014e-08,0.004847767594323022,0.004847767594323022,True,True,True,True
CRESC4,violation,zob_sgda,8,3.4688556967533096e-08,0.00466909163286419,-2.4699749298184217e-08,0.004669091632864188,0.004669091632864188,True,True,True,True
CRESC4,feasible,zob_sgda,9,0.6102436225471443,7.360605089109883e-05,0.6102436225471524,7.360605089111862e-05,0.6102436225471524,True,True,True,True
CRESC4,violation,zob_sgda,9,1.3076994557724357,0.0,1.3076994557727495,0.0,0.0,True,True,True,True
CRESC4,feasible,zob_sgda,10,0.602341608556198,8.598559282767398e-05,0.6023416085562767,8.598559282767441e-05,0.6023416085562767,True,True,True,True
CRESC4,violation,zob_sgda,10,1.3447974036103403,0.0,1.3447974036100683,0.0,0.0,True,True,True,True
CRESC4,violation,zob_gda,1,1.68637204208712e-08,0.001894792610093736,-1.2444425379239694e-08,0.0018947926100937366,0.0018947926100937366,True,True,True,True
CRESC4,violation,zob_gda,2,5.2432034458078354e-05,0.0023150655277455108,5.243206546480808e-05,0.002315065527745505,0.002315065527745505,True,True,True,True
CRESC4,violation,zob_gda,3,0.3572276320125869,0.0003635351276799228,0.35722763201255064,0.00036353512767992285,0.00036353512767992285,True,True,True,True
CRESC4,violation,zob_gda,4,0.6750304028292613,0.0003889572913849761,0.675030402829328,0.00038895729138497344,0.00038895729138497344,True,True,True,True
CRESC4,feasible,zob_gda,5,0.643399989468923,8.8857935695738e-05,0.6433999894690419,8.885793569573517e-05,0.6433999894690419,True,True,True,True
CRESC4,violation,zob_gda,5,0.6654672015886912,2.018597518679441e-05,0.6654672015887036,2.018597518679206e-05,2.018597518679206e-05,True,True,True,True
CRESC4,violation,zob_gda,6,1.7831183217810884e-08,0.002048549398998352,-1.3286479327867355e-08,0.0020485493989983506,0.0020485493989983506,True,True,True,True
CRESC4,feasible,zob_gda,7,0.5965576457841045,9.897103794816693e-05,0.5965576457841544,9.897103794816825e-05,0.5965576457841544,True,True,True,True
CRESC4,violation,zob_gda,7,0.8880615998580177,0.0,0.8880615998578648,0.0,0.0,True,True,True,True
CRESC4,violation,zob_gda,8,0.39135796286656643,0.00032069180180446745,0.39135796286656543,0.0003206918018044671,0.0003206918018044671,True,True,True,True
CRESC4,violation,zob_gda,9,0.4111224111965091,0.00030123843282338223,0.41112241119654,0.0003012384328233823,0.0003012384328233823,True,True,True,True
CRESC4,violation,zob_gda,10,2.2356726561960278e-08,0.0025513646514452237,-1.6479740650389854e-08,0.0025513646514452246,0.0025513646514452246,True,True,True,True
CRESC4,feasible,nomad_default,2,83.55135098571884,0.0,83.55135098571895,0.0,83.55135098571895,True,True,True,True
CRESC4,violation,nomad_default,2,85738973865441.2,0.0,85738973865441.2,0.0,0.0,True,True,True,True
CRESC4,feasible,nomad_default,3,16491.420358361283,0.0,16491.420362155462,0.0,16491.420362155462,True,True,True,True
CRESC4,violation,nomad_default,3,9.139113508273962e+17,0.0,9.139113508273961e+17,0.0,0.0,True,True,True,True
CRESC4,violation,nomad_default,4,2.7062796570436995e-09,0.9964654414919347,2.8554268128321316e-09,0.9964654414919346,0.9964654414919346,True,True,True,True
CRESC4,feasible,nomad_default,5,3570.487052791553,0.0,3570.487052791552,0.0,3570.487052791552,True,True,True,True
CRESC4,violation,nomad_default,5,154568100465.50024,0.0,154568100465.50027,0.0,0.0,True,True,True,True
CRESC4,violation,nomad_default,6,2.7062796570436995e-09,0.9964654414919347,2.8554268128321316e-09,0.9964654414919346,0.9964654414919346,True,True,True,True
CRESC4,feasible,nomad_default,7,3570.487052791553,0.0,3570.487052791552,0.0,3570.487052791552,True,True,True,True
CRESC4,violation,nomad_default,7,154568100465.50024,0.0,154568100465.50027,0.0,0.0,True,True,True,True
CRESC4,feasible,nomad_default,8,10951854.333415745,0.0,10951826.530575927,0.0,10951826.530575927,True,True,False,True
CRESC4,violation,nomad_default,8,6.964303091832456e+16,0.0,6.964303091832455e+16,0.0,0.0,True,True,True,True
CRESC4,feasible,nomad_default,9,212504.08123109807,0.0,212504.08123109813,0.0,212504.08123109813,True,True,True,True
CRESC4,violation,nomad_default,9,5820466.221371286,0.0,5820466.221371286,0.0,0.0,True,True,True,True
CRESC4,violation,zoagp,1,1.9953108667753694e-08,0.0024791043629252122,-1.5155890574008802e-08,0.0024791043629252114,0.0024791043629252114,True,True,True,True
CRESC4,violation,zominmax,1,1.6024548388020393e-05,0.0002427555722623371,1.6024548373746187e-05,0.0002427555722623371,0.0002427555722623371,True,True,True,True
CRESC4,violation,zominmax,2,2.3223536227134083e-08,0.003222435054122898,-5.937607539233565e-09,0.0032224350541228985,0.0032224350541228985,True,True,True,True
CRESC4,violation,zominmax,3,6.846737967168223e-06,0.0002357854971851908,6.8467379188407545e-06,0.00023578549718519074,0.00023578549718519074,True,True,True,True
CRESC4,violation,zominmax,4,1.9276879082714167e-09,0.00026133099977415565,1.5613603236468074e-09,0.0002613309997741556,0.0002613309997741556,True,True,True,True
CRESC4,violation,zominmax,5,1.4892431106217242e-09,0.0002735232969079953,1.6464716517791632e-09,0.0002735232969079953,0.0002735232969079953,True,True,True,True
CRESC4,violation,zominmax,6,1.6466408404630624e-09,0.00024887199819148244,1.7703295908613017e-09,0.0002488719981914825,0.0002488719981914825,True,True,True,True
CRESC4,violation,zominmax,7,8.891945150075683e-05,0.0002672831440033172,8.891945150136824e-05,0.0002672831440033171,0.0002672831440033171,True,True,True,True
CRESC4,violation,zominmax,8,1.223575277112015e-09,0.0002491186420728786,1.0776108796079724e-09,0.00024911864207287837,0.00024911864207287837,True,True,True,True
CRESC4,violation,zominmax,9,1.5982918908582167,0.00512713867525665,1.5982918908585777,0.00512713867525665,0.00512713867525665,True,True,True,True
CRESC4,violation,zominmax,10,8.339039463738869e-05,0.00023919178200905306,8.339039463789342e-05,0.00023919178200905293,0.00023919178200905293,True,True,True,True
CRESC4,violation,szo_conex,1,0.0005468374480462428,0.14847353406581595,0.0005468374480474101,0.14847353406581598,0.14847353406581598,True,True,True,True
CRESC4,violation,szo_conex,2,0.002097241909681133,0.14376387026210555,0.0020972419096810585,0.14376387026210555,0.14376387026210555,True,True,True,True
CRESC4,violation,szo_conex,3,6.4086757069662294e-09,0.13409439393553996,4.773235622401712e-09,0.13409439393553996,0.13409439393553996,True,True,True,True
CRESC4,violation,szo_conex,4,4.24782019763741,0.006863164455737736,4.247820197637472,0.006863164455737736,0.006863164455737736,True,True,True,True
CRESC4,violation,szo_conex,5,0.0024898531480460153,0.14658395426021073,0.0024898531480408493,0.14658395426021073,0.14658395426021073,True,True,True,True
CRESC4,violation,szo_conex,6,1.9915157395030127,0.0010058515781910316,1.9915157395030392,0.001005851578191029,0.001005851578191029,True,True,True,True
CRESC4,feasible,szo_conex,7,2.40933460832983,1.4994591756701693e-06,2.4093346083297935,1.4994591756697668e-06,2.4093346083297935,True,True,True,True
CRESC4,violation,szo_conex,7,2.5431226567245013,0.0,2.5431226567243215,0.0,0.0,True,True,True,True
CRESC4,violation,szo_conex,8,3.077848690763843,0.004114102362484635,3.077848690763642,0.0041141023624846375,0.0041141023624846375,True,True,True,True
CRESC4,violation,szo_conex,9,2.1056716336317836,0.04029941682870719,2.105671633631805,0.04029941682870719,0.04029941682870719,True,True,True,True
CRESC4,violation,szo_conex,10,1.6713944396503568,0.007909938070358186,1.6713944396504021,0.007909938070358186,0.007909938070358186,True,True,True,True
HALDMADS,reference,nomad_default,5,0.03463978257053,4.975446736521505e-05,0.03463978257053,4.975446736521505e-05,0.03463978257053,False,True,True,True
HALDMADS,feasible,zob_sgda,1,0.25218774640451574,0.0,0.25218774640451574,0.0,0.25218774640451574,False,True,True,True
HALDMADS,violation,zob_sgda,1,2.9900929104847864,0.0,2.9900929104847864,0.0,0.0,False,True,True,True
HALDMADS,feasible,zob_sgda,2,2.535799920776692,0.0,2.535799920776692,0.0,2.535799920776692,False,True,True,True
HALDMADS,violation,zob_sgda,2,3.6382491113643773,0.0,3.6382491113643773,0.0,0.0,False,True,True,True
HALDMADS,feasible,zob_sgda,3,2.7130745645265177,9.919919857991663e-05,2.7130745645265177,9.919919857991663e-05,2.7130745645265177,False,True,True,True
HALDMADS,violation,zob_sgda,3,6.3504788258388105,0.0,6.3504788258388105,0.0,0.0,False,True,True,True
HALDMADS,feasible,zob_sgda,4,1.0714446122164687,0.0,1.0714446122164687,0.0,1.0714446122164687,False,True,True,True
HALDMADS,violation,zob_sgda,4,2.8256830001775675,0.0,2.8256830001775675,0.0,0.0,False,True,True,True
HALDMADS,feasible,zob_sgda,5,2.718453766317998,9.826139283908388e-05,2.718453766317998,9.826139283908388e-05,2.718453766317998,False,True,True,True
HALDMADS,violation,zob_sgda,5,16.390046986862558,0.0,16.390046986862558,0.0,0.0,False,True,True,True
HALDMADS,feasible,zob_sgda,6,2.656903426298696,9.598566004649811e-05,2.656903426298696,9.598566004649811e-05,2.656903426298696,False,True,True,True
HALDMADS,violation,zob_sgda,6,2.8956908576253664,0.0,2.8956908576253664,0.0,0.0,False,True,True,True
HALDMADS,feasible,zob_sgda,7,2.328655384559923,7.387647388552576e-05,2.328655384559923,7.387647388552576e-05,2.328655384559923,False,True,True,True
HALDMADS,violation,zob_sgda,7,2.827084793154074,0.0,2.827084793154074,0.0,0.0,False,True,True,True
HALDMADS,feasible,zob_sgda,8,0.4017182070725752,0.0,0.4017182070725752,0.0,0.4017182070725752,False,True,True,True
HALDMADS,violation,zob_sgda,8,0.5627002148517946,0.0,0.5627002148517946,0.0,0.0,False,True,True,True
HALDMADS,feasible,zob_sgda,9,2.71849308823887,9.906187190208586e-05,2.71849308823887,9.906187190208586e-05,2.71849308823887,False,True,True,True
HALDMADS,violation,zob_sgda,9,3.1860945446209925,0.0,3.1860945446209925,0.0,0.0,False,True,True,True
HALDMADS,feasible,zob_sgda,10,1.3247518282402733,0.0,1.3247518282402733,0.0,1.3247518282402733,False,True,True,True
HALDMADS,violation,zob_sgda,10,1.3247518282402733,0.0,1.3247518282402733,0.0,0.0,False,True,True,True
HALDMADS,feasible,zob_gda,1,0.6869711781619666,0.0,0.6869711781619666,0.0,0.6869711781619666,False,True,True,True
HALDMADS,violation,zob_gda,1,0.6869711781619666,0.0,0.6869711781619666,0.0,0.0,False,True,True,True
HALDMADS,feasible,zob_gda,2,1.2167214435620715,0.0,1.2167214435620715,0.0,1.2167214435620715,False,True,True,True
HALDMADS,violation,zob_gda,2,3.766602556108059,0.0,3.766602556108059,0.0,0.0,False,True,True,True
HALDMADS,feasible,zob_gda,3,0.21033650064374493,0.0,0.21033650064374493,0.0,0.21033650064374493,False,True,True,True
HALDMADS,violation,zob_gda,3,0.6072040024670645,0.0,0.6072040024670645,0.0,0.0,False,True,True,True
HALDMADS,feasible,zob_gda,4,0.1142376365075203,0.0,0.1142376365075203,0.0,0.1142376365075203,False,True,True,True
HALDMADS,violation,zob_gda,4,3.0319900210427346,0.0,3.0319900210427346,0.0,0.0,False,True,True,True
HALDMADS,feasible,zob_gda,5,0.9572317386800492,0.0,0.9572317386800492,0.0,0.9572317386800492,False,True,True,True
HALDMADS,violation,zob_gda,5,3.0451373610665504,0.0,3.0451373610665504,0.0,0.0,False,True,True,True
HALDMADS,feasible,zob_gda,6,0.27742988408777913,0.0,0.27742988408777913,0.0,0.27742988408777913,False,True,True,True
HALDMADS,violation,zob_gda,6,2.9049615095886434,0.0,2.9049615095886434,0.0,0.0,False,True,True,True
HALDMADS,feasible,zob_gda,7,2.713398927021371,9.564287399210252e-05,2.713398927021371,9.564287399210252e-05,2.713398927021371,False,True,True,True
HALDMADS,violation,zob_gda,7,4.0373067209710785,0.0,4.0373067209710785,0.0,0.0,False,True,True,True
HALDMADS,feasible,zob_gda,8,2.7184058346244258,8.03511614140415e-05,2.7184058346244258,8.03511614140415e-05,2.7184058346244258,False,True,True,True
HALDMADS,violation,zob_gda,8,10.579126448176808,0.0,10.579126448176808,0.0,0.0,False,True,True,True
HALDMADS,feasible,zob_gda,9,0.12512686059558797,0.0,0.12512686059558797,0.0,0.12512686059558797,False,True,True,True
HALDMADS,violation,zob_gda,9,2.972551905263755,0.0,2.972551905263755,0.0,0.0,False,True,True,True
HALDMADS,feasible,zob_gda,10,1.5694319960518486,0.0,1.5694319960518486,0.0,1.5694319960518486,False,True,True,True
HALDMADS,violation,zob_gda,10,2.988640573840686,0.0,2.988640573840686,0.0,0.0,False,True,True,True
HALDMADS,feasible,nomad_default,1,5.00755400456613,3.102253286951668e-06,5.00755400456613,3.1022532862579055e-06,5.00755400456613,True,True,True,True
HALDMADS,violation,nomad_default,1,1e+19,0.0,1e+19,0.0,0.0,True,True,True,True
HALDMADS,feasible,nomad_default,2,2.71807639598591,9.26088422386004e-05,2.71807639598591,9.26088422386004e-05,2.71807639598591,True,True,True,True
HALDMADS,violation,nomad_default,2,1e+19,0.0,1e+19,0.0,0.0,True,True,True,True
HALDMADS,feasible,nomad_default,3,2.71808345819505,8.942521031406661e-05,2.71808345819505,8.942521031406661e-05,2.71808345819505,True,True,True,True
HALDMADS,violation,nomad_default,3,2e+19,0.0,2e+19,0.0,0.0,True,True,True,True
HALDMADS,feasible,nomad_default,4,2.56845755210793,7.565291284398222e-05,2.56845755210793,7.565291284397818e-05,2.56845755210793,True,True,True,True
HALDMADS,violation,nomad_default,4,1e+19,0.0,1e+19,0.0,0.0,True,True,True,True
HALDMADS,feasible,nomad_default,5,0.03463978257053,4.975446736521505e-05,0.03463978257053,4.975446736521505e-05,0.03463978257053,False,True,True,True
HALDMADS,violation,nomad_default,5,1e+19,0.0,1e+19,0.0,0.0,True,True,True,True
HALDMADS,feasible,nomad_default,6,2.56845755210793,7.565291284398222e-05,2.56845755210793,7.565291284397818e-05,2.56845755210793,True,True,True,True
HALDMADS,violation,nomad_default,6,1e+19,0.0,1e+19,0.0,0.0,True,True,True,True
HALDMADS,feasible,nomad_default,7,0.03463978257053,4.975446736521505e-05,0.03463978257053,4.975446736521505e-05,0.03463978257053,False,True,True,True
HALDMADS,violation,nomad_default,7,1e+19,0.0,1e+19,0.0,0.0,True,True,True,True
HALDMADS,feasible,nomad_default,8,2.49276039304226,7.753988329658696e-05,2.49276039304226,7.75398832965546e-05,2.49276039304226,True,True,True,True
HALDMADS,violation,nomad_default,8,1e+19,0.0,1e+19,0.0,0.0,True,True,True,True
HALDMADS,feasible,nomad_default,9,0.69122398333852,4.457953614440261e-06,0.69122398333852,4.457953616432157e-06,0.69122398333852,True,True,True,True
HALDMADS,violation,nomad_default,9,2e+19,0.0,2e+19,0.0,0.0,True,True,True,True
HALDMADS,feasible,nomad_default,10,1.55804082078644,9.55686226590422e-05,1.55804082078644,9.556862265902577e-05,1.55804082078644,True,True,True,True
HALDMADS,violation,nomad_default,10,2e+19,0.0,2e+19,0.0,0.0,True,True,True,True
HALDMADS,feasible,zoagp,1,2.7152171738130355,8.552135772695813e-05,2.7152171738130355,8.552135772695813e-05,2.7152171738130355,False,True,True,True
HALDMADS,violation,zoagp,1,82.37279952084944,0.0,82.37279952084944,0.0,0.0,False,True,True,True
HALDMADS,feasible,zominmax,1,2.4086605215767176,4.533321560949023e-06,2.4086605215767176,4.533321560949023e-06,2.4086605215767176,False,True,True,True
HALDMADS,violation,zominmax,1,113.91709390579433,0.0,113.91709390579433,0.0,0.0,False,True,True,True
HALDMADS,violation,zominmax,2,0.000345160187668181,0.9998180496055667,0.000345160187668181,0.9998180496055667,0.9998180496055667,False,True,True,True
HALDMADS,feasible,zominmax,3,3.1278540994858357,9.228687533416982e-05,3.1278540994858357,9.228687533416982e-05,3.1278540994858357,False,True,True,True
HALDMADS,violation,zominmax,3,98.64730077981841,0.0,98.64730077981841,0.0,0.0,False,True,True,True
HALDMADS,feasible,zominmax,4,408.4967883787173,0.0,408.4967883787173,0.0,408.4967883787173,False,True,True,True
HALDMADS,violation,zominmax,4,1013.6594264826599,0.0,1013.6594264826599,0.0,0.0,False,True,True,True
HALDMADS,feasible,zominmax,5,1432.9258252005907,0.0,1432.9258252005907,0.0,1432.9258252005907,False,True,True,True
HALDMADS,violation,zominmax,5,3234.854563035645,0.0,3234.854563035645,0.0,0.0,False,True,True,True
HALDMADS,feasible,zominmax,6,2.0160343923706288,4.738106846864023e-05,2.0160343923706288,4.738106846864023e-05,2.0160343923706288,False,True,True,True
HALDMADS,violation,zominmax,6,1050.5090125425268,0.0,1050.5090125425268,0.0,0.0,False,True,True,True
HALDMADS,feasible,zominmax,7,2.604969345330537,0.0,2.604969345330537,0.0,2.604969345330537,False,True,True,True
HALDMADS,violation,zominmax,7,7.5882642492781,0.0,7.5882642492781,0.0,0.0,False,True,True,True
HALDMADS,feasible,zominmax,8,2.1999298386540924,6.927773300224871e-05,2.1999298386540924,6.927773300224871e-05,2.1999298386540924,False,True,True,True
HALDMADS,violation,zominmax,8,126.82074799783652,0.0,126.82074799783652,0.0,0.0,False,True,True,True
HALDMADS,feasible,zominmax,9,0.9285928164963049,0.0,0.9285928164963049,0.0,0.9285928164963049,False,True,True,True
HALDMADS,violation,zominmax,9,29.314426870101425,0.0,29.314426870101425,0.0,0.0,False,True,True,True
HALDMADS,feasible,zominmax,10,1.2544876712491084,0.0,1.2544876712491084,0.0,1.2544876712491084,False,True,True,True
HALDMADS,violation,zominmax,10,3.1435631848284635,0.0,3.1435631848284635,0.0,0.0,False,True,True,True
HALDMADS,feasible,szo_conex,1,83.54037853164394,0.0,83.54037853164394,0.0,83.54037853164394,False,True,True,True
HALDMADS,violation,szo_conex,1,83.56775182512982,0.0,83.56775182512982,0.0,0.0,False,True,True,True
HALDMADS,feasible,szo_conex,2,5.8361249305786735,0.0,5.8361249305786735,0.0,5.8361249305786735,False,True,True,True
HALDMADS,violation,szo_conex,2,5.858728940086863,0.0,5.858728940086863,0.0,0.0,False,True,True,True
HALDMADS,feasible,szo_conex,3,94.45996239421967,0.0,94.45996239421967,0.0,94.45996239421967,False,True,True,True
HALDMADS,violation,szo_conex,3,94.48787542135622,0.0,94.48787542135622,0.0,0.0,False,True,True,True
HALDMADS,feasible,szo_conex,4,89.84286732495275,0.0,89.84286732495275,0.0,89.84286732495275,False,True,True,True
HALDMADS,violation,szo_conex,4,89.87025112861879,0.0,89.87025112861879,0.0,0.0,False,True,True,True
HALDMADS,feasible,szo_conex,5,821.2809188299445,0.0,821.2809188299445,0.0,821.2809188299445,False,True,True,True
HALDMADS,violation,szo_conex,5,821.3103209261835,0.0,821.3103209261835,0.0,0.0,False,True,True,True
HALDMADS,feasible,szo_conex,6,179.91732513255906,0.0,179.91732513255906,0.0,179.91732513255906,False,True,True,True
HALDMADS,violation,szo_conex,6,179.94508760914115,0.0,179.94508760914115,0.0,0.0,False,True,True,True
HALDMADS,feasible,szo_conex,7,6948287.337935507,0.0,6948287.337935507,0.0,6948287.337935507,False,True,True,True
HALDMADS,violation,szo_conex,7,6948287.363004436,0.0,6948287.363004436,0.0,0.0,False,True,True,True
HALDMADS,feasible,szo_conex,8,26.3073871545686,0.0,26.3073871545686,0.0,26.3073871545686,False,True,True,True
HALDMADS,violation,szo_conex,8,26.332095338599537,0.0,26.332095338599537,0.0,0.0,False,True,True,True
HALDMADS,feasible,szo_conex,9,201.42678027522618,0.0,201.42678027522618,0.0,201.42678027522618,False,True,True,True
HALDMADS,violation,szo_conex,9,201.45135378537665,0.0,201.45135378537665,0.0,0.0,False,True,True,True
HALDMADS,feasible,szo_conex,10,11.816668822918487,0.0,11.816668822918487,0.0,11.816668822918487,False,True,True,True
HALDMADS,violation,szo_conex,10,11.843351105686951,0.0,11.843351105686951,0.0,0.0,False,True,True,True
MATRIX2,reference,zob_sgda,101,7.604853692867538e-21,6.567079967461629e-10,7.604853692867538e-21,6.567079967461629e-10,7.604853692867538e-21,False,True,True,True
MATRIX2,feasible,zob_sgda,1,2.6853154727485676e-10,2.8754170449195823e-09,2.6853154727485676e-10,2.8754170449195823e-09,2.6853154727485676e-10,False,True,True,True
MATRIX2,violation,zob_sgda,1,2.0,0.0,2.0,0.0,0.0,False,True,True,True
MATRIX2,feasible,zob_sgda,2,2.6818367560911097e-10,2.9665310780187163e-09,2.6818367560911097e-10,2.9665310780187163e-09,2.6818367560911097e-10,False,True,True,True
MATRIX2,violation,zob_sgda,2,2.0,0.0,2.0,0.0,0.0,False,True,True,True
MATRIX2,feasible,zob_sgda,3,2.68359539332217e-10,2.9409949304276148e-09,2.68359539332217e-10,2.9409949304276148e-09,2.68359539332217e-10,False,True,True,True
MATRIX2,violation,zob_sgda,3,2.0,0.0,2.0,0.0,0.0,False,True,True,True
MATRIX2,feasible,zob_sgda,4,2.685189149501764e-10,2.771480065716938e-09,2.685189149501764e-10,2.771480065716938e-09,2.685189149501764e-10,False,True,True,True
MATRIX2,violation,zob_sgda,4,2.0,0.0,2.0,0.0,0.0,False,True,True,True
MATRIX2,feasible,zob_sgda,5,1.1787397784415435e-10,6.336182905467192e-09,1.1787397784415435e-10,6.336182905467192e-09,1.1787397784415435e-10,False,True,True,True
MATRIX2,violation,zob_sgda,5,2.0,0.0,2.0,0.0,0.0,False,True,True,True
MATRIX2,feasible,zob_sgda,6,2.6860847544456486e-10,2.5344239717176692e-09,2.6860847544456486e-10,2.5344239717176692e-09,2.6860847544456486e-10,False,True,True,True
MATRIX2,violation,zob_sgda,6,2.0,0.0,2.0,0.0,0.0,False,True,True,True
MATRIX2,feasible,zob_sgda,7,2.688157416267672e-10,2.3368452366899546e-09,2.688157416267672e-10,2.3368452366899546e-09,2.688157416267672e-10,False,True,True,True
MATRIX2,violation,zob_sgda,7,2.0,0.0,2.0,0.0,0.0,False,True,True,True
MATRIX2,feasible,zob_sgda,8,2.68669078681131e-10,2.7265349508393356e-09,2.68669078681131e-10,2.7265349508393356e-09,2.68669078681131e-10,False,True,True,True
MATRIX2,violation,zob_sgda,8,2.0,0.0,2.0,0.0,0.0,False,True,True,True
MATRIX2,feasible,zob_sgda,9,2.6852939328674956e-10,2.868307488082585e-09,2.6852939328674956e-10,2.868307488082585e-09,2.6852939328674956e-10,False,True,True,True
MATRIX2,violation,zob_sgda,9,2.0,0.0,2.0,0.0,0.0,False,True,True,True
MATRIX2,feasible,zob_sgda,10,2.5742777836627946e-10,7.904911405876528e-09,2.5742777836627946e-10,7.904911405876528e-09,2.5742777836627946e-10,False,True,True,True
MATRIX2,violation,zob_sgda,10,2.0,0.0,2.0,0.0,0.0,False,True,True,True
MATRIX2,feasible,zob_gda,1,2.075136327586959e-11,6.440082379428095e-08,2.075136327586959e-11,6.440082379428095e-08,2.075136327586959e-11,False,True,True,True
MATRIX2,violation,zob_gda,1,2.0,0.0,2.0,0.0,0.0,False,True,True,True
MATRIX2,feasible,zob_gda,2,6.923756707908894e-13,1.2727266854144061e-08,6.923756707908894e-13,1.2727266854144061e-08,6.923756707908894e-13,False,True,True,True
MATRIX2,violation,zob_gda,2,2.0,0.0,2.0,0.0,0.0,False,True,True,True
MATRIX2,feasible,zob_gda,3,1.8750164365326074e-13,4.797168596362366e-09,1.8750164365326074e-13,4.797168596362366e-09,1.8750164365326074e-13,False,True,True,True
MATRIX2,violation,zob_gda,3,2.0,0.0,2.0,0.0,0.0,False,True,True,True
MATRIX2,feasible,zob_gda,4,3.58663392205819e-10,3.4188698394682986e-09,3.58663392205819e-10,3.4188698394682986e-09,3.58663392205819e-10,False,True,True,True
MATRIX2,violation,zob_gda,4,2.0,0.0,2.0,0.0,0.0,False,True,True,True
MATRIX2,feasible,zob_gda,5,4.1303013974381e-11,1.9954221261887922e-08,4.1303013974381e-11,1.9954221261887922e-08,4.1303013974381e-11,False,True,True,True
MATRIX2,violation,zob_gda,5,2.0,0.0,2.0,0.0,0.0,False,True,True,True
MATRIX2,feasible,zob_gda,6,9.341251497522707e-13,1.4998403108281164e-08,9.341251497522707e-13,1.4998403108281164e-08,9.341251497522707e-13,False,True,True,True
MATRIX2,violation,zob_gda,6,2.0,0.0,2.0,0.0,0.0,False,True,True,True
MATRIX2,feasible,zob_gda,7,3.372678104026594e-12,3.228674246185721e-08,3.372678104026594e-12,3.228674246185721e-08,3.372678104026594e-12,False,True,True,True
MATRIX2,violation,zob_gda,7,2.0,0.0,2.0,0.0,0.0,False,True,True,True
MATRIX2,feasible,zob_gda,8,1.657193415440621e-15,6.240841919064551e-08,1.657193415440621e-15,6.240841919064551e-08,1.657193415440621e-15,False,True,True,True
MATRIX2,violation,zob_gda,8,2.0,0.0,2.0,0.0,0.0,False,True,True,True
MATRIX2,feasible,zob_gda,9,7.184896378350267e-12,4.476138561714977e-08,7.184896378350267e-12,4.476138561714977e-08,7.184896378350267e-12,False,True,True,True
MATRIX2,violation,zob_gda,9,2.0,0.0,2.0,0.0,0.0,False,True,True,True
MATRIX2,feasible,zob_gda,10,1.9721423265495018e-12,8.931788738204388e-09,1.9721423265495018e-12,8.931788738204388e-09,1.9721423265495018e-12,False,True,True,True
MATRIX2,violation,zob_gda,10,2.0,0.0,2.0,0.0,0.0,False,True,True,True
MATRIX2,feasible,nomad_default,1,0.000259615479331572,0.0,0.000259615479331572,0.0,0.000259615479331572,False,True,True,True
MATRIX2,violation,nomad_default,1,2.0,0.0,2.0,0.0,0.0,False,True,True,True
MATRIX2,feasible,nomad_default,2,0.0001896150837478567,0.0,0.0001896150837478567,0.0,0.0001896150837478567,False,True,True,True
MATRIX2,violation,nomad_default,2,2.0,0.0,2.0,0.0,0.0,False,True,True,True
MATRIX2,feasible,nomad_default,3,0.0008909333479916666,0.0,0.0008909333479916666,0.0,0.0008909333479916666,False,True,True,True
MATRIX2,violation,nomad_default,3,2.0,0.0,2.0,0.0,0.0,False,True,True,True
MATRIX2,feasible,nomad_default,4,0.013832691790559773,0.0,0.013832691790559773,0.0,0.013832691790559773,False,True,True,True
MATRIX2,violation,nomad_default,4,2.0,0.0,2.0,0.0,0.0,False,True,True,True
MATRIX2,feasible,nomad_default,5,1.245479728141203e-05,9.122574529600002e-06,1.245479728141203e-05,9.122574529600002e-06,1.245479728141203e-05,False,True,True,True
MATRIX2,violation,nomad_default,5,2.0,0.0,2.0,0.0,0.0,False,True,True,True
MATRIX2,feasible,nomad_default,6,0.013832691790559773,0.0,0.013832691790559773,0.0,0.013832691790559773,False,True,True,True
MATRIX2,violation,nomad_default,6,2.0,0.0,2.0,0.0,0.0,False,True,True,True
MATRIX2,feasible,nomad_default,7,1.245479728141203e-05,9.122574529600002e-06,1.245479728141203e-05,9.122574529600002e-06,1.245479728141203e-05,False,True,True,True
MATRIX2,violation,nomad_default,7,2.0,0.0,2.0,0.0,0.0,False,True,True,True
MATRIX2,feasible,nomad_default,8,0.0023706410059341227,0.0,0.0023706410059341227,0.0,0.0023706410059341227,False,True,True,True
MATRIX2,violation,nomad_default,8,2.0,0.0,2.0,0.0,0.0,False,True,True,True
MATRIX2,feasible,nomad_default,9,0.0023072249885096267,3.1291551508345174e-06,0.0023072249885096267,3.1291551508345174e-06,0.0023072249885096267,False,True,True,True
MATRIX2,violation,nomad_default,9,2.0,0.0,2.0,0.0,0.0,False,True,True,True
MATRIX2,feasible,nomad_default,10,0.061086208326851694,0.0,0.061086208326851694,0.0,0.061086208326851694,False,True,True,True
MATRIX2,violation,nomad_default,10,2.0,0.0,2.0,0.0,0.0,False,True,True,True
MATRIX2,feasible,zoagp,1,2.0,0.0,2.0,0.0,2.0,False,True,True,True
MATRIX2,violation,zoagp,1,2.0,0.0,2.0,0.0,0.0,False,True,True,True
MATRIX2,feasible,zominmax,1,1.7547203226857596e-11,4.7928547985064105e-06,1.7547203226857596e-11,4.7928547985064105e-06,1.7547203226857596e-11,False,True,True,True
MATRIX2,violation,zominmax,1,2.0,0.0,2.0,0.0,0.0,False,True,True,True
MATRIX2,feasible,zominmax,2,2.9502984457922724e-09,5.439625844283195e-06,2.9502984457922724e-09,5.439625844283195e-06,2.9502984457922724e-09,False,True,True,True
MATRIX2,violation,zominmax,2,2.0,0.0,2.0,0.0,0.0,False,True,True,True
MATRIX2,feasible,zominmax,3,2.0,0.0,2.0,0.0,2.0,False,True,True,True
MATRIX2,violation,zominmax,3,2.0,0.0,2.0,0.0,0.0,False,True,True,True
MATRIX2,feasible,zominmax,4,2.5971312992300166e-09,2.085333640022596e-06,2.5971312992300166e-09,2.085333640022596e-06,2.5971312992300166e-09,False,True,True,True
MATRIX2,violation,zominmax,4,2.0,0.0,2.0,0.0,0.0,False,True,True,True
MATRIX2,feasible,zominmax,5,4.1809806811823826e-10,2.0570458243340573e-06,4.1809806811823826e-10,2.0570458243340573e-06,4.1809806811823826e-10,False,True,True,True
MATRIX2,violation,zominmax,5,2.0,0.0,2.0,0.0,0.0,False,True,True,True
MATRIX2,feasible,zominmax,6,7.0653402002070185e-09,5.396258984390075e-06,7.0653402002070185e-09,5.396258984390075e-06,7.0653402002070185e-09,False,True,True,True
MATRIX2,violation,zominmax,6,2.0,0.0,2.0,0.0,0.0,False,True,True,True
MATRIX2,feasible,zominmax,7,2.057546251606113e-09,2.5472156632077106e-05,2.057546251606113e-09,2.5472156632077106e-05,2.057546251606113e-09,False,True,True,True
MATRIX2,violation,zominmax,7,2.0,0.0,2.0,0.0,0.0,False,True,True,True
MATRIX2,feasible,zominmax,8,4.10430780375839e-12,1.9789374337193777e-05,4.10430780375839e-12,1.9789374337193777e-05,4.10430780375839e-12,False,True,True,True
MATRIX2,violation,zominmax,8,2.0,0.0,2.0,0.0,0.0,False,True,True,True
MATRIX2,feasible,zominmax,9,2.47493314270275e-10,7.49156831051557e-05,2.47493314270275e-10,7.49156831051557e-05,2.47493314270275e-10,False,True,True,True
MATRIX2,violation,zominmax,9,2.0,0.0,2.0,0.0,0.0,False,True,True,True
MATRIX2,feasible,zominmax,10,1.498691720603664,0.0,1.498691720603664,0.0,1.498691720603664,False,True,True,True
MATRIX2,violation,zominmax,10,2.0,0.0,2.0,0.0,0.0,False,True,True,True
MATRIX2,feasible,szo_conex,1,1.6642429548274104e-06,7.585451854325839e-05,1.6642429548274104e-06,7.585451854325839e-05,1.6642429548274104e-06,False,True,True,True
MATRIX2,violation,szo_conex,1,2.0,0.0,2.0,0.0,0.0,False,True,True,True
MATRIX2,feasible,szo_conex,2,6.050063562008393e-06,5.6931004845448676e-05,6.050063562008393e-06,5.6931004845448676e-05,6.050063562008393e-06,False,True,True,True
MATRIX2,violation,szo_conex,2,2.0,0.0,2.0,0.0,0.0,False,True,True,True
MATRIX2,feasible,szo_conex,3,1.6385605939086598e-06,3.661584072052874e-05,1.6385605939086598e-06,3.661584072052874e-05,1.6385605939086598e-06,False,True,True,True
MATRIX2,violation,szo_conex,3,2.0,0.0,2.0,0.0,0.0,False,True,True,True
MATRIX2,feasible,szo_conex,4,3.5034324299116535e-06,5.458194992883887e-07,3.5034324299116535e-06,5.458194992883887e-07,3.5034324299116535e-06,False,True,True,True
MATRIX2,violation,szo_conex,4,2.0,0.0,2.0,0.0,0.0,False,True,True,True
MATRIX2,feasible,szo_conex,5,5.0277793835960535e-06,3.3384049556876543e-06,5.0277793835960535e-06,3.3384049556876543e-06,5.0277793835960535e-06,False,True,True,True
MATRIX2,violation,szo_conex,5,2.0,0.0,2.0,0.0,0.0,False,True,True,True
MATRIX2,feasible,szo_conex,6,1.3608680359620667e-06,1.4216957540783191e-06,1.3608680359620667e-06,1.4216957540783191e-06,1.3608680359620667e-06,False,True,True,True
MATRIX2,violation,szo_conex,6,2.0,0.0,2.0,0.0,0.0,False,True,True,True
MATRIX2,feasible,szo_conex,7,1.4623073044075741e-07,4.421309013403217e-06,1.4623073044075741e-07,4.421309013403217e-06,1.4623073044075741e-07,False,True,True,True
MATRIX2,violation,szo_conex,7,2.0,0.0,2.0,0.0,0.0,False,True,True,True
MATRIX2,feasible,szo_conex,8,6.9686946335287385e-06,1.547441642092995e-05,6.9686946335287385e-06,1.547441642092995e-05,6.9686946335287385e-06,False,True,True,True
MATRIX2,violation,szo_conex,8,2.0,0.0,2.0,0.0,0.0,False,True,True,True
MATRIX2,feasible,szo_conex,9,2.020439825314709e-06,1.9423275433410614e-05,2.020439825314709e-06,1.9423275433410614e-05,2.020439825314709e-06,False,True,True,True
MATRIX2,violation,szo_conex,9,2.0,0.0,2.0,0.0,0.0,False,True,True,True
MATRIX2,feasible,szo_conex,10,9.352354769656214e-07,3.7221404742895108e-06,9.352354769656214e-07,3.7221404742895108e-06,9.352354769656214e-07,False,True,True,True
MATRIX2,violation,szo_conex,10,2.0,0.0,2.0,0.0,0.0,False,True,True,True
PENTAGON,reference,zob_gda,101,0.000136547759362797,9.635052651194633e-05,0.000136547759362797,9.635052651194633e-05,0.000136547759362797,False,True,True,True
PENTAGON,feasible,zob_sgda,1,0.0001698947196997918,9.31945207431506e-05,0.0001698947196997918,9.31945207431506e-05,0.0001698947196997918,False,True,True,True
PENTAGON,violation,zob_sgda,1,0.0017273434537403323,0.0,0.0017273434537403323,0.0,0.0,False,True,True,True
PENTAGON,feasible,zob_sgda,2,0.0001700196313653573,9.509910746250246e-05,0.0001700196313653573,9.509910746250246e-05,0.0001700196313653573,False,True,True,True
PENTAGON,violation,zob_sgda,2,0.001772006233832095,0.0,0.001772006233832095,0.0,0.0,False,True,True,True
PENTAGON,feasible,zob_sgda,3,0.00016859227048250425,1.9464786379994436e-05,0.00016859227048250425,1.9464786379994436e-05,0.00016859227048250425,False,True,True,True
PENTAGON,violation,zob_sgda,3,0.002082930577391201,0.0,0.002082930577391201,0.0,0.0,False,True,True,True
PENTAGON,feasible,zob_sgda,4,0.0001671421534341904,7.431811568489943e-05,0.0001671421534341904,7.431811568489943e-05,0.0001671421534341904,False,True,True,True
PENTAGON,violation,zob_sgda,4,0.0019083845409853235,0.0,0.0019083845409853235,0.0,0.0,False,True,True,True
PENTAGON,feasible,zob_sgda,5,0.00017066632875627357,3.332599004632811e-05,0.00017066632875627357,3.332599004632811e-05,0.00017066632875627357,False,True,True,True
PENTAGON,violation,zob_sgda,5,0.0018558944512434266,0.0,0.0018558944512434266,0.0,0.0,False,True,True,True
PENTAGON,feasible,zob_sgda,6,0.00016791388512948143,2.5930558466841007e-05,0.00016791388512948143,2.5930558466841007e-05,0.00016791388512948143,False,True,True,True
PENTAGON,violation,zob_sgda,6,0.00198617383575824,0.0,0.00198617383575824,0.0,0.0,False,True,True,True
PENTAGON,feasible,zob_sgda,7,0.00016695153357987915,3.5610162147885586e-05,0.00016695153357987915,3.5610162147885586e-05,0.00016695153357987915,False,True,True,True
PENTAGON,violation,zob_sgda,7,0.001980285862314687,0.0,0.001980285862314687,0.0,0.0,False,True,True,True
PENTAGON,feasible,zob_sgda,8,0.00016645070325184367,3.6269256400296605e-05,0.00016645070325184367,3.6269256400296605e-05,0.00016645070325184367,False,True,True,True
PENTAGON,violation,zob_sgda,8,0.0018945535041550883,0.0,0.0018945535041550883,0.0,0.0,False,True,True,True
PENTAGON,feasible,zob_sgda,9,0.00016851473663450847,3.257407533286107e-05,0.00016851473663450847,3.257407533286107e-05,0.00016851473663450847,False,True,True,True
PENTAGON,violation,zob_sgda,9,0.002041513749393001,0.0,0.002041513749393001,0.0,0.0,False,True,True,True
PENTAGON,feasible,zob_sgda,10,0.0001710545394502956,3.9439972483051674e-05,0.0001710545394502956,3.9439972483051674e-05,0.0001710545394502956,False,True,True,True
PENTAGON,violation,zob_sgda,10,0.0018041615087782542,0.0,0.0018041615087782542,0.0,0.0,False,True,True,True
PENTAGON,feasible,zob_gda,1,0.00016063551335283383,4.353140629931267e-05,0.00016063551335283383,4.353140629931267e-05,0.00016063551335283383,False,True,True,True
PENTAGON,violation,zob_gda,1,0.0016033384785225945,0.0,0.0016033384785225945,0.0,0.0,False,True,True,True
PENTAGON,feasible,zob_gda,2,0.00016071001461756454,5.0836944570815776e-05,0.00016071001461756454,5.0836944570815776e-05,0.00016071001461756454,False,True,True,True
PENTAGON,violation,zob_gda,2,0.0017520969194823178,0.0,0.0017520969194823178,0.0,0.0,False,True,True,True
PENTAGON,feasible,zob_gda,3,0.00016088255203721886,7.473849056750044e-05,0.00016088255203721886,7.473849056750044e-05,0.00016088255203721886,False,True,True,True
PENTAGON,violation,zob_gda,3,0.0017179975997748285,0.0,0.0017179975997748285,0.0,0.0,False,True,True,True
PENTAGON,feasible,zob_gda,4,0.00016470259172025637,8.283981526311198e-05,0.00016470259172025637,8.283981526311198e-05,0.00016470259172025637,False,True,True,True
PENTAGON,violation,zob_gda,4,0.001669906773987673,0.0,0.001669906773987673,0.0,0.0,False,True,True,True
PENTAGON,feasible,zob_gda,5,0.00016064346453294778,7.047806462069238e-05,0.00016064346453294778,7.047806462069238e-05,0.00016064346453294778,False,True,True,True
PENTAGON,violation,zob_gda,5,0.0017673621231651452,0.0,0.0017673621231651452,0.0,0.0,False,True,True,True
PENTAGON,feasible,zob_gda,6,0.00015876716516474034,8.109054758919129e-05,0.00015876716516474034,8.109054758919129e-05,0.00015876716516474034,False,True,True,True
PENTAGON,violation,zob_gda,6,0.001693319657401697,0.0,0.001693319657401697,0.0,0.0,False,True,True,True
PENTAGON,feasible,zob_gda,7,0.00016157654342384946,9.945122874332315e-05,0.00016157654342384946,9.945122874332315e-05,0.00016157654342384946,False,True,True,True
PENTAGON,violation,zob_gda,7,0.0016741171913202675,0.0,0.0016741171913202675,0.0,0.0,False,True,True,True
PENTAGON,feasible,zob_gda,8,0.00016327075504055926,0.0,0.00016327075504055926,0.0,0.00016327075504055926,False,True,True,True
PENTAGON,violation,zob_gda,8,0.0016988714575099102,0.0,0.0016988714575099102,0.0,0.0,False,True,True,True
PENTAGON,feasible,zob_gda,9,0.00015974949531339042,1.3752606049040317e-05,0.00015974949531339042,1.3752606049040317e-05,0.00015974949531339042,False,True,True,True
PENTAGON,violation,zob_gda,9,0.0015537678721796672,0.0,0.0015537678721796672,0.0,0.0,False,True,True,True
PENTAGON,feasible,zob_gda,10,0.00015938799504857423,9.48999063175595e-05,0.00015938799504857423,9.48999063175595e-05,0.00015938799504857423,False,True,True,True
PENTAGON,violation,zob_gda,10,0.0015733169568443728,0.0,0.0015733169568443728,0.0,0.0,False,True,True,True
PENTAGON,feasible,nomad_default,1,0.002702331965305401,0.0,0.002702331965305401,0.0,0.002702331965305401,False,True,True,True
PENTAGON,violation,nomad_default,1,87684173.14709833,0.0,87684173.14709833,0.0,0.0,False,True,True,True
PENTAGON,feasible,nomad_default,2,0.0007766167388006814,0.0,0.0007766167388006814,0.0,0.0007766167388006814,False,True,True,True
PENTAGON,violation,nomad_default,2,449193.89146771753,0.0,449193.89146771753,0.0,0.0,False,True,True,True
PENTAGON,feasible,nomad_default,3,0.00020136095461931197,0.0,0.00020136095461931197,0.0,0.00020136095461931197,False,True,True,True
PENTAGON,violation,nomad_default,3,160641653804.48727,0.0,160641653804.48727,0.0,0.0,False,True,True,True
PENTAGON,feasible,nomad_default,4,0.0006520772047380961,0.0,0.0006520772047380961,0.0,0.0006520772047380961,False,True,True,True
PENTAGON,violation,nomad_default,4,5372.546508397274,0.0,5372.546508397274,0.0,0.0,False,True,True,True
PENTAGON,feasible,nomad_default,5,0.0014305971969302245,0.0,0.0014305971969302245,0.0,0.0014305971969302245,False,True,True,True
PENTAGON,violation,nomad_default,5,1.0358481989789376e+17,0.0,1.0358481989789376e+17,0.0,0.0,False,True,True,True
PENTAGON,feasible,nomad_default,6,0.0006520772047380961,0.0,0.0006520772047380961,0.0,0.0006520772047380961,False,True,True,True
PENTAGON,violation,nomad_default,6,5372.546508397274,0.0,5372.546508397274,0.0,0.0,False,True,True,True
PENTAGON,feasible,nomad_default,7,0.0014305971969302245,0.0,0.0014305971969302245,0.0,0.0014305971969302245,False,True,True,True
PENTAGON,violation,nomad_default,7,1.0358481989789376e+17,0.0,1.0358481989789376e+17,0.0,0.0,False,True,True,True
PENTAGON,feasible,nomad_default,8,0.0002278252867840902,2.3842139380201682e-05,0.0002278252867840902,2.3842139380201682e-05,0.0002278252867840902,False,True,True,True
PENTAGON,violation,nomad_default,8,3.811128382195019,0.0,3.811128382195019,0.0,0.0,False,True,True,True
PENTAGON,feasible,nomad_default,9,0.0025660096154152185,0.0,0.0025660096154152185,0.0,0.0025660096154152185,False,True,True,True
PENTAGON,violation,nomad_default,9,1486.0166421215763,0.0,1486.0166421215763,0.0,0.0,False,True,True,True
PENTAGON,feasible,nomad_default,10,0.0023093622151700807,0.0,0.0023093622151700807,0.0,0.0023093622151700807,False,True,True,True
PENTAGON,violation,nomad_default,10,10662.988477875431,0.0,10662.988477875431,0.0,0.0,False,True,True,True
PENTAGON,feasible,zoagp,1,0.0001504414409018851,4.747005716262403e-05,0.0001504414409018851,4.747005716262403e-05,0.0001504414409018851,False,True,True,True
PENTAGON,violation,zoagp,1,0.0008420666347002454,0.0,0.0008420666347002454,0.0,0.0,False,True,True,True
PENTAGON,feasible,zominmax,1,0.00014592048517055695,3.2612075144003655e-05,0.00014592048517055695,3.2612075144003655e-05,0.00014592048517055695,False,True,True,True
PENTAGON,violation,zominmax,1,0.000692843838071655,0.0,0.000692843838071655,0.0,0.0,False,True,True,True
PENTAGON,feasible,zominmax,2,0.00014407461429800106,6.974083819961069e-05,0.00014407461429800106,6.974083819961069e-05,0.00014407461429800106,False,True,True,True
PENTAGON,violation,zominmax,2,0.0006346730502070706,0.0,0.0006346730502070706,0.0,0.0,False,True,True,True
PENTAGON,feasible,zominmax,3,0.0001512016593949546,9.807709688434396e-05,0.0001512016593949546,9.807709688434396e-05,0.0001512016593949546,False,True,True,True
PENTAGON,violation,zominmax,3,0.0007991991973894633,0.0,0.0007991991973894633,0.0,0.0,False,True,True,True
PENTAGON,feasible,zominmax,4,0.00015061516359023098,3.886224803660958e-05,0.00015061516359023098,3.886224803660958e-05,0.00015061516359023098,False,True,True,True
PENTAGON,violation,zominmax,4,0.0004524847665374817,0.0,0.0004524847665374817,0.0,0.0,False,True,True,True
PENTAGON,feasible,zominmax,5,0.0001465367608516596,0.0,0.0001465367608516596,0.0,0.0001465367608516596,False,True,True,True
PENTAGON,violation,zominmax,5,0.0007711239121712617,0.0,0.0007711239121712617,0.0,0.0,False,True,True,True
PENTAGON,feasible,zominmax,6,0.00014347237356544527,3.350851283903454e-05,0.00014347237356544527,3.350851283903454e-05,0.00014347237356544527,False,True,True,True
PENTAGON,violation,zominmax,6,0.0008074730594462993,0.0,0.0008074730594462993,0.0,0.0,False,True,True,True
PENTAGON,feasible,zominmax,7,0.00015092824205644383,1.995453077684324e-05,0.00015092824205644383,1.995453077684324e-05,0.00015092824205644383,False,True,True,True
PENTAGON,violation,zominmax,7,0.0005775284172644863,0.0,0.0005775284172644863,0.0,0.0,False,True,True,True
PENTAGON,feasible,zominmax,8,0.000145425061059759,5.761253834548125e-05,0.000145425061059759,5.761253834548125e-05,0.000145425061059759,False,True,True,True
PENTAGON,violation,zominmax,8,0.000651515625358763,0.0,0.000651515625358763,0.0,0.0,False,True,True,True
PENTAGON,feasible,zominmax,9,0.00014927355962444222,0.0,0.00014927355962444222,0.0,0.00014927355962444222,False,True,True,True
PENTAGON,violation,zominmax,9,0.0005935754196534308,0.0,0.0005935754196534308,0.0,0.0,False,True,True,True
PENTAGON,feasible,zominmax,10,0.00014133423417567233,9.448538506262594e-05,0.00014133423417567233,9.448538506262594e-05,0.00014133423417567233,False,True,True,True
PENTAGON,violation,zominmax,10,0.0006292136547638689,0.0,0.0006292136547638689,0.0,0.0,False,True,True,True
PENTAGON,feasible,szo_conex,1,0.00043147080019966075,0.0,0.00043147080019966075,0.0,0.00043147080019966075,False,True,True,True
PENTAGON,violation,szo_conex,1,0.0018056703197246607,0.0,0.0018056703197246607,0.0,0.0,False,True,True,True
PENTAGON,feasible,szo_conex,2,0.0003728516530061817,0.0,0.0003728516530061817,0.0,0.0003728516530061817,False,True,True,True
PENTAGON,violation,szo_conex,2,0.0012012418397568407,0.0,0.0012012418397568407,0.0,0.0,False,True,True,True
PENTAGON,feasible,szo_conex,3,0.00042124554081050895,0.0,0.00042124554081050895,0.0,0.00042124554081050895,False,True,True,True
PENTAGON,violation,szo_conex,3,0.0013946898063414476,0.0,0.0013946898063414476,0.0,0.0,False,True,True,True
PENTAGON,feasible,szo_conex,4,0.0003703788737155261,0.0,0.0003703788737155261,0.0,0.0003703788737155261,False,True,True,True
PENTAGON,violation,szo_conex,4,0.0020590936422373047,0.0,0.0020590936422373047,0.0,0.0,False,True,True,True
PENTAGON,feasible,szo_conex,5,0.0004099952713998666,7.877133085457229e-05,0.0004099952713998666,7.877133085457229e-05,0.0004099952713998666,False,True,True,True
PENTAGON,violation,szo_conex,5,0.0005932677744057343,0.0,0.0005932677744057343,0.0,0.0,False,True,True,True
PENTAGON,feasible,szo_conex,6,0.00041935004701004156,0.0,0.00041935004701004156,0.0,0.00041935004701004156,False,True,True,True
PENTAGON,violation,szo_conex,6,0.0008933869304276164,0.0,0.0008933869304276164,0.0,0.0,False,True,True,True
PENTAGON,feasible,szo_conex,7,0.00040495184752690317,0.0,0.00040495184752690317,0.0,0.00040495184752690317,False,True,True,True
PENTAGON,violation,szo_conex,7,0.0017280036621736125,0.0,0.0017280036621736125,0.0,0.0,False,True,True,True
PENTAGON,feasible,szo_conex,8,0.00041279250136584347,0.0,0.00041279250136584347,0.0,0.00041279250136584347,False,True,True,True
PENTAGON,violation,szo_conex,8,0.0011343520448539974,0.0,0.0011343520448539974,0.0,0.0,False,True,True,True
PENTAGON,feasible,szo_conex,9,0.00039404465193138124,0.0,0.00039404465193138124,0.0,0.00039404465193138124,False,True,True,True
PENTAGON,violation,szo_conex,9,0.001595042150958105,0.0,0.001595042150958105,0.0,0.0,False,True,True,True
PENTAGON,feasible,szo_conex,10,0.0003833166143634156,0.0,0.0003833166143634156,0.0,0.0003833166143634156,False,True,True,True
PENTAGON,violation,szo_conex,10,0.0008869616076211455,0.0,0.0008869616076211455,0.0,0.0,False,True,True,True
HS100,reference,zominmax,7,0.9532612739143083,9.566062416647233e-05,0.9532612739143083,9.566062416647233e-05,0.9532612739143083,False,True,True,True
HS100,feasible,zob_sgda,1,0.9534036565668891,0.0,0.9534036565668891,0.0,0.9534036565668891,False,True,True,True
HS100,violation,zob_sgda,1,1.0,0.0,1.0,0.0,0.0,False,True,True,True
HS100,feasible,zob_sgda,2,0.9533920169390335,0.0,0.9533920169390335,0.0,0.9533920169390335,False,True,True,True
HS100,violation,zob_sgda,2,1.0,0.0,1.0,0.0,0.0,False,True,True,True
HS100,feasible,zob_sgda,3,0.953416609780354,0.0,0.953416609780354,0.0,0.953416609780354,False,True,True,True
HS100,violation,zob_sgda,3,1.0,0.0,1.0,0.0,0.0,False,True,True,True
HS100,feasible,zob_sgda,4,0.9533857172138507,0.0,0.9533857172138507,0.0,0.9533857172138507,False,True,True,True
HS100,violation,zob_sgda,4,1.0,0.0,1.0,0.0,0.0,False,True,True,True
HS100,feasible,zob_sgda,5,0.9533898322259367,0.0,0.9533898322259367,0.0,0.9533898322259367,False,True,True,True
HS100,violation,zob_sgda,5,1.0,0.0,1.0,0.0,0.0,False,True,True,True
HS100,feasible,zob_sgda,6,0.9534000730980186,0.0,0.9534000730980186,0.0,0.9534000730980186,False,True,True,True
HS100,violation,zob_sgda,6,1.0,0.0,1.0,0.0,0.0,False,True,True,True
HS100,feasible,zob_sgda,7,0.9533859924716969,5.7201531490136404e-05,0.9533859924716969,5.7201531490136404e-05,0.9533859924716969,False,True,True,True
HS100,violation,zob_sgda,7,1.0,0.0,1.0,0.0,0.0,False,True,True,True
HS100,feasible,zob_sgda,8,0.9533923660728866,4.930479273267653e-05,0.9533923660728866,4.930479273267653e-05,0.9533923660728866,False,True,True,True
HS100,violation,zob_sgda,8,1.0,0.0,1.0,0.0,0.0,False,True,True,True
HS100,feasible,zob_sgda,9,0.9533885274714404,0.0,0.9533885274714404,0.0,0.9533885274714404,False,True,True,True
HS100,violation,zob_sgda,9,1.0,0.0,1.0,0.0,0.0,False,True,True,True
HS100,feasible,zob_sgda,10,0.9534298898279415,0.0,0.9534298898279415,0.0,0.9534298898279415,False,True,True,True
HS100,violation,zob_sgda,10,1.0,0.0,1.0,0.0,0.0,False,True,True,True
HS100,feasible,zob_gda,1,0.9533329464781041,0.0,0.9533329464781041,0.0,0.9533329464781041,False,True,True,True
HS100,violation,zob_gda,1,1.0,0.0,1.0,0.0,0.0,False,True,True,True
HS100,feasible,zob_gda,2,0.9533146433974019,0.0,0.9533146433974019,0.0,0.9533146433974019,False,True,True,True
HS100,violation,zob_gda,2,1.0,0.0,1.0,0.0,0.0,False,True,True,True
HS100,feasible,zob_gda,3,0.9533188031926909,0.0,0.9533188031926909,0.0,0.9533188031926909,False,True,True,True
HS100,violation,zob_gda,3,1.0,0.0,1.0,0.0,0.0,False,True,True,True
HS100,feasible,zob_gda,4,0.953325087161918,0.0,0.953325087161918,0.0,0.953325087161918,False,True,True,True
HS100,violation,zob_gda,4,1.0,0.0,1.0,0.0,0.0,False,True,True,True
HS100,feasible,zob_gda,5,0.9533706937465112,0.0,0.9533706937465112,0.0,0.9533706937465112,False,True,True,True
HS100,violation,zob_gda,5,1.0,0.0,1.0,0.0,0.0,False,True,True,True
HS100,feasible,zob_gda,6,0.95334724308713,0.0,0.95334724308713,0.0,0.95334724308713,False,True,True,True
HS100,violation,zob_gda,6,1.0,0.0,1.0,0.0,0.0,False,True,True,True
HS100,feasible,zob_gda,7,0.9533082311536923,5.154995543950218e-05,0.9533082311536923,5.154995543950218e-05,0.9533082311536923,False,True,True,True
HS100,violation,zob_gda,7,1.0,0.0,1.0,0.0,0.0,False,True,True,True
HS100,feasible,zob_gda,8,0.9533538115549055,0.0,0.9533538115549055,0.0,0.9533538115549055,False,True,True,True
HS100,violation,zob_gda,8,1.0,0.0,1.0,0.0,0.0,False,True,True,True
HS100,feasible,zob_gda,9,0.953351255602186,0.0,0.953351255602186,0.0,0.953351255602186,False,True,True,True
HS100,violation,zob_gda,9,1.0,0.0,1.0,0.0,0.0,False,True,True,True
HS100,feasible,zob_gda,10,0.9533606660935802,0.0,0.9533606660935802,0.0,0.9533606660935802,False,True,True,True
HS100,violation,zob_gda,10,1.0,0.0,1.0,0.0,0.0,False,True,True,True
HS100,feasible,nomad_default,1,1.0,0.0,1.0,0.0,1.0,False,True,True,True
HS100,violation,nomad_default,1,1.0,0.0,1.0,0.0,0.0,False,True,True,True
HS100,feasible,nomad_default,2,1.0,0.0,1.0,0.0,1.0,False,True,True,True
HS100,violation,nomad_default,2,1.0,0.0,1.0,0.0,0.0,False,True,True,True
HS100,feasible,nomad_default,3,1.0,0.0,1.0,0.0,1.0,False,True,True,True
HS100,violation,nomad_default,3,1.0,0.0,1.0,0.0,0.0,False,True,True,True
HS100,feasible,nomad_default,4,1.0,0.0,1.0,0.0,1.0,False,True,True,True
HS100,violation,nomad_default,4,1.0,0.0,1.0,0.0,0.0,False,True,True,True
HS100,feasible,nomad_default,5,1.0,0.0,1.0,0.0,1.0,False,True,True,True
HS100,violation,nomad_default,5,1.0,0.0,1.0,0.0,0.0,False,True,True,True
HS100,feasible,nomad_default,6,1.0,0.0,1.0,0.0,1.0,False,True,True,True
HS100,violation,nomad_default,6,1.0,0.0,1.0,0.0,0.0,False,True,True,True
HS100,feasible,nomad_default,7,1.0,0.0,1.0,0.0,1.0,False,True,True,True
HS100,violation,nomad_default,7,1.0,0.0,1.0,0.0,0.0,False,True,True,True
HS100,feasible,nomad_default,8,1.0,0.0,1.0,0.0,1.0,False,True,True,True
HS100,violation,nomad_default,8,1.0,0.0,1.0,0.0,0.0,False,True,True,True
HS100,feasible,nomad_default,9,1.0,0.0,1.0,0.0,1.0,False,True,True,True
HS100,violation,nomad_default,9,1.0,0.0,1.0,0.0,0.0,False,True,True,True
HS100,feasible,nomad_default,10,1.0,0.0,1.0,0.0,1.0,False,True,True,True
HS100,violation,nomad_default,10,1.0,0.0,1.0,0.0,0.0,False,True,True,True
HS100,feasible,zoagp,1,0.9535021679851021,9.762236615419904e-05,0.9535021679851021,9.762236615419904e-05,0.9535021679851021,False,True,True,True
HS100,violation,zoagp,1,1.0,0.0,1.0,0.0,0.0,False,True,True,True
HS100,feasible,zominmax,1,0.9532614648718519,9.918391098787757e-05,0.9532614648718519,9.918391098787757e-05,0.9532614648718519,False,True,True,True
HS100,violation,zominmax,1,1.0,0.0,1.0,0.0,0.0,False,True,True,True
HS100,feasible,zominmax,2,0.9532614254573473,9.224727982261636e-05,0.9532614254573473,9.224727982261636e-05,0.9532614254573473,False,True,True,True
HS100,violation,zominmax,2,1.0,0.0,1.0,0.0,0.0,False,True,True,True
HS100,feasible,zominmax,3,0.9532615332864957,8.810423497161712e-05,0.9532615332864957,8.810423497161712e-05,0.9532615332864957,False,True,True,True
HS100,violation,zominmax,3,1.0,0.0,1.0,0.0,0.0,False,True,True,True
HS100,feasible,zominmax,4,0.9532618155222887,8.653082878359222e-05,0.9532618155222887,8.653082878359222e-05,0.9532618155222887,False,True,True,True
HS100,violation,zominmax,4,1.0,0.0,1.0,0.0,0.0,False,True,True,True
HS100,feasible,zominmax,5,0.9532614152102373,9.075573591570237e-05,0.9532614152102373,9.075573591570237e-05,0.9532614152102373,False,True,True,True
HS100,violation,zominmax,5,1.0,0.0,1.0,0.0,0.0,False,True,True,True
HS100,feasible,zominmax,6,0.9532614209531772,9.6634815054568e-05,0.9532614209531772,9.6634815054568e-05,0.9532614209531772,False,True,True,True
HS100,violation,zominmax,6,1.0,0.0,1.0,0.0,0.0,False,True,True,True
HS100,feasible,zominmax,7,0.9532612739143083,9.566062416647233e-05,0.9532612739143083,9.566062416647233e-05,0.9532612739143083,False,True,True,True
HS100,violation,zominmax,7,1.0,0.0,1.0,0.0,0.0,False,True,True,True
HS100,feasible,zominmax,8,0.9532612964189504,9.288502822904284e-05,0.9532612964189504,9.288502822904284e-05,0.9532612964189504,False,True,True,True
HS100,violation,zominmax,8,1.0,0.0,1.0,0.0,0.0,False,True,True,True
HS100,feasible,zominmax,9,0.9532613939049455,9.244926982996906e-05,0.9532613939049455,9.244926982996906e-05,0.9532613939049455,False,True,True,True
HS100,violation,zominmax,9,1.0,0.0,1.0,0.0,0.0,False,True,True,True
HS100,feasible,zominmax,10,0.9532615428234648,8.778763568428882e-05,0.9532615428234648,8.778763568428882e-05,0.9532615428234648,False,True,True,True
HS100,violation,zominmax,10,1.0,0.0,1.0,0.0,0.0,False,True,True,True
HS100,feasible,szo_conex,1,0.9546874864282986,0.0,0.9546874864282986,0.0,0.9546874864282986,False,True,True,True
HS100,violation,szo_conex,1,1.0,0.0,1.0,0.0,0.0,False,True,True,True
HS100,feasible,szo_conex,2,0.9610574123387556,0.0,0.9610574123387556,0.0,0.9610574123387556,False,True,True,True
HS100,violation,szo_conex,2,1.0,0.0,1.0,0.0,0.0,False,True,True,True
HS100,feasible,szo_conex,3,0.9574736793539662,0.0,0.9574736793539662,0.0,0.9574736793539662,False,True,True,True
HS100,violation,szo_conex,3,1.0,0.0,1.0,0.0,0.0,False,True,True,True
HS100,feasible,szo_conex,4,0.9550808830931823,0.0,0.9550808830931823,0.0,0.9550808830931823,False,True,True,True
HS100,violation,szo_conex,4,1.0,0.0,1.0,0.0,0.0,False,True,True,True
HS100,feasible,szo_conex,5,0.958873888104442,0.0,0.958873888104442,0.0,0.958873888104442,False,True,True,True
HS100,violation,szo_conex,5,1.0,0.0,1.0,0.0,0.0,False,True,True,True
HS100,feasible,szo_conex,6,0.9567695905671915,0.0,0.9567695905671915,0.0,0.9567695905671915,False,True,True,True
HS100,violation,szo_conex,6,1.0,0.0,1.0,0.0,0.0,False,True,True,True
HS100,feasible,szo_conex,7,0.9576367100144523,0.0,0.9576367100144523,0.0,0.9576367100144523,False,True,True,True
HS100,violation,szo_conex,7,1.0,0.0,1.0,0.0,0.0,False,True,True,True
HS100,feasible,szo_conex,8,0.9557394585551037,0.0,0.9557394585551037,0.0,0.9557394585551037,False,True,True,True
HS100,violation,szo_conex,8,1.0,0.0,1.0,0.0,0.0,False,True,True,True
HS100,feasible,szo_conex,9,0.9579985650005589,0.0,0.9579985650005589,0.0,0.9579985650005589,False,True,True,True
HS100,violation,szo_conex,9,1.0,0.0,1.0,0.0,0.0,False,True,True,True
HS100,feasible,szo_conex,10,0.957945252299629,0.0,0.957945252299629,0.0,0.957945252299629,False,True,True,True
HS100,violation,szo_conex,10,1.0,0.0,1.0,0.0,0.0,False,True,True,True
HS101,reference,nomad_default,4,0.8255540712375002,7.620641282678874e-05,0.8255540712375002,7.620641282678874e-05,0.8255540712375002,False,True,True,True
HS101,violation,zob_sgda,1,0.8802374433088709,0.007796744849904377,0.8802374433088709,0.007796744849904377,0.007796744849904377,False,True,True,True
HS101,violation,zob_sgda,2,1.0386910102014995,0.007986623187919546,1.0386910102014995,0.007986623187919546,0.007986623187919546,False,True,True,True
HS101,violation,zob_sgda,3,0.983196909895494,0.0076433341843593055,0.983196909895494,0.0076433341843593055,0.0076433341843593055,False,True,True,True
HS101,violation,zob_sgda,4,1.0519238841398901,0.010959112048870245,1.0519238841398901,0.010959112048870245,0.010959112048870245,False,True,True,True
HS101,violation,zob_sgda,5,1.2723065430332383,0.004758557000476107,1.2723065430332383,0.004758557000476107,0.004758557000476107,False,True,True,True
HS101,violation,zob_sgda,6,1.2184350224965645,0.0053009276300857045,1.2184350224965645,0.0053009276300857045,0.0053009276300857045,False,True,True,True
HS101,violation,zob_sgda,7,1.2436320994731649,0.006770951142652899,1.2436320994731649,0.006770951142652899,0.006770951142652899,False,True,True,True
HS101,violation,zob_sgda,8,0.8538581725281478,0.00976182820631653,0.8538581725281478,0.00976182820631653,0.00976182820631653,False,True,True,True
HS101,violation,zob_sgda,9,0.9139955791314324,0.00711320282167981,0.9139955791314324,0.00711320282167981,0.00711320282167981,False,True,True,True
HS101,violation,zob_sgda,10,0.9182530533616419,0.008275612931048651,0.9182530533616419,0.008275612931048651,0.008275612931048651,False,True,True,True
HS101,violation,zob_gda,1,1.0491962540133881,0.003062033515033389,1.0491962540133881,0.003062033515033389,0.003062033515033389,False,True,True,True
HS101,violation,zob_gda,2,0.7447432691619519,0.005672648579040603,0.7447432691619519,0.005672648579040603,0.005672648579040603,False,True,True,True
HS101,violation,zob_gda,3,1.1392086554136007,0.0035113896724385174,1.1392086554136007,0.0035113896724385174,0.0035113896724385174,False,True,True,True
HS101,violation,zob_gda,4,0.8687390176965654,0.006944992495359215,0.8687390176965654,0.006944992495359215,0.006944992495359215,False,True,True,True
HS101,violation,zob_gda,5,1.076039143359461,0.00325506806059446,1.076039143359461,0.00325506806059446,0.00325506806059446,False,True,True,True
HS101,violation,zob_gda,6,1.234649952763758,0.0035799587393862574,1.234649952763758,0.0035799587393862574,0.0035799587393862574,False,True,True,True
HS101,violation,zob_gda,7,0.898269929354039,0.0045206578975404525,0.898269929354039,0.0045206578975404525,0.0045206578975404525,False,True,True,True
HS101,violation,zob_gda,8,0.8108792021736471,0.007291702452898471,0.8108792021736471,0.007291702452898471,0.007291702452898471,False,True,True,True
HS101,violation,zob_gda,9,1.2596814336606603,0.005474676538399861,1.2596814336606603,0.005474676538399861,0.005474676538399861,False,True,True,True
HS101,violation,zob_gda,10,1.305883113140167,0.006546837198286287,1.305883113140167,0.006546837198286287,0.006546837198286287,False,True,True,True
HS101,feasible,nomad_default,1,0.934011960373265,9.10735522728279e-05,0.934011960373265,9.10735522728279e-05,0.934011960373265,False,True,True,True
HS101,violation,nomad_default,1,1.25434863946388,0.0,1.25434863946388,0.0,0.0,False,True,True,True
HS101,feasible,nomad_default,2,0.8272645171927493,8.456029845803895e-05,0.8272645171927493,8.456029845803895e-05,0.8272645171927493,False,True,True,True
HS101,violation,nomad_default,2,1.2877541563922335,0.0,1.2877541563922335,0.0,0.0,False,True,True,True
HS101,feasible,nomad_default,3,0.901219862462393,9.563882079741263e-05,0.901219862462393,9.563882079741263e-05,0.901219862462393,False,True,True,True
HS101,violation,nomad_default,3,1.3230378672365934,0.0,1.3230378672365934,0.0,0.0,False,True,True,True
HS101,feasible,nomad_default,4,0.8255540712375002,7.620641282678874e-05,0.8255540712375002,7.620641282678874e-05,0.8255540712375002,False,True,True,True
HS101,violation,nomad_default,4,1.166510959736601,0.0,1.166510959736601,0.0,0.0,False,True,True,True
HS101,feasible,nomad_default,5,0.8929664744044133,2.814331150459581e-06,0.8929664744044133,2.814331150459581e-06,0.8929664744044133,False,True,True,True
HS101,violation,nomad_default,5,1.2670246489592452,0.0,1.2670246489592452,0.0,0.0,False,True,True,True
HS101,feasible,nomad_default,6,0.8255540712375002,7.620641282678874e-05,0.8255540712375002,7.620641282678874e-05,0.8255540712375002,False,True,True,True
HS101,violation,nomad_default,6,1.166510959736601,0.0,1.166510959736601,0.0,0.0,False,True,True,True
HS101,feasible,nomad_default,7,0.8929664744044133,2.814331150459581e-06,0.8929664744044133,2.814331150459581e-06,0.8929664744044133,False,True,True,True
HS101,violation,nomad_default,7,1.2670246489592452,0.0,1.2670246489592452,0.0,0.0,False,True,True,True
HS101,feasible,nomad_default,8,0.8277409926866609,5.1880829361804105e-05,0.8277409926866609,5.1880829361804105e-05,0.8277409926866609,False,True,True,True
HS101,violation,nomad_default,8,1.158830724726295,0.0,1.158830724726295,0.0,0.0,False,True,True,True
HS101,feasible,nomad_default,9,0.95499547096449,9.348034204967402e-05,0.95499547096449,9.348034204967402e-05,0.95499547096449,False,True,True,True
HS101,violation,nomad_default,9,1.3377649488739154,0.0,1.3377649488739154,0.0,0.0,False,True,True,True
HS101,feasible,nomad_default,10,0.8577129867563342,8.200358911135708e-05,0.8577129867563342,8.200358911135708e-05,0.8577129867563342,False,True,True,True
HS101,violation,nomad_default,10,1.3554545863507779,0.0,1.3554545863507779,0.0,0.0,False,True,True,True
HS101,violation,zoagp,1,0.24690200886157807,0.03456824800109629,0.24690200886157807,0.03456824800109629,0.03456824800109629,False,True,True,True
HS101,violation,zominmax,1,0.16498863707576636,0.05766800244718509,0.16498863707576636,0.05766800244718509,0.05766800244718509,False,True,True,True
HS101,violation,zominmax,2,0.3733354529070736,0.04468813830937893,0.3733354529070736,0.04468813830937893,0.04468813830937893,False,True,True,True
HS101,violation,zominmax,3,0.35641462477681807,0.05447330204392274,0.35641462477681807,0.05447330204392274,0.05447330204392274,False,True,True,True
HS101,violation,zominmax,4,0.26380269132666895,0.07647925744715298,0.26380269132666895,0.07647925744715298,0.07647925744715298,False,True,True,True
HS101,violation,zominmax,5,0.23065368109896928,0.05259896384504299,0.23065368109896928,0.05259896384504299,0.05259896384504299,False,True,True,True
HS101,violation,zominmax,6,0.15129485370870935,0.07481415536844647,0.15129485370870935,0.07481415536844647,0.07481415536844647,False,True,True,True
HS101,violation,zominmax,7,0.14695708057662205,0.07839922398222463,0.14695708057662205,0.07839922398222463,0.07839922398222463,False,True,True,True
HS101,violation,zominmax,8,0.31966257267106984,0.06340227365995901,0.31966257267106984,0.06340227365995901,0.06340227365995901,False,True,True,True
HS101,violation,zominmax,9,0.1457286786552001,0.0930828706052825,0.1457286786552001,0.0930828706052825,0.0930828706052825,False,True,True,True
HS101,violation,zominmax,10,0.23904021503322667,0.06423684356723056,0.23904021503322667,0.06423684356723056,0.06423684356723056,False,True,True,True
HS101,violation,szo_conex,1,0.29279483894533576,0.059758353009922896,0.29279483894533576,0.059758353009922896,0.059758353009922896,False,True,True,True
HS101,violation,szo_conex,2,0.23950332540075794,0.09686698084588488,0.23950332540075794,0.09686698084588488,0.09686698084588488,False,True,True,True
HS101,violation,szo_conex,3,0.13816562247476025,0.11437649890710763,0.13816562247476025,0.11437649890710763,0.11437649890710763,False,True,True,True
HS101,violation,szo_conex,4,0.11899866542027643,0.13670727665562335,0.11899866542027643,0.13670727665562335,0.13670727665562335,False,True,True,True
HS101,violation,szo_conex,5,0.2866791791304049,0.06495227698907317,0.2866791791304049,0.06495227698907317,0.06495227698907317,False,True,True,True
HS101,violation,szo_conex,6,0.2856261172245727,0.06594601299631542,0.2856261172245727,0.06594601299631542,0.06594601299631542,False,True,True,True
HS101,violation,szo_conex,7,0.25335366242678914,0.12293232487570398,0.25335366242678914,0.12293232487570398,0.12293232487570398,False,True,True,True
HS101,violation,szo_conex,8,0.2500507641288249,0.11875765767698751,0.2500507641288249,0.11875765767698751,0.11875765767698751,False,True,True,True
HS101,violation,szo_conex,9,0.1296005345068659,0.12492591681733184,0.1296005345068659,0.12492591681733184,0.12492591681733184,False,True,True,True
HS101,violation,szo_conex,10,0.13604186527360748,0.13839009478113035,0.13604186527360748,0.13839009478113035,0.13839009478113035,False,True,True,True
HS106,reference,nomad_default,5,0.47131479482446115,5.0853832653723656e-05,0.47131479482446115,5.0853832653723656e-05,0.47131479482446115,False,True,True,True
HS106,feasible,zob_sgda,1,1.0000033940633837,0.0,1.0000033940633837,0.0,1.0000033940633837,False,True,True,True
HS106,violation,zob_sgda,1,1.000003495481489,0.0,1.000003495481489,0.0,0.0,False,True,True,True
HS106,feasible,zob_sgda,2,1.0000033775675758,0.0,1.0000033775675758,0.0,1.0000033775675758,False,True,True,True
HS106,violation,zob_sgda,2,1.0000033775675758,0.0,1.0000033775675758,0.0,0.0,False,True,True,True
HS106,feasible,zob_sgda,3,1.0000034600278107,0.0,1.0000034600278107,0.0,1.0000034600278107,False,True,True,True
HS106,violation,zob_sgda,3,1.0000034602608139,0.0,1.0000034602608139,0.0,0.0,False,True,True,True
HS106,feasible,zob_sgda,4,1.0000029628743894,6.665674653463066e-05,1.0000029628743894,6.665674653463066e-05,1.0000029628743894,False,True,True,True
HS106,violation,zob_sgda,4,1.000050261683582,0.0,1.000050261683582,0.0,0.0,False,True,True,True
HS106,feasible,zob_sgda,5,1.0000032204553173,0.0,1.0000032204553173,0.0,1.0000032204553173,False,True,True,True
HS106,violation,zob_sgda,5,1.0000032204553173,0.0,1.0000032204553173,0.0,0.0,False,True,True,True
HS106,feasible,zob_sgda,6,1.0000030734769756,0.0,1.0000030734769756,0.0,1.0000030734769756,False,True,True,True
HS106,violation,zob_sgda,6,1.000050151189863,0.0,1.000050151189863,0.0,0.0,False,True,True,True
HS106,feasible,zob_sgda,7,1.0000031636548508,0.0,1.0000031636548508,0.0,1.0000031636548508,False,True,True,True
HS106,violation,zob_sgda,7,1.0000031658836301,0.0,1.0000031658836301,0.0,0.0,False,True,True,True
HS106,feasible,zob_sgda,8,1.0000031720582658,0.0,1.0000031720582658,0.0,1.0000031720582658,False,True,True,True
HS106,violation,zob_sgda,8,1.0000031720582658,0.0,1.0000031720582658,0.0,0.0,False,True,True,True
HS106,feasible,zob_sgda,9,1.000003412589007,0.0,1.000003412589007,0.0,1.000003412589007,False,True,True,True
HS106,violation,zob_sgda,9,1.000003515752581,0.0,1.000003515752581,0.0,0.0,False,True,True,True
HS106,feasible,zob_sgda,10,1.0000031046003295,0.0,1.0000031046003295,0.0,1.0000031046003295,False,True,True,True
HS106,violation,zob_sgda,10,1.000003254924608,0.0,1.000003254924608,0.0,0.0,False,True,True,True
HS106,feasible,zob_gda,1,1.0000029438727485,0.0,1.0000029438727485,0.0,1.0000029438727485,False,True,True,True
HS106,violation,zob_gda,1,1.000003167825958,0.0,1.000003167825958,0.0,0.0,False,True,True,True
HS106,feasible,zob_gda,2,1.000003081225357,0.0,1.000003081225357,0.0,1.000003081225357,False,True,True,True
HS106,violation,zob_gda,2,1.000003081225357,0.0,1.000003081225357,0.0,0.0,False,True,True,True
HS106,feasible,zob_gda,3,1.0000034799834858,0.0,1.0000034799834858,0.0,1.0000034799834858,False,True,True,True
HS106,violation,zob_gda,3,1.0000034799834858,0.0,1.0000034799834858,0.0,0.0,False,True,True,True
HS106,feasible,zob_gda,4,1.0000023856893525,0.0,1.0000023856893525,0.0,1.0000023856893525,False,True,True,True
HS106,violation,zob_gda,4,1.000003017768781,0.0,1.000003017768781,0.0,0.0,False,True,True,True
HS106,feasible,zob_gda,5,1.0000027584918803,0.0,1.0000027584918803,0.0,1.0000027584918803,False,True,True,True
HS106,violation,zob_gda,5,1.000003054736772,0.0,1.000003054736772,0.0,0.0,False,True,True,True
HS106,feasible,zob_gda,6,1.0000023357366976,0.0,1.0000023357366976,0.0,1.0000023357366976,False,True,True,True
HS106,violation,zob_gda,6,1.000003136949694,0.0,1.000003136949694,0.0,0.0,False,True,True,True
HS106,feasible,zob_gda,7,1.0000027023340041,0.0,1.0000027023340041,0.0,1.0000027023340041,False,True,True,True
HS106,violation,zob_gda,7,1.0000530280305953,0.0,1.0000530280305953,0.0,0.0,False,True,True,True
HS106,feasible,zob_gda,8,1.0000023539596767,0.0,1.0000023539596767,0.0,1.0000023539596767,False,True,True,True
HS106,violation,zob_gda,8,1.0000023550263435,0.0,1.0000023550263435,0.0,0.0,False,True,True,True
HS106,feasible,zob_gda,9,1.000003126563544,0.0,1.000003126563544,0.0,1.000003126563544,False,True,True,True
HS106,violation,zob_gda,9,1.0000035416545145,0.0,1.0000035416545145,0.0,0.0,False,True,True,True
HS106,feasible,zob_gda,10,1.0000023070422324,0.0,1.0000023070422324,0.0,1.0000023070422324,False,True,True,True
HS106,violation,zob_gda,10,1.000003096562686,0.0,1.000003096562686,0.0,0.0,False,True,True,True
HS106,feasible,nomad_default,1,0.4723327715574521,6.575451212639298e-05,0.4723327715574521,6.575451212639298e-05,0.4723327715574521,False,True,True,True
HS106,violation,nomad_default,1,1.0266666666666666,0.0,1.0266666666666666,0.0,0.0,False,True,True,True
HS106,feasible,nomad_default,2,0.4759731718082632,3.640431249913689e-05,0.4759731718082632,3.640431249913689e-05,0.4759731718082632,False,True,True,True
HS106,violation,nomad_default,2,1.0933333333333333,0.0,1.0933333333333333,0.0,0.0,False,True,True,True
HS106,feasible,nomad_default,3,0.4758562386356332,3.7238475066343383e-06,0.4758562386356332,3.7238475066343383e-06,0.4758562386356332,False,True,True,True
HS106,violation,nomad_default,3,1.0,0.0,1.0,0.0,0.0,False,True,True,True
HS106,feasible,nomad_default,4,0.48073950848209435,6.9419911620978345e-06,0.48073950848209435,6.9419911620978345e-06,0.48073950848209435,False,True,True,True
HS106,violation,nomad_default,4,1.0133333333333334,0.0,1.0133333333333334,0.0,0.0,False,True,True,True
HS106,feasible,nomad_default,5,0.47131479482446115,5.0853832653723656e-05,0.47131479482446115,5.0853832653723656e-05,0.47131479482446115,False,True,True,True
HS106,violation,nomad_default,5,1.0,0.0,1.0,0.0,0.0,False,True,True,True
HS106,feasible,nomad_default,6,0.48073950848209435,6.9419911620978345e-06,0.48073950848209435,6.9419911620978345e-06,0.48073950848209435,False,True,True,True
HS106,violation,nomad_default,6,1.0133333333333334,0.0,1.0133333333333334,0.0,0.0,False,True,True,True
HS106,feasible,nomad_default,7,0.47131479482446115,5.0853832653723656e-05,0.47131479482446115,5.0853832653723656e-05,0.47131479482446115,False,True,True,True
HS106,violation,nomad_default,7,1.0,0.0,1.0,0.0,0.0,False,True,True,True
HS106,feasible,nomad_default,8,0.47345398757975343,1.1151060617305055e-05,0.47345398757975343,1.1151060617305055e-05,0.47345398757975343,False,True,True,True
HS106,violation,nomad_default,8,0.98,0.0,0.98,0.0,0.0,False,True,True,True
HS106,feasible,nomad_default,9,0.4777108553599672,9.958268200288399e-05,0.4777108553599672,9.958268200288399e-05,0.4777108553599672,False,True,True,True
HS106,violation,nomad_default,9,1.0066666666666666,0.0,1.0066666666666666,0.0,0.0,False,True,True,True
HS106,feasible,nomad_default,10,0.47864558579584854,9.230458123608298e-05,0.47864558579584854,9.230458123608298e-05,0.47864558579584854,False,True,True,True
HS106,violation,nomad_default,10,0.6933333333333334,0.0,0.6933333333333334,0.0,0.0,False,True,True,True
HS106,feasible,zoagp,1,0.9999914637852615,0.0,0.9999914637852615,0.0,0.9999914637852615,False,True,True,True
HS106,violation,zoagp,1,1.0000030533695679,0.0,1.0000030533695679,0.0,0.0,False,True,True,True
HS106,feasible,zominmax,1,1.0000320752591307,0.0,1.0000320752591307,0.0,1.0000320752591307,False,True,True,True
HS106,violation,zominmax,1,1.0000339566455128,0.0,1.0000339566455128,0.0,0.0,False,True,True,True
HS106,feasible,zominmax,2,1.0000230106143153,0.0,1.0000230106143153,0.0,1.0000230106143153,False,True,True,True
HS106,violation,zominmax,2,1.000029558566762,0.0,1.000029558566762,0.0,0.0,False,True,True,True
HS106,feasible,zominmax,3,0.9999725568983892,0.0,0.9999725568983892,0.0,0.9999725568983892,False,True,True,True
HS106,violation,zominmax,3,1.00004525490876,0.0,1.00004525490876,0.0,0.0,False,True,True,True
HS106,feasible,zominmax,4,0.9999909307824929,0.0,0.9999909307824929,0.0,0.9999909307824929,False,True,True,True
HS106,violation,zominmax,4,1.0000168535710785,0.0,1.0000168535710785,0.0,0.0,False,True,True,True
HS106,feasible,zominmax,5,0.9998805642526039,0.0,0.9998805642526039,0.0,0.9998805642526039,False,True,True,True
HS106,violation,zominmax,5,0.9999693551394506,0.0,0.9999693551394506,0.0,0.0,False,True,True,True
HS106,feasible,zominmax,6,0.9999307729142791,0.0,0.9999307729142791,0.0,0.9999307729142791,False,True,True,True
HS106,violation,zominmax,6,0.9999331900117977,0.0,0.9999331900117977,0.0,0.0,False,True,True,True
HS106,feasible,zominmax,7,1.000598800016812,0.0,1.000598800016812,0.0,1.000598800016812,False,True,True,True
HS106,violation,zominmax,7,1.0006132309805607,0.0,1.0006132309805607,0.0,0.0,False,True,True,True
HS106,feasible,zominmax,8,1.0003757132822255,0.0,1.0003757132822255,0.0,1.0003757132822255,False,True,True,True
HS106,violation,zominmax,8,1.0003992399333943,0.0,1.0003992399333943,0.0,0.0,False,True,True,True
HS106,feasible,zominmax,9,1.0007380803029906,0.0,1.0007380803029906,0.0,1.0007380803029906,False,True,True,True
HS106,violation,zominmax,9,1.0007719842753993,0.0,1.0007719842753993,0.0,0.0,False,True,True,True
HS106,feasible,zominmax,10,0.9997580384884809,0.0,0.9997580384884809,0.0,0.9997580384884809,False,True,True,True
HS106,violation,zominmax,10,0.9997836628483715,0.0,0.9997836628483715,0.0,0.0,False,True,True,True
HS106,violation,szo_conex,1,0.9999993102379294,0.9988132325930968,0.9999993102379294,0.9988132325930968,0.9988132325930968,False,True,True,True
HS106,feasible,szo_conex,2,1.0000501260022432,0.0,1.0000501260022432,0.0,1.0000501260022432,False,True,True,True
HS106,violation,szo_conex,2,1.0001029941983344,0.0,1.0001029941983344,0.0,0.0,False,True,True,True
HS106,violation,szo_conex,3,0.9895763949406962,0.19084194667120208,0.9895763949406962,0.19084194667120208,0.19084194667120208,False,True,True,True
HS106,violation,szo_conex,4,0.9999998414885672,0.9975806403863877,0.9999998414885672,0.9975806403863877,0.9975806403863877,False,True,True,True
HS106,feasible,szo_conex,5,0.9990237985451421,0.0,0.9990237985451421,0.0,0.9990237985451421,False,True,True,True
HS106,violation,szo_conex,5,0.9990251978759546,0.0,0.9990251978759546,0.0,0.0,False,True,True,True
HS106,violation,szo_conex,6,0.9991675527475042,0.6162081323463693,0.9991675527475042,0.6162081323463693,0.6162081323463693,False,True,True,True
HS106,violation,szo_conex,7,1.0000001730215546,0.9976869344427641,1.0000001730215546,0.9976869344427641,0.9976869344427641,False,True,True,True
HS106,violation,szo_conex,8,0.9999999881011652,0.9976617244212125,0.9999999881011652,0.9976617244212125,0.9976617244212125,False,True,True,True
HS106,violation,szo_conex,9,0.9999998830391609,0.9973299450646061,0.9999998830391609,0.9973299450646061,0.9973299450646061,False,True,True,True
HS106,violation,szo_conex,10,0.9995885991799502,0.4101423219892941,0.9995885991799502,0.4101423219892941,0.4101423219892941,False,True,True,True
HS104,reference,zob_gda,101,1.0800716807364836,9.794212944071693e-05,1.0800716807364836,9.794212944071693e-05,1.0800716807364836,False,True,True,True
HS104,feasible,zob_sgda,1,1.0803274497018098,9.876335007038643e-05,1.0803274497018098,9.876335007038643e-05,1.0803274497018098,False,True,True,True
HS104,violation,zob_sgda,1,1.0804824175190637,4.192600402272427e-05,1.0804824175190637,4.192600402272427e-05,4.192600402272427e-05,False,True,True,True
HS104,feasible,zob_sgda,2,1.0802784535725611,9.939083916251101e-05,1.0802784535725611,9.939083916251101e-05,1.0802784535725611,False,True,True,True
HS104,violation,zob_sgda,2,1.0804693591019126,3.7778860610600054e-05,1.0804693591019126,3.7778860610600054e-05,3.7778860610600054e-05,False,True,True,True
HS104,feasible,zob_sgda,3,1.0803390860128856,9.715587767028579e-05,1.0803390860128856,9.715587767028579e-05,1.0803390860128856,False,True,True,True
HS104,violation,zob_sgda,3,1.1189828122026948,0.0,1.1189828122026948,0.0,0.0,False,True,True,True
HS104,feasible,zob_sgda,4,1.0803135699289133,9.72802156624921e-05,1.0803135699289133,9.72802156624921e-05,1.0803135699289133,False,True,True,True
HS104,violation,zob_sgda,4,1.1371940558257665,0.0,1.1371940558257665,0.0,0.0,False,True,True,True
HS104,feasible,zob_sgda,5,1.080367246073012,9.322115892711587e-05,1.080367246073012,9.322115892711587e-05,1.080367246073012,False,True,True,True
HS104,violation,zob_sgda,5,1.1128709974681588,4.2401060516976754e-05,1.1128709974681588,4.2401060516976754e-05,4.2401060516976754e-05,False,True,True,True
HS104,feasible,zob_sgda,6,1.0803558766895254,9.801603928452426e-05,1.0803558766895254,9.801603928452426e-05,1.0803558766895254,False,True,True,True
HS104,violation,zob_sgda,6,1.1373306719690093,0.0,1.1373306719690093,0.0,0.0,False,True,True,True
HS104,feasible,zob_sgda,7,1.0803198766799451,9.535713166888126e-05,1.0803198766799451,9.535713166888126e-05,1.0803198766799451,False,True,True,True
HS104,violation,zob_sgda,7,1.1413254588065749,0.0,1.1413254588065749,0.0,0.0,False,True,True,True
HS104,feasible,zob_sgda,8,1.0803461583835035,9.979293706782947e-05,1.0803461583835035,9.979293706782947e-05,1.0803461583835035,False,True,True,True
HS104,violation,zob_sgda,8,1.1417182441329157,0.0,1.1417182441329157,0.0,0.0,False,True,True,True
HS104,feasible,zob_sgda,9,1.0802951753396839,9.725868634815548e-05,1.0802951753396839,9.725868634815548e-05,1.0802951753396839,False,True,True,True
HS104,violation,zob_sgda,9,1.116226744330496,0.0,1.116226744330496,0.0,0.0,False,True,True,True
HS104,feasible,zob_sgda,10,1.080356425300357,9.948841865700771e-05,1.080356425300357,9.948841865700771e-05,1.080356425300357,False,True,True,True
HS104,violation,zob_sgda,10,1.1175108565190572,0.0,1.1175108565190572,0.0,0.0,False,True,True,True
HS104,feasible,zob_gda,1,1.1266548403098555,0.0,1.1266548403098555,0.0,1.1266548403098555,False,True,True,True
HS104,violation,zob_gda,1,1.126858136092616,0.0,1.126858136092616,0.0,0.0,False,True,True,True
HS104,feasible,zob_gda,2,1.080793226435816,9.885645377656471e-05,1.080793226435816,9.885645377656471e-05,1.080793226435816,False,True,True,True
HS104,violation,zob_gda,2,1.1327526951507352,0.0,1.1327526951507352,0.0,0.0,False,True,True,True
HS104,feasible,zob_gda,3,1.0820763041482977,0.0,1.0820763041482977,0.0,1.0820763041482977,False,True,True,True
HS104,violation,zob_gda,3,1.144747975197844,0.0,1.144747975197844,0.0,0.0,False,True,True,True
HS104,feasible,zob_gda,4,1.0808227150110103,2.2603705836758192e-05,1.0808227150110103,2.2603705836758192e-05,1.0808227150110103,False,True,True,True
HS104,violation,zob_gda,4,1.1473564350549268,0.0,1.1473564350549268,0.0,0.0,False,True,True,True
HS104,feasible,zob_gda,5,1.0807032790709143,7.272720903722307e-05,1.0807032790709143,7.272720903722307e-05,1.0807032790709143,False,True,True,True
HS104,violation,zob_gda,5,1.1360583291311535,0.0,1.1360583291311535,0.0,0.0,False,True,True,True
HS104,feasible,zob_gda,6,1.081687065989616,8.965344317467056e-05,1.081687065989616,8.965344317467056e-05,1.081687065989616,False,True,True,True
HS104,violation,zob_gda,6,1.1471118257724349,0.0,1.1471118257724349,0.0,0.0,False,True,True,True
HS104,feasible,zob_gda,7,1.0807761731540084,5.7328263027074056e-05,1.0807761731540084,5.7328263027074056e-05,1.0807761731540084,False,True,True,True
HS104,violation,zob_gda,7,1.131992859310535,0.0,1.131992859310535,0.0,0.0,False,True,True,True
HS104,feasible,zob_gda,8,1.0881754273482527,9.682796691722306e-05,1.0881754273482527,9.682796691722306e-05,1.0881754273482527,False,True,True,True
HS104,violation,zob_gda,8,1.1410514181038895,0.0,1.1410514181038895,0.0,0.0,False,True,True,True
HS104,feasible,zob_gda,9,1.0804591031175985,2.479623681431802e-05,1.0804591031175985,2.479623681431802e-05,1.0804591031175985,False,True,True,True
HS104,violation,zob_gda,9,1.133807341423107,0.0,1.133807341423107,0.0,0.0,False,True,True,True
HS104,feasible,zob_gda,10,1.0804186692224518,7.801999511678495e-05,1.0804186692224518,7.801999511678495e-05,1.0804186692224518,False,True,True,True
HS104,violation,zob_gda,10,1.1363842521845584,0.0,1.1363842521845584,0.0,0.0,False,True,True,True
HS104,feasible,nomad_default,1,1.0974508559945408,7.556508899022646e-05,1.0974508559945408,7.556508899022646e-05,1.0974508559945408,False,True,True,True
HS104,violation,nomad_default,1,1.141193616667832,0.0,1.141193616667832,0.0,0.0,False,True,True,True
HS104,feasible,nomad_default,2,1.0811232483687707,8.246650674595995e-05,1.0811232483687707,8.246650674595995e-05,1.0811232483687707,False,True,True,True
HS104,violation,nomad_default,2,1.1222527658019559,0.0,1.1222527658019559,0.0,0.0,False,True,True,True
HS104,feasible,nomad_default,3,1.0841116224884306,3.1602202069125857e-05,1.0841116224884306,3.1602202069125857e-05,1.0841116224884306,False,True,True,True
HS104,violation,nomad_default,3,1.1396693261359863,0.0,1.1396693261359863,0.0,0.0,False,True,True,True
HS104,feasible,nomad_default,4,1.0825679152799674,7.56952730283764e-05,1.0825679152799674,7.56952730283764e-05,1.0825679152799674,False,True,True,True
HS104,violation,nomad_default,4,1.1470867485533989,0.0,1.1470867485533989,0.0,0.0,False,True,True,True
HS104,feasible,nomad_default,5,1.0852070488699979,9.976550659019836e-05,1.0852070488699979,9.976550659019836e-05,1.0852070488699979,False,True,True,True
HS104,violation,nomad_default,5,1.1342081631508758,0.0,1.1342081631508758,0.0,0.0,False,True,True,True
HS104,feasible,nomad_default,6,1.0825679152799674,7.56952730283764e-05,1.0825679152799674,7.56952730283764e-05,1.0825679152799674,False,True,True,True
HS104,violation,nomad_default,6,1.1470867485533989,0.0,1.1470867485533989,0.0,0.0,False,True,True,True
HS104,feasible,nomad_default,7,1.0852070488699979,9.976550659019836e-05,1.0852070488699979,9.976550659019836e-05,1.0852070488699979,False,True,True,True
HS104,violation,nomad_default,7,1.1342081631508758,0.0,1.1342081631508758,0.0,0.0,False,True,True,True
HS104,feasible,nomad_default,8,1.0834949724507732,7.108504452172562e-05,1.0834949724507732,7.108504452172562e-05,1.0834949724507732,False,True,True,True
HS104,violation,nomad_default,8,1.1470619313833836,0.0,1.1470619313833836,0.0,0.0,False,True,True,True
HS104,feasible,nomad_default,9,1.085091592538869,8.635501262447229e-05,1.085091592538869,8.635501262447229e-05,1.085091592538869,False,True,True,True
HS104,violation,nomad_default,9,1.1373987234003493,0.0,1.1373987234003493,0.0,0.0,False,True,True,True
HS104,feasible,nomad_default,10,1.0829056073772843,7.967141946227995e-05,1.0829056073772843,7.967141946227995e-05,1.0829056073772843,False,True,True,True
HS104,violation,nomad_default,10,1.1445118955077525,0.0,1.1445118955077525,0.0,0.0,False,True,True,True
HS104,violation,zoagp,1,1.1408864391806295,0.0062218147719083775,1.1408864391806295,0.0062218147719083775,0.0062218147719083775,False,True,True,True
HS104,feasible,zominmax,1,1.1373634093458538,0.0,1.1373634093458538,0.0,1.1373634093458538,False,True,True,True
HS104,violation,zominmax,1,1.1480837823822077,0.0,1.1480837823822077,0.0,0.0,False,True,True,True
HS104,feasible,zominmax,2,1.1417403472831007,0.0,1.1417403472831007,0.0,1.1417403472831007,False,True,True,True
HS104,violation,zominmax,2,1.1417403472831007,0.0,1.1417403472831007,0.0,0.0,False,True,True,True
HS104,violation,zominmax,3,1.1503176921387819,0.008383351780283627,1.1503176921387819,0.008383351780283627,0.008383351780283627,False,True,True,True
HS104,feasible,zominmax,4,1.1393460571665504,0.0,1.1393460571665504,0.0,1.1393460571665504,False,True,True,True
HS104,violation,zominmax,4,1.1458882141491398,0.0,1.1458882141491398,0.0,0.0,False,True,True,True
HS104,feasible,zominmax,5,1.1454215792337339,0.0,1.1454215792337339,0.0,1.1454215792337339,False,True,True,True
HS104,violation,zominmax,5,1.1471659813011197,0.0,1.1471659813011197,0.0,0.0,False,True,True,True
HS104,feasible,zominmax,6,1.137591774214316,0.0,1.137591774214316,0.0,1.137591774214316,False,True,True,True
HS104,violation,zominmax,6,1.1474385407581433,0.0,1.1474385407581433,0.0,0.0,False,True,True,True
HS104,feasible,zominmax,7,1.141677902705031,0.0,1.141677902705031,0.0,1.141677902705031,False,True,True,True
HS104,violation,zominmax,7,1.1426831177053196,0.0,1.1426831177053196,0.0,0.0,False,True,True,True
HS104,feasible,zominmax,8,1.1422308943866715,0.0,1.1422308943866715,0.0,1.1422308943866715,False,True,True,True
HS104,violation,zominmax,8,1.1428268079081592,0.0,1.1428268079081592,0.0,0.0,False,True,True,True
HS104,feasible,zominmax,9,1.1337580972721597,0.0,1.1337580972721597,0.0,1.1337580972721597,False,True,True,True
HS104,violation,zominmax,9,1.1414207412370296,0.0,1.1414207412370296,0.0,0.0,False,True,True,True
HS104,violation,zominmax,10,1.1494943339103572,0.007005928519288377,1.1494943339103572,0.007005928519288377,0.007005928519288377,False,True,True,True
HS104,violation,szo_conex,1,1.1556076262799375,0.03487367023679982,1.1556076262799375,0.03487367023679982,0.03487367023679982,False,True,True,True
HS104,violation,szo_conex,2,1.138241963714667,0.014179591430634417,1.138241963714667,0.014179591430634417,0.014179591430634417,False,True,True,True
HS104,violation,szo_conex,3,1.1420494379959247,0.04925296846303163,1.1420494379959247,0.04925296846303163,0.04925296846303163,False,True,True,True
HS104,violation,szo_conex,4,1.150300745119724,0.007070487836885242,1.150300745119724,0.007070487836885242,0.007070487836885242,False,True,True,True
HS104,violation,szo_conex,5,1.154359859680956,0.02492945373091925,1.154359859680956,0.02492945373091925,0.02492945373091925,False,True,True,True
HS104,violation,szo_conex,6,1.1604326897669326,0.11354092057290001,1.1604326897669326,0.11354092057290001,0.11354092057290001,False,True,True,True
HS104,violation,szo_conex,7,1.1589890581991495,0.039113135128375866,1.1589890581991495,0.039113135128375866,0.039113135128375866,False,True,True,True
HS104,violation,szo_conex,8,0.9014512944373765,0.13276562049254872,0.9014512944373765,0.13276562049254872,0.13276562049254872,False,True,True,True
HS104,violation,szo_conex,9,1.1478044464089483,0.014387427251744325,1.1478044464089483,0.014387427251744325,0.014387427251744325,False,True,True,True
HS104,violation,szo_conex,10,1.1403985422380798,0.015465904421449028,1.1403985422380798,0.015465904421449028,0.015465904421449028,False,True,True,True
HS108,reference,zob_gda,101,-0.8661014013574926,9.682107612909996e-05,-0.8661014013574926,9.682107612909996e-05,-0.8661014013574926,False,True,True,True
HS108,feasible,zob_sgda,1,-0.8641486685965325,6.56743335931409e-05,-0.8641486685965325,6.56743335931409e-05,-0.8641486685965325,False,True,True,True
HS108,violation,zob_sgda,1,-0.48288224293713194,0.0,-0.48288224293713194,0.0,0.0,False,True,True,True
HS108,feasible,zob_sgda,2,-0.8622535427204354,0.0,-0.8622535427204354,0.0,-0.8622535427204354,False,True,True,True
HS108,violation,zob_sgda,2,-0.47058172454558145,0.0,-0.47058172454558145,0.0,0.0,False,True,True,True
HS108,feasible,zob_sgda,3,-0.8660815073209811,9.374649379018107e-05,-0.8660815073209811,9.374649379018107e-05,-0.8660815073209811,False,True,True,True
HS108,violation,zob_sgda,3,-0.7278964559265593,0.0,-0.7278964559265593,0.0,0.0,False,True,True,True
HS108,feasible,zob_sgda,4,-0.8660892468092976,9.810907227025822e-05,-0.8660892468092976,9.810907227025822e-05,-0.8660892468092976,False,True,True,True
HS108,violation,zob_sgda,4,-0.8206433779495158,0.0,-0.8206433779495158,0.0,0.0,False,True,True,True
HS108,feasible,zob_sgda,5,-0.8660740509021869,9.911049648747561e-05,-0.8660740509021869,9.911049648747561e-05,-0.8660740509021869,False,True,True,True
HS108,violation,zob_sgda,5,-0.7331314255027473,0.0,-0.7331314255027473,0.0,0.0,False,True,True,True
HS108,feasible,zob_sgda,6,-0.8660762788485646,9.733138057055335e-05,-0.8660762788485646,9.733138057055335e-05,-0.8660762788485646,False,True,True,True
HS108,violation,zob_sgda,6,-0.7250330544934398,0.0,-0.7250330544934398,0.0,0.0,False,True,True,True
HS108,feasible,zob_sgda,7,-0.8659878768349043,7.617129302975312e-05,-0.8659878768349043,7.617129302975312e-05,-0.8659878768349043,False,True,True,True
HS108,violation,zob_sgda,7,-0.4769802688440795,0.0,-0.4769802688440795,0.0,0.0,False,True,True,True
HS108,feasible,zob_sgda,8,-0.8628681909968672,0.0,-0.8628681909968672,0.0,-0.8628681909968672,False,True,True,True
HS108,violation,zob_sgda,8,-0.4723911220383711,0.0,-0.4723911220383711,0.0,0.0,False,True,True,True
HS108,feasible,zob_sgda,9,-0.8660737757013255,9.15268490225829e-05,-0.8660737757013255,9.15268490225829e-05,-0.8660737757013255,False,True,True,True
HS108,violation,zob_sgda,9,-0.663200901106065,0.0,-0.663200901106065,0.0,0.0,False,True,True,True
HS108,feasible,zob_sgda,10,-0.8660743371874129,9.981351547174583e-05,-0.8660743371874129,9.981351547174583e-05,-0.8660743371874129,False,True,True,True
HS108,violation,zob_sgda,10,-0.7033336704678442,0.0,-0.7033336704678442,0.0,0.0,False,True,True,True
HS108,feasible,zob_gda,1,-0.49997551875566854,9.52364986996912e-05,-0.49997551875566854,9.52364986996912e-05,-0.49997551875566854,False,True,True,True
HS108,violation,zob_gda,1,-0.4451527358520283,0.0,-0.4451527358520283,0.0,0.0,False,True,True,True
HS108,feasible,zob_gda,2,-0.8515637599410051,0.0,-0.8515637599410051,0.0,-0.8515637599410051,False,True,True,True
HS108,violation,zob_gda,2,-0.48372206720069916,0.0,-0.48372206720069916,0.0,0.0,False,True,True,True
HS108,feasible,zob_gda,3,-0.8550011643934776,0.0,-0.8550011643934776,0.0,-0.8550011643934776,False,True,True,True
HS108,violation,zob_gda,3,-0.8004484253461357,0.0,-0.8004484253461357,0.0,0.0,False,True,True,True
HS108,feasible,zob_gda,4,-0.8414072476010914,0.0,-0.8414072476010914,0.0,-0.8414072476010914,False,True,True,True
HS108,violation,zob_gda,4,-0.4124174383593174,0.0,-0.4124174383593174,0.0,0.0,False,True,True,True
HS108,feasible,zob_gda,5,-0.848363905062897,0.0,-0.848363905062897,0.0,-0.848363905062897,False,True,True,True
HS108,violation,zob_gda,5,-0.7804773042273395,0.0,-0.7804773042273395,0.0,0.0,False,True,True,True
HS108,feasible,zob_gda,6,-0.8456762076607801,0.0,-0.8456762076607801,0.0,-0.8456762076607801,False,True,True,True
HS108,violation,zob_gda,6,-0.6025712186722556,0.0,-0.6025712186722556,0.0,0.0,False,True,True,True
HS108,feasible,zob_gda,7,-0.8400942947137344,0.0,-0.8400942947137344,0.0,-0.8400942947137344,False,True,True,True
HS108,violation,zob_gda,7,-0.40862498392148583,0.0,-0.40862498392148583,0.0,0.0,False,True,True,True
HS108,feasible,zob_gda,8,-0.8477487337312593,0.0,-0.8477487337312593,0.0,-0.8477487337312593,False,True,True,True
HS108,violation,zob_gda,8,-0.5316826740322232,0.0,-0.5316826740322232,0.0,0.0,False,True,True,True
HS108,feasible,zob_gda,9,-0.8547524584375263,0.0,-0.8547524584375263,0.0,-0.8547524584375263,False,True,True,True
HS108,violation,zob_gda,9,-0.6179144112902489,0.0,-0.6179144112902489,0.0,0.0,False,True,True,True
HS108,feasible,zob_gda,10,-0.8491219179123334,0.0,-0.8491219179123334,0.0,-0.8491219179123334,False,True,True,True
HS108,violation,zob_gda,10,-0.7307266466127313,0.0,-0.7307266466127313,0.0,0.0,False,True,True,True
HS108,violation,nomad_default,1,0.0,1.0,0.0,1.0,1.0,False,True,True,True
HS108,violation,nomad_default,2,0.0,1.0,0.0,1.0,1.0,False,True,True,True
HS108,violation,nomad_default,3,0.0,1.0,0.0,1.0,1.0,False,True,True,True
HS108,violation,nomad_default,4,0.0,1.0,0.0,1.0,1.0,False,True,True,True
HS108,violation,nomad_default,5,0.0,1.0,0.0,1.0,1.0,False,True,True,True
HS108,violation,nomad_default,6,0.0,1.0,0.0,1.0,1.0,False,True,True,True
HS108,violation,nomad_default,7,0.0,1.0,0.0,1.0,1.0,False,True,True,True
HS108,violation,nomad_default,8,0.0,1.0,0.0,1.0,1.0,False,True,True,True
HS108,violation,nomad_default,9,0.0,1.0,0.0,1.0,1.0,False,True,True,True
HS108,violation,nomad_default,10,0.0,1.0,0.0,1.0,1.0,False,True,True,True
HS108,feasible,zoagp,1,-0.7883076844003374,0.0,-0.7883076844003374,0.0,-0.7883076844003374,False,True,True,True
HS108,violation,zoagp,1,-0.5792845825839825,0.0,-0.5792845825839825,0.0,0.0,False,True,True,True
HS108,feasible,zominmax,1,-0.8433400743807595,2.490706515176842e-05,-0.8433400743807595,2.490706515176842e-05,-0.8433400743807595,False,True,True,True
HS108,violation,zominmax,1,-0.24366286851168178,0.0,-0.24366286851168178,0.0,0.0,False,True,True,True
HS108,feasible,zominmax,2,-0.8515040579595727,0.0,-0.8515040579595727,0.0,-0.8515040579595727,False,True,True,True
HS108,violation,zominmax,2,-0.6607640121031398,0.0,-0.6607640121031398,0.0,0.0,False,True,True,True
HS108,feasible,zominmax,3,-0.8339990657426491,0.0,-0.8339990657426491,0.0,-0.8339990657426491,False,True,True,True
HS108,violation,zominmax,3,-0.48137830327273534,0.0,-0.48137830327273534,0.0,0.0,False,True,True,True
HS108,feasible,zominmax,4,-0.8642868235395196,1.250981103834381e-05,-0.8642868235395196,1.250981103834381e-05,-0.8642868235395196,False,True,True,True
HS108,violation,zominmax,4,-0.43473937390280626,0.0,-0.43473937390280626,0.0,0.0,False,True,True,True
HS108,feasible,zominmax,5,-0.8509664502519523,0.0,-0.8509664502519523,0.0,-0.8509664502519523,False,True,True,True
HS108,violation,zominmax,5,-0.4076403619879021,0.0,-0.4076403619879021,0.0,0.0,False,True,True,True
HS108,feasible,zominmax,6,-0.8629187844957537,0.0,-0.8629187844957537,0.0,-0.8629187844957537,False,True,True,True
HS108,violation,zominmax,6,-0.19080200391511923,0.0,-0.19080200391511923,0.0,0.0,False,True,True,True
HS108,feasible,zominmax,7,-0.8304429877998651,0.0,-0.8304429877998651,0.0,-0.8304429877998651,False,True,True,True
HS108,violation,zominmax,7,-0.6929444583522957,0.0,-0.6929444583522957,0.0,0.0,False,True,True,True
HS108,feasible,zominmax,8,-0.8623811771314918,0.0,-0.8623811771314918,0.0,-0.8623811771314918,False,True,True,True
HS108,violation,zominmax,8,-0.20838374038064578,0.0,-0.20838374038064578,0.0,0.0,False,True,True,True
HS108,feasible,zominmax,9,-0.8054614441055811,0.0,-0.8054614441055811,0.0,-0.8054614441055811,False,True,True,True
HS108,violation,zominmax,9,-0.2831268803980172,0.0,-0.2831268803980172,0.0,0.0,False,True,True,True
HS108,feasible,zominmax,10,-0.8562810846683959,7.421024443841493e-05,-0.8562810846683959,7.421024443841493e-05,-0.8562810846683959,False,True,True,True
HS108,violation,zominmax,10,-0.45569455919121893,0.0,-0.45569455919121893,0.0,0.0,False,True,True,True
HS108,feasible,szo_conex,1,-0.6694745869876522,0.0,-0.6694745869876522,0.0,-0.6694745869876522,False,True,True,True
HS108,violation,szo_conex,1,-0.3431558555105483,0.0,-0.3431558555105483,0.0,0.0,False,True,True,True
HS108,feasible,szo_conex,2,-0.559650303389418,9.473685446963645e-05,-0.559650303389418,9.473685446963645e-05,-0.559650303389418,False,True,True,True
HS108,violation,szo_conex,2,-0.4848841415821092,0.0,-0.4848841415821092,0.0,0.0,False,True,True,True
HS108,feasible,szo_conex,3,-0.5290130894123559,0.0,-0.5290130894123559,0.0,-0.5290130894123559,False,True,True,True
HS108,violation,szo_conex,3,-0.18061073115586607,0.0,-0.18061073115586607,0.0,0.0,False,True,True,True
HS108,feasible,szo_conex,4,-0.5594101216410235,8.137350288559091e-05,-0.5594101216410235,8.137350288559091e-05,-0.5594101216410235,False,True,True,True
HS108,violation,szo_conex,4,-0.4506985064786597,0.0,-0.4506985064786597,0.0,0.0,False,True,True,True
HS108,feasible,szo_conex,5,-0.5362650775441212,3.181646021722242e-05,-0.5362650775441212,3.181646021722242e-05,-0.5362650775441212,False,True,True,True
HS108,violation,szo_conex,5,-0.23131274021992693,0.0,-0.23131274021992693,0.0,0.0,False,True,True,True
HS108,feasible,szo_conex,6,-0.5349620431095842,0.0,-0.5349620431095842,0.0,-0.5349620431095842,False,True,True,True
HS108,violation,szo_conex,6,-0.5238644851761591,0.0,-0.5238644851761591,0.0,0.0,False,True,True,True
HS108,feasible,szo_conex,7,-0.6235217704613052,0.0,-0.6235217704613052,0.0,-0.6235217704613052,False,True,True,True
HS108,violation,szo_conex,7,-0.33420251314594573,0.0,-0.33420251314594573,0.0,0.0,False,True,True,True
HS108,feasible,szo_conex,8,-0.5717233988359197,0.0,-0.5717233988359197,0.0,-0.5717233988359197,False,True,True,True
HS108,violation,szo_conex,8,-0.3814854764492296,0.0,-0.3814854764492296,0.0,0.0,False,True,True,True
HS108,feasible,szo_conex,9,-0.49075773716053084,0.0,-0.49075773716053084,0.0,-0.49075773716053084,False,True,True,True
HS108,violation,szo_conex,9,-0.19104769054542295,0.0,-0.19104769054542295,0.0,0.0,False,True,True,True
HS108,feasible,szo_conex,10,-0.4399515752612003,0.0,-0.4399515752612003,0.0,-0.4399515752612003,False,True,True,True
HS108,violation,szo_conex,10,-0.14819160023480032,0.0,-0.14819160023480032,0.0,0.0,False,True,True,True
HS113,reference,zob_gda,101,0.03231228788204475,7.358125262452457e-05,0.03231228788204475,7.358125262452457e-05,0.03231228788204475,False,True,True,True
HS113,feasible,zob_sgda,1,0.04375206630187181,0.0,0.04375206630187181,0.0,0.04375206630187181,False,True,True,True
HS113,violation,zob_sgda,1,1.0,0.0,1.0,0.0,0.0,False,True,True,True
HS113,feasible,zob_sgda,2,0.04440132156736194,9.845441840456759e-05,0.04440132156736194,9.845441840456759e-05,0.04440132156736194,False,True,True,True
HS113,violation,zob_sgda,2,1.0,0.0,1.0,0.0,0.0,False,True,True,True
HS113,feasible,zob_sgda,3,0.043896492663581026,0.0,0.043896492663581026,0.0,0.043896492663581026,False,True,True,True
HS113,violation,zob_sgda,3,1.0,0.0,1.0,0.0,0.0,False,True,True,True
HS113,feasible,zob_sgda,4,0.04398996427249782,4.096773341692265e-05,0.04398996427249782,4.096773341692265e-05,0.04398996427249782,False,True,True,True
HS113,violation,zob_sgda,4,1.0,0.0,1.0,0.0,0.0,False,True,True,True
HS113,feasible,zob_sgda,5,0.043622212809774505,1.7760449314785376e-05,0.043622212809774505,1.7760449314785376e-05,0.043622212809774505,False,True,True,True
HS113,violation,zob_sgda,5,1.0,0.0,1.0,0.0,0.0,False,True,True,True
HS113,feasible,zob_sgda,6,0.043665050726726024,2.701362811974306e-05,0.043665050726726024,2.701362811974306e-05,0.043665050726726024,False,True,True,True
HS113,violation,zob_sgda,6,1.0,0.0,1.0,0.0,0.0,False,True,True,True
HS113,feasible,zob_sgda,7,0.04393035064419928,6.284301609227327e-05,0.04393035064419928,6.284301609227327e-05,0.04393035064419928,False,True,True,True
HS113,violation,zob_sgda,7,1.0,0.0,1.0,0.0,0.0,False,True,True,True
HS113,feasible,zob_sgda,8,0.04363567541814936,7.452713538585716e-05,0.04363567541814936,7.452713538585716e-05,0.04363567541814936,False,True,True,True
HS113,violation,zob_sgda,8,1.0,0.0,1.0,0.0,0.0,False,True,True,True
HS113,feasible,zob_sgda,9,0.04396511968570157,7.835026895423407e-05,0.04396511968570157,7.835026895423407e-05,0.04396511968570157,False,True,True,True
HS113,violation,zob_sgda,9,1.0,0.0,1.0,0.0,0.0,False,True,True,True
HS113,feasible,zob_sgda,10,0.04375003342606122,1.0535551612152267e-05,0.04375003342606122,1.0535551612152267e-05,0.04375003342606122,False,True,True,True
HS113,violation,zob_sgda,10,1.0,0.0,1.0,0.0,0.0,False,True,True,True
HS113,feasible,zob_gda,1,0.03602371127369447,0.0,0.03602371127369447,0.0,0.03602371127369447,False,True,True,True
HS113,violation,zob_gda,1,1.0,0.0,1.0,0.0,0.0,False,True,True,True
HS113,feasible,zob_gda,2,0.03702258921981197,0.0,0.03702258921981197,0.0,0.03702258921981197,False,True,True,True
HS113,violation,zob_gda,2,1.0,0.0,1.0,0.0,0.0,False,True,True,True
HS113,feasible,zob_gda,3,0.03638998861244001,0.0,0.03638998861244001,0.0,0.03638998861244001,False,True,True,True
HS113,violation,zob_gda,3,1.0,0.0,1.0,0.0,0.0,False,True,True,True
HS113,feasible,zob_gda,4,0.036590473389520456,0.0,0.036590473389520456,0.0,0.036590473389520456,False,True,True,True
HS113,violation,zob_gda,4,1.0,0.0,1.0,0.0,0.0,False,True,True,True
HS113,feasible,zob_gda,5,0.03641558257677595,6.304534657205114e-05,0.03641558257677595,6.304534657205114e-05,0.03641558257677595,False,True,True,True
HS113,violation,zob_gda,5,1.0,0.0,1.0,0.0,0.0,False,True,True,True
HS113,feasible,zob_gda,6,0.036276147762021586,0.0,0.036276147762021586,0.0,0.036276147762021586,False,True,True,True
HS113,violation,zob_gda,6,1.0,0.0,1.0,0.0,0.0,False,True,True,True
HS113,feasible,zob_gda,7,0.036624680346299156,2.5587802667814683e-07,0.036624680346299156,2.5587802667814683e-07,0.036624680346299156,False,True,True,True
HS113,violation,zob_gda,7,1.0,0.0,1.0,0.0,0.0,False,True,True,True
HS113,feasible,zob_gda,8,0.03644613378568402,0.0,0.03644613378568402,0.0,0.03644613378568402,False,True,True,True
HS113,violation,zob_gda,8,1.0,0.0,1.0,0.0,0.0,False,True,True,True
HS113,feasible,zob_gda,9,0.036531718078082,0.0,0.036531718078082,0.0,0.036531718078082,False,True,True,True
HS113,violation,zob_gda,9,1.0,0.0,1.0,0.0,0.0,False,True,True,True
HS113,feasible,zob_gda,10,0.0361608440652055,0.0,0.0361608440652055,0.0,0.0361608440652055,False,True,True,True
HS113,violation,zob_gda,10,1.0,0.0,1.0,0.0,0.0,False,True,True,True
HS113,feasible,nomad_default,1,1.0,0.0,1.0,0.0,1.0,False,True,True,True
HS113,violation,nomad_default,1,1.0,0.0,1.0,0.0,0.0,False,True,True,True
HS113,feasible,nomad_default,2,1.0,0.0,1.0,0.0,1.0,False,True,True,True
HS113,violation,nomad_default,2,1.0,0.0,1.0,0.0,0.0,False,True,True,True
HS113,feasible,nomad_default,3,1.0,0.0,1.0,0.0,1.0,False,True,True,True
HS113,violation,nomad_default,3,1.0,0.0,1.0,0.0,0.0,False,True,True,True
HS113,feasible,nomad_default,4,1.0,0.0,1.0,0.0,1.0,False,True,True,True
HS113,violation,nomad_default,4,1.0,0.0,1.0,0.0,0.0,False,True,True,True
HS113,feasible,nomad_default,5,1.0,0.0,1.0,0.0,1.0,False,True,True,True
HS113,violation,nomad_default,5,1.0,0.0,1.0,0.0,0.0,False,True,True,True
HS113,feasible,nomad_default,6,1.0,0.0,1.0,0.0,1.0,False,True,True,True
HS113,violation,nomad_default,6,1.0,0.0,1.0,0.0,0.0,False,True,True,True
HS113,feasible,nomad_default,7,1.0,0.0,1.0,0.0,1.0,False,True,True,True
HS113,violation,nomad_default,7,1.0,0.0,1.0,0.0,0.0,False,True,True,True
HS113,feasible,nomad_default,8,1.0,0.0,1.0,0.0,1.0,False,True,True,True
HS113,violation,nomad_default,8,1.0,0.0,1.0,0.0,0.0,False,True,True,True
HS113,feasible,nomad_default,9,1.0,0.0,1.0,0.0,1.0,False,True,True,True
HS113,violation,nomad_default,9,1.0,0.0,1.0,0.0,0.0,False,True,True,True
HS113,feasible,nomad_default,10,1.0,0.0,1.0,0.0,1.0,False,True,True,True
HS113,violation,nomad_default,10,1.0,0.0,1.0,0.0,0.0,False,True,True,True
HS113,feasible,zoagp,1,0.05048276887549299,0.0,0.05048276887549299,0.0,0.05048276887549299,False,True,True,True
HS113,violation,zoagp,1,1.0,0.0,1.0,0.0,0.0,False,True,True,True
HS113,feasible,zominmax,1,0.03241874556949992,7.928570277097211e-05,0.03241874556949992,7.928570277097211e-05,0.03241874556949992,False,True,True,True
HS113,violation,zominmax,1,1.0,0.0,1.0,0.0,0.0,False,True,True,True
HS113,feasible,zominmax,2,0.03242542211103284,8.633386476017266e-05,0.03242542211103284,8.633386476017266e-05,0.03242542211103284,False,True,True,True
HS113,violation,zominmax,2,1.0,0.0,1.0,0.0,0.0,False,True,True,True
HS113,feasible,zominmax,3,0.03236136502724207,9.443930331938035e-05,0.03236136502724207,9.443930331938035e-05,0.03236136502724207,False,True,True,True
HS113,violation,zominmax,3,1.0,0.0,1.0,0.0,0.0,False,True,True,True
HS113,feasible,zominmax,4,0.03238161595667723,9.29913763097274e-05,0.03238161595667723,9.29913763097274e-05,0.03238161595667723,False,True,True,True
HS113,violation,zominmax,4,1.0,0.0,1.0,0.0,0.0,False,True,True,True
HS113,feasible,zominmax,5,0.03242175049160249,9.672068098424317e-05,0.03242175049160249,9.672068098424317e-05,0.03242175049160249,False,True,True,True
HS113,violation,zominmax,5,1.0,0.0,1.0,0.0,0.0,False,True,True,True
HS113,feasible,zominmax,6,0.03243539746680257,9.394823098887172e-05,0.03243539746680257,9.394823098887172e-05,0.03243539746680257,False,True,True,True
HS113,violation,zominmax,6,1.0,0.0,1.0,0.0,0.0,False,True,True,True
HS113,feasible,zominmax,7,0.03248078711937242,1.169805639735905e-05,0.03248078711937242,1.169805639735905e-05,0.03248078711937242,False,True,True,True
HS113,violation,zominmax,7,1.0,0.0,1.0,0.0,0.0,False,True,True,True
HS113,feasible,zominmax,8,0.03241770080541015,0.0,0.03241770080541015,0.0,0.03241770080541015,False,True,True,True
HS113,violation,zominmax,8,1.0,0.0,1.0,0.0,0.0,False,True,True,True
HS113,feasible,zominmax,9,0.03243105601261763,1.2226839078088858e-05,0.03243105601261763,1.2226839078088858e-05,0.03243105601261763,False,True,True,True
HS113,violation,zominmax,9,1.0,0.0,1.0,0.0,0.0,False,True,True,True
HS113,feasible,zominmax,10,0.032426062905342605,7.92991463094183e-05,0.032426062905342605,7.92991463094183e-05,0.032426062905342605,False,True,True,True
HS113,violation,zominmax,10,1.0,0.0,1.0,0.0,0.0,False,True,True,True
HS113,feasible,szo_conex,1,0.2568053191583798,0.0,0.2568053191583798,0.0,0.2568053191583798,False,True,True,True
HS113,violation,szo_conex,1,1.0,0.0,1.0,0.0,0.0,False,True,True,True
HS113,feasible,szo_conex,2,0.2342489263996854,0.0,0.2342489263996854,0.0,0.2342489263996854,False,True,True,True
HS113,violation,szo_conex,2,1.0,0.0,1.0,0.0,0.0,False,True,True,True
HS113,feasible,szo_conex,3,0.27442308781634045,0.0,0.27442308781634045,0.0,0.27442308781634045,False,True,True,True
HS113,violation,szo_conex,3,1.0,0.0,1.0,0.0,0.0,False,True,True,True
HS113,feasible,szo_conex,4,0.2691756485903595,0.0,0.2691756485903595,0.0,0.2691756485903595,False,True,True,True
HS113,violation,szo_conex,4,1.0,0.0,1.0,0.0,0.0,False,True,True,True
HS113,feasible,szo_conex,5,0.2830742440142583,0.0,0.2830742440142583,0.0,0.2830742440142583,False,True,True,True
HS113,violation,szo_conex,5,1.0,0.0,1.0,0.0,0.0,False,True,True,True
HS113,feasible,szo_conex,6,0.24698592289057905,0.0,0.24698592289057905,0.0,0.24698592289057905,False,True,True,True
HS113,violation,szo_conex,6,1.0,0.0,1.0,0.0,0.0,False,True,True,True
HS113,feasible,szo_conex,7,0.26750232543318575,0.0,0.26750232543318575,0.0,0.26750232543318575,False,True,True,True
HS113,violation,szo_conex,7,1.0,0.0,1.0,0.0,0.0,False,True,True,True
HS113,feasible,szo_conex,8,0.2550770033842664,0.0,0.2550770033842664,0.0,0.2550770033842664,False,True,True,True
HS113,violation,szo_conex,8,1.0,0.0,1.0,0.0,0.0,False,True,True,True
HS113,feasible,szo_conex,9,0.24984574032876047,0.0,0.24984574032876047,0.0,0.24984574032876047,False,True,True,True
HS113,violation,szo_conex,9,1.0,0.0,1.0,0.0,0.0,False,True,True,True
HS113,feasible,szo_conex,10,0.22671194556708124,0.0,0.22671194556708124,0.0,0.22671194556708124,False,True,True,True
HS113,violation,szo_conex,10,1.0,0.0,1.0,0.0,0.0,False,True,True,True
POLAK3,reference,zob_gda,101,5.937116242531552,5.8758290117038834e-05,5.937116242531552,5.8758290117038834e-05,5.937116242531552,False,True,True,True
POLAK3,feasible,zob_sgda,1,6.233734487110121,0.0,6.233734487110121,0.0,6.233734487110121,False,True,True,True
POLAK3,violation,zob_sgda,1,7.496161448795384,0.0,7.496161448795384,0.0,0.0,False,True,True,True
POLAK3,feasible,zob_sgda,2,6.164179101975341,0.0,6.164179101975341,0.0,6.164179101975341,False,True,True,True
POLAK3,violation,zob_sgda,2,7.415626623875565,0.0,7.415626623875565,0.0,0.0,False,True,True,True
POLAK3,feasible,zob_sgda,3,6.264113271198923,0.0,6.264113271198923,0.0,6.264113271198923,False,True,True,True
POLAK3,violation,zob_sgda,3,7.477453470586386,0.0,7.477453470586386,0.0,0.0,False,True,True,True
POLAK3,feasible,zob_sgda,4,6.178447387868574,0.0,6.178447387868574,0.0,6.178447387868574,False,True,True,True
POLAK3,violation,zob_sgda,4,7.4478254559446935,0.0,7.4478254559446935,0.0,0.0,False,True,True,True
POLAK3,feasible,zob_sgda,5,6.110035928288783,0.0,6.110035928288783,0.0,6.110035928288783,False,True,True,True
POLAK3,violation,zob_sgda,5,7.467857404387941,0.0,7.467857404387941,0.0,0.0,False,True,True,True
POLAK3,feasible,zob_sgda,6,6.118291517330041,0.0,6.118291517330041,0.0,6.118291517330041,False,True,True,True
POLAK3,violation,zob_sgda,6,7.48082820360993,0.0,7.48082820360993,0.0,0.0,False,True,True,True
POLAK3,feasible,zob_sgda,7,6.168205637445411,0.0,6.168205637445411,0.0,6.168205637445411,False,True,True,True
POLAK3,violation,zob_sgda,7,7.4633677430457395,0.0,7.4633677430457395,0.0,0.0,False,True,True,True
POLAK3,feasible,zob_sgda,8,6.370857979234353,0.0,6.370857979234353,0.0,6.370857979234353,False,True,True,True
POLAK3,violation,zob_sgda,8,7.553890853709026,0.0,7.553890853709026,0.0,0.0,False,True,True,True
POLAK3,feasible,zob_sgda,9,6.352561619719191,0.0,6.352561619719191,0.0,6.352561619719191,False,True,True,True
POLAK3,violation,zob_sgda,9,7.542348931774938,0.0,7.542348931774938,0.0,0.0,False,True,True,True
POLAK3,feasible,zob_sgda,10,6.089937932975961,3.653197972410796e-05,6.089937932975961,3.653197972410796e-05,6.089937932975961,False,True,True,True
POLAK3,violation,zob_sgda,10,7.459754919265099,0.0,7.459754919265099,0.0,0.0,False,True,True,True
POLAK3,feasible,zob_gda,1,5.9745108893459955,0.0,5.9745108893459955,0.0,5.9745108893459955,False,True,True,True
POLAK3,violation,zob_gda,1,7.674551294994082,0.0,7.674551294994082,0.0,0.0,False,True,True,True
POLAK3,feasible,zob_gda,2,5.962400188957397,0.0,5.962400188957397,0.0,5.962400188957397,False,True,True,True
POLAK3,violation,zob_gda,2,7.63259997121477,0.0,7.63259997121477,0.0,0.0,False,True,True,True
POLAK3,feasible,zob_gda,3,5.971647102992335,0.0,5.971647102992335,0.0,5.971647102992335,False,True,True,True
POLAK3,violation,zob_gda,3,7.7169380313137195,0.0,7.7169380313137195,0.0,0.0,False,True,True,True
POLAK3,feasible,zob_gda,4,5.990828592513154,0.0,5.990828592513154,0.0,5.990828592513154,False,True,True,True
POLAK3,violation,zob_gda,4,7.715995844121745,0.0,7.715995844121745,0.0,0.0,False,True,True,True
POLAK3,feasible,zob_gda,5,6.051441858822772,0.0,6.051441858822772,0.0,6.051441858822772,False,True,True,True
POLAK3,violation,zob_gda,5,7.645990457266757,0.0,7.645990457266757,0.0,0.0,False,True,True,True
POLAK3,feasible,zob_gda,6,6.038235713404711,9.685209776193298e-05,6.038235713404711,9.685209776193298e-05,6.038235713404711,False,True,True,True
POLAK3,violation,zob_gda,6,7.713118604592697,0.0,7.713118604592697,0.0,0.0,False,True,True,True
POLAK3,feasible,zob_gda,7,5.998022653293478,0.0,5.998022653293478,0.0,5.998022653293478,False,True,True,True
POLAK3,violation,zob_gda,7,7.6860714141467295,0.0,7.6860714141467295,0.0,0.0,False,True,True,True
POLAK3,feasible,zob_gda,8,6.023316538384219,0.0,6.023316538384219,0.0,6.023316538384219,False,True,True,True
POLAK3,violation,zob_gda,8,7.658055022835658,0.0,7.658055022835658,0.0,0.0,False,True,True,True
POLAK3,feasible,zob_gda,9,6.038284214456828,6.345368458644155e-05,6.038284214456828,6.345368458644155e-05,6.038284214456828,False,True,True,True
POLAK3,violation,zob_gda,9,7.713478241656811,0.0,7.713478241656811,0.0,0.0,False,True,True,True
POLAK3,feasible,zob_gda,10,5.950654203422341,4.3076035382123466e-05,5.950654203422341,4.3076035382123466e-05,5.950654203422341,False,True,True,True
POLAK3,violation,zob_gda,10,7.68785197650606,0.0,7.68785197650606,0.0,0.0,False,True,True,True
POLAK3,feasible,nomad_default,1,2e+19,0.0,2e+19,0.0,2e+19,True,True,True,True
POLAK3,violation,nomad_default,1,2e+19,0.0,2e+19,0.0,0.0,True,True,True,True
POLAK3,feasible,nomad_default,2,2e+19,0.0,2e+19,0.0,2e+19,True,True,True,True
POLAK3,violation,nomad_default,2,2e+19,0.0,2e+19,0.0,0.0,True,True,True,True
POLAK3,feasible,nomad_default,3,1e+19,0.0,1e+19,0.0,1e+19,True,True,True,True
POLAK3,violation,nomad_default,3,1e+19,0.0,1e+19,0.0,0.0,True,True,True,True
POLAK3,feasible,nomad_default,4,2e+19,0.0,2e+19,0.0,2e+19,True,True,True,True
POLAK3,violation,nomad_default,4,2e+19,0.0,2e+19,0.0,0.0,True,True,True,True
POLAK3,violation,nomad_default,5,1.0,1.0,1.0,1.0,1.0,False,True,True,True
POLAK3,feasible,nomad_default,6,2e+19,0.0,2e+19,0.0,2e+19,True,True,True,True
POLAK3,violation,nomad_default,6,2e+19,0.0,2e+19,0.0,0.0,True,True,True,True
POLAK3,violation,nomad_default,7,1.0,1.0,1.0,1.0,1.0,False,True,True,True
POLAK3,feasible,nomad_default,8,1e+19,0.0,1e+19,0.0,1e+19,True,True,True,True
POLAK3,violation,nomad_default,8,1e+19,0.0,1e+19,0.0,0.0,True,True,True,True
POLAK3,feasible,nomad_default,9,5e+18,0.0,5e+18,0.0,5e+18,True,True,True,True
POLAK3,violation,nomad_default,9,5e+18,0.0,5e+18,0.0,0.0,True,True,True,True
POLAK3,feasible,nomad_default,10,1e+19,0.0,1e+19,0.0,1e+19,True,True,True,True
POLAK3,violation,nomad_default,10,1e+19,0.0,1e+19,0.0,0.0,True,True,True,True
POLAK3,violation,zoagp,1,-1.7443529383204048,0.4354207065863634,-1.7443529383204048,0.4354207065863634,0.4354207065863634,False,True,True,True
POLAK3,violation,zominmax,1,-4.163765171440339,0.6887047610925824,-4.163765171440339,0.6887047610925824,0.6887047610925824,False,True,True,True
POLAK3,violation,zominmax,2,1.0,1.0,1.0,1.0,1.0,False,True,True,True
POLAK3,violation,zominmax,3,-2.1805116096718837,0.4898106953449394,-2.1805116096718837,0.4898106953449394,0.4898106953449394,False,True,True,True
POLAK3,violation,zominmax,4,-2.3002804497102023,0.6108847746856451,-2.3002804497102023,0.6108847746856451,0.6108847746856451,False,True,True,True
POLAK3,violation,zominmax,5,-0.8997245269508541,0.5277004025677063,-0.8997245269508541,0.5277004025677063,0.5277004025677063,False,True,True,True
POLAK3,violation,zominmax,6,-1.9670361946320973,0.6827339240600272,-1.9670361946320973,0.6827339240600272,0.6827339240600272,False,True,True,True
POLAK3,violation,zominmax,7,-2.391718974197306,0.5682824922945746,-2.391718974197306,0.5682824922945746,0.5682824922945746,False,True,True,True
POLAK3,violation,zominmax,8,0.9998052603137303,0.9943153521349697,0.9998052603137303,0.9943153521349697,0.9943153521349697,False,True,True,True
POLAK3,violation,zominmax,9,1.0,1.0,1.0,1.0,1.0,False,True,True,True
POLAK3,violation,zominmax,10,-0.7761479739727287,0.6545467184559114,-0.7761479739727287,0.6545467184559114,0.6545467184559114,False,True,True,True
POLAK3,violation,szo_conex,1,-1.959775592854071,0.4313546181286552,-1.959775592854071,0.4313546181286552,0.4313546181286552,False,True,True,True
POLAK3,violation,szo_conex,2,-1.7061696678292604,0.4023165531338843,-1.7061696678292604,0.4023165531338843,0.4023165531338843,False,True,True,True
POLAK3,violation,szo_conex,3,-1.2060467864552156,0.38545608204005066,-1.2060467864552156,0.38545608204005066,0.38545608204005066,False,True,True,True
POLAK3,violation,szo_conex,4,-2.5252449180958947,0.44624745843732433,-2.5252449180958947,0.44624745843732433,0.44624745843732433,False,True,True,True
POLAK3,violation,szo_conex,5,-0.6373889649862561,0.3513808613162106,-0.6373889649862561,0.3513808613162106,0.3513808613162106,False,True,True,True
POLAK3,violation,szo_conex,6,-0.5482765895924094,0.3868550722251192,-0.5482765895924094,0.3868550722251192,0.3868550722251192,False,True,True,True
POLAK3,violation,szo_conex,7,-1.357138505809798,0.42621444224605504,-1.357138505809798,0.42621444224605504,0.42621444224605504,False,True,True,True
POLAK3,violation,szo_conex,8,-1.36970388929817,0.4126400122916759,-1.36970388929817,0.4126400122916759,0.4126400122916759,False,True,True,True
POLAK3,violation,szo_conex,9,-1.4168940369179779,0.43259989522677117,-1.4168940369179779,0.43259989522677117,0.43259989522677117,False,True,True,True
POLAK3,violation,szo_conex,10,-0.9994118405353261,0.39902699805571,-0.9994118405353261,0.39902699805571,0.39902699805571,False,True,True,True
HS116,reference,nomad_default,9,0.21682252723999337,9.862728711703704e-05,0.21682252723999337,9.862728711703704e-05,0.21682252723999337,False,True,True,True
HS116,violation,zob_sgda,1,0.7153819301576386,0.3596093428546868,0.7153819301576386,0.3596093428546868,0.3596093428546868,False,True,True,True
HS116,violation,zob_sgda,2,0.6781006817701712,0.2757265339828854,0.6781006817701712,0.2757265339828854,0.2757265339828854,False,True,True,True
HS116,violation,zob_sgda,3,0.6578677690337774,0.2302024803259991,0.6578677690337774,0.2302024803259991,0.2302024803259991,False,True,True,True
HS116,violation,zob_sgda,4,0.6708249380853042,0.2593561106919344,0.6708249380853042,0.2593561106919344,0.2593561106919344,False,True,True,True
HS116,violation,zob_sgda,5,0.6966637456101681,0.31749342762287824,0.6966637456101681,0.31749342762287824,0.31749342762287824,False,True,True,True
HS116,violation,zob_sgda,6,0.6748699447377892,0.26845737566002553,0.6748699447377892,0.26845737566002553,0.26845737566002553,False,True,True,True
HS116,violation,zob_sgda,7,0.6504107230603936,0.21342412688588552,0.6504107230603936,0.21342412688588552,0.21342412688588552,False,True,True,True
HS116,violation,zob_sgda,8,0.7184242742209769,0.3664546169971979,0.7184242742209769,0.3664546169971979,0.3664546169971979,False,True,True,True
HS116,violation,zob_sgda,9,0.6819364803645697,0.2843570808202818,0.6819364803645697,0.2843570808202818,0.2843570808202818,False,True,True,True
HS116,violation,zob_sgda,10,0.6795089062497864,0.2788950390620195,0.6795089062497864,0.2788950390620195,0.2788950390620195,False,True,True,True
HS116,violation,zob_gda,1,0.5918830096987096,0.10494788557970071,0.5918830096987096,0.10494788557970071,0.10494788557970071,False,True,True,True
HS116,violation,zob_gda,2,0.577861282985113,0.056619409264951896,0.577861282985113,0.056619409264951896,0.056619409264951896,False,True,True,True
HS116,violation,zob_gda,3,0.5545073043099067,0.10177210934862517,0.5545073043099067,0.10177210934862517,0.10177210934862517,False,True,True,True
HS116,violation,zob_gda,4,0.47399640461784165,0.11289722764603811,0.47399640461784165,0.11289722764603811,0.11289722764603811,False,True,True,True
HS116,violation,zob_gda,5,0.5735710504911868,0.10317321123608793,0.5735710504911868,0.10317321123608793,0.10317321123608793,False,True,True,True
HS116,violation,zob_gda,6,0.5464643259133904,0.11465421427628163,0.5464643259133904,0.11465421427628163,0.11465421427628163,False,True,True,True
HS116,violation,zob_gda,7,0.5970284118518238,0.10607628848451368,0.5970284118518238,0.10607628848451368,0.10607628848451368,False,True,True,True
HS116,violation,zob_gda,8,0.5138661489247076,0.08153870864880255,0.5138661489247076,0.08153870864880255,0.08153870864880255,False,True,True,True
HS116,violation,zob_gda,9,0.5793191707446691,0.1089322071405406,0.5793191707446691,0.1089322071405406,0.1089322071405406,False,True,True,True
HS116,violation,zob_gda,10,0.5865601377003492,0.09323173279949155,0.5865601377003492,0.09323173279949155,0.09323173279949155,False,True,True,True
HS116,feasible,nomad_default,1,0.23672942615162665,1.6218181813087715e-06,0.23672942615162665,1.6218181813087715e-06,0.23672942615162665,False,True,True,True
HS116,violation,nomad_default,1,0.30119281856215885,0.0,0.30119281856215885,0.0,0.0,False,True,True,True
HS116,feasible,nomad_default,2,0.2169835104444444,3.9447685570486465e-05,0.2169835104444444,3.9447685570486465e-05,0.2169835104444444,False,True,True,True
HS116,violation,nomad_default,2,0.331778,0.0,0.331778,0.0,0.0,False,True,True,True
HS116,feasible,nomad_default,3,0.22908035705149954,8.301447865853982e-05,0.22908035705149954,8.301447865853982e-05,0.22908035705149954,False,True,True,True
HS116,violation,nomad_default,3,0.36874492250756186,0.0,0.36874492250756186,0.0,0.0,False,True,True,True
HS116,feasible,nomad_default,4,0.2187618433224078,9.673509665196654e-05,0.2187618433224078,9.673509665196654e-05,0.2187618433224078,False,True,True,True
HS116,violation,nomad_default,4,0.21926389487720044,1.6691755668022192e-05,0.21926389487720044,1.6691755668022192e-05,1.6691755668022192e-05,False,True,True,True
HS116,feasible,nomad_default,5,0.23399411627556782,1.885507628483645e-06,0.23399411627556782,1.885507628483645e-06,0.23399411627556782,False,True,True,True
HS116,violation,nomad_default,5,0.24842275028757468,0.0,0.24842275028757468,0.0,0.0,False,True,True,True
HS116,feasible,nomad_default,6,0.2187618433224078,9.673509665196654e-05,0.2187618433224078,9.673509665196654e-05,0.2187618433224078,False,True,True,True
HS116,violation,nomad_default,6,0.21926389487720044,1.6691755668022192e-05,0.21926389487720044,1.6691755668022192e-05,1.6691755668022192e-05,False,True,True,True
HS116,feasible,nomad_default,7,0.23399411627556782,1.885507628483645e-06,0.23399411627556782,1.885507628483645e-06,0.23399411627556782,False,True,True,True
HS116,violation,nomad_default,7,0.24842275028757468,0.0,0.24842275028757468,0.0,0.0,False,True,True,True
HS116,feasible,nomad_default,8,0.22576442071981614,5.4959842698697803e-05,0.22576442071981614,5.4959842698697803e-05,0.22576442071981614,False,True,True,True
HS116,violation,nomad_default,8,0.2753333333333333,0.0,0.2753333333333333,0.0,0.0,False,True,True,True
HS116,feasible,nomad_default,9,0.21682252723999337,9.862728711703704e-05,0.21682252723999337,9.862728711703704e-05,0.21682252723999337,False,True,True,True
HS116,violation,nomad_default,9,0.30333333333333334,0.0,0.30333333333333334,0.0,0.0,False,True,True,True
HS116,feasible,nomad_default,10,0.21800372159852596,5.345033851467043e-05,0.21800372159852596,5.345033851467043e-05,0.21800372159852596,False,True,True,True
HS116,violation,nomad_default,10,0.38222244444444425,0.0,0.38222244444444425,0.0,0.0,False,True,True,True
HS116,violation,zoagp,1,0.5743883911555618,0.08248672036523269,0.5743883911555618,0.08248672036523269,0.08248672036523269,False,True,True,True
HS116,violation,zominmax,1,0.42704397145695594,0.07179304500268084,0.42704397145695594,0.07179304500268084,0.07179304500268084,False,True,True,True
HS116,violation,zominmax,2,0.4921466165444797,0.08964092213070884,0.4921466165444797,0.08964092213070884,0.08964092213070884,False,True,True,True
HS116,violation,zominmax,3,0.5250466936058079,0.039519285205934764,0.5250466936058079,0.039519285205934764,0.039519285205934764,False,True,True,True
HS116,violation,zominmax,4,0.4702605505539552,0.04420550971681419,0.4702605505539552,0.04420550971681419,0.04420550971681419,False,True,True,True
HS116,violation,zominmax,5,0.4627180173457197,0.025757735002244774,0.4627180173457197,0.025757735002244774,0.025757735002244774,False,True,True,True
HS116,violation,zominmax,6,0.4834369104285298,0.010696515415167375,0.4834369104285298,0.010696515415167375,0.010696515415167375,False,True,True,True
HS116,violation,zominmax,7,0.427955795843617,0.07464208646144609,0.427955795843617,0.07464208646144609,0.07464208646144609,False,True,True,True
HS116,violation,zominmax,8,0.5138376790142645,0.061596040309266686,0.5138376790142645,0.061596040309266686,0.061596040309266686,False,True,True,True
HS116,violation,zominmax,9,0.4228071715546233,0.03239589897904634,0.4228071715546233,0.03239589897904634,0.03239589897904634,False,True,True,True
HS116,violation,zominmax,10,0.5082529394724472,0.0249975,0.5082529394724472,0.0249975,0.0249975,False,True,True,True
HS116,violation,szo_conex,1,0.3355557777777778,0.09981999999999991,0.3355557777777778,0.09981999999999991,0.09981999999999991,False,True,True,True
HS116,violation,szo_conex,2,0.6666668888888888,0.2500005,0.6666668888888888,0.2500005,0.2500005,False,True,True,True
HS116,violation,szo_conex,3,0.3355557777777778,0.1998200000000001,0.3355557777777778,0.1998200000000001,0.1998200000000001,False,True,True,True
HS116,violation,szo_conex,4,0.3355557777777778,0.09999999999999998,0.3355557777777778,0.09999999999999998,0.09999999999999998,False,True,True,True
HS116,violation,szo_conex,5,0.3355557777777778,0.09999999999999998,0.3355557777777778,0.09999999999999998,0.09999999999999998,False,True,True,True
HS116,violation,szo_conex,6,0.3355557777777778,0.09981999999999996,0.3355557777777778,0.09981999999999996,0.09981999999999996,False,True,True,True
HS116,violation,szo_conex,7,0.3355557777777778,0.1998200000000001,0.3355557777777778,0.1998200000000001,0.1998200000000001,False,True,True,True
HS116,violation,szo_conex,8,0.3355557777777778,0.09981999999999991,0.3355557777777778,0.09981999999999991,0.09981999999999991,False,True,True,True
HS116,violation,szo_conex,9,0.48627503912764597,0.196317794420565,0.48627503912764597,0.196317794420565,0.196317794420565,False,True,True,True
HS116,violation,szo_conex,10,0.3355557777777778,0.1998200000000001,0.3355557777777778,0.1998200000000001,0.1998200000000001,False,True,True,True
HAIFAS,reference,zob_sgda,101,-0.450098764632845,9.91580683123355e-05,-0.450098764632845,9.91580683123355e-05,-0.450098764632845,False,True,True,True
HAIFAS,feasible,zob_sgda,1,-0.4500719983940001,9.09381632645534e-05,-0.4500719983940001,9.09381632645534e-05,-0.4500719983940001,False,True,True,True
HAIFAS,violation,zob_sgda,1,0.0,0.0,0.0,0.0,0.0,False,True,True,True
HAIFAS,feasible,zob_sgda,2,-0.4500973875792964,9.979492159969681e-05,-0.4500973875792964,9.979492159969681e-05,-0.4500973875792964,False,True,True,True
HAIFAS,violation,zob_sgda,2,0.0,0.0,0.0,0.0,0.0,False,True,True,True
HAIFAS,feasible,zob_sgda,3,-0.4500945252880911,9.515820980891263e-05,-0.4500945252880911,9.515820980891263e-05,-0.4500945252880911,False,True,True,True
HAIFAS,violation,zob_sgda,3,0.0,0.0,0.0,0.0,0.0,False,True,True,True
HAIFAS,feasible,zob_sgda,4,-0.45009432572583935,9.656770429173066e-05,-0.45009432572583935,9.656770429173066e-05,-0.45009432572583935,False,True,True,True
HAIFAS,violation,zob_sgda,4,0.0,0.0,0.0,0.0,0.0,False,True,True,True
HAIFAS,feasible,zob_sgda,5,-0.2616225124293594,0.0,-0.2616225124293594,0.0,-0.2616225124293594,False,True,True,True
HAIFAS,violation,zob_sgda,5,0.0,0.0,0.0,0.0,0.0,False,True,True,True
HAIFAS,feasible,zob_sgda,6,-0.07894166927061283,0.0,-0.07894166927061283,0.0,-0.07894166927061283,False,True,True,True
HAIFAS,violation,zob_sgda,6,0.0,0.0,0.0,0.0,0.0,False,True,True,True
HAIFAS,feasible,zob_sgda,7,-0.4500940708758635,9.901636706444449e-05,-0.4500940708758635,9.901636706444449e-05,-0.4500940708758635,False,True,True,True
HAIFAS,violation,zob_sgda,7,0.0,0.0,0.0,0.0,0.0,False,True,True,True
HAIFAS,feasible,zob_sgda,8,0.0,0.0,0.0,0.0,0.0,False,True,True,True
HAIFAS,violation,zob_sgda,8,0.0,0.0,0.0,0.0,0.0,False,True,True,True
HAIFAS,feasible,zob_sgda,9,0.0,0.0,0.0,0.0,0.0,False,True,True,True
HAIFAS,violation,zob_sgda,9,0.0,0.0,0.0,0.0,0.0,False,True,True,True
HAIFAS,feasible,zob_sgda,10,-0.4500981328608671,9.865039965424592e-05,-0.4500981328608671,9.865039965424592e-05,-0.4500981328608671,False,True,True,True
HAIFAS,violation,zob_sgda,10,0.0,0.0,0.0,0.0,0.0,False,True,True,True
HAIFAS,feasible,zob_gda,1,-0.4429601618489623,0.0,-0.4429601618489623,0.0,-0.4429601618489623,False,True,True,True
HAIFAS,violation,zob_gda,1,0.0,0.0,0.0,0.0,0.0,False,True,True,True
HAIFAS,feasible,zob_gda,2,-0.44990197448047553,0.0,-0.44990197448047553,0.0,-0.44990197448047553,False,True,True,True
HAIFAS,violation,zob_gda,2,0.0,0.0,0.0,0.0,0.0,False,True,True,True
HAIFAS,feasible,zob_gda,3,-0.44693982294180257,0.0,-0.44693982294180257,0.0,-0.44693982294180257,False,True,True,True
HAIFAS,violation,zob_gda,3,0.0,0.0,0.0,0.0,0.0,False,True,True,True
HAIFAS,feasible,zob_gda,4,-0.44859662490566077,0.0,-0.44859662490566077,0.0,-0.44859662490566077,False,True,True,True
HAIFAS,violation,zob_gda,4,0.0,0.0,0.0,0.0,0.0,False,True,True,True
HAIFAS,feasible,zob_gda,5,-0.44896626715842836,0.0,-0.44896626715842836,0.0,-0.44896626715842836,False,True,True,True
HAIFAS,violation,zob_gda,5,0.0,0.0,0.0,0.0,0.0,False,True,True,True
HAIFAS,feasible,zob_gda,6,-0.44770441938783956,0.0,-0.44770441938783956,0.0,-0.44770441938783956,False,True,True,True
HAIFAS,violation,zob_gda,6,0.0,0.0,0.0,0.0,0.0,False,True,True,True
HAIFAS,feasible,zob_gda,7,-0.4443434102327926,0.0,-0.4443434102327926,0.0,-0.4443434102327926,False,True,True,True
HAIFAS,violation,zob_gda,7,0.0,0.0,0.0,0.0,0.0,False,True,True,True
HAIFAS,feasible,zob_gda,8,-0.44745400926094164,0.0,-0.44745400926094164,0.0,-0.44745400926094164,False,True,True,True
HAIFAS,violation,zob_gda,8,0.0,0.0,0.0,0.0,0.0,False,True,True,True
HAIFAS,feasible,zob_gda,9,-0.44801122880958005,0.0,-0.44801122880958005,0.0,-0.44801122880958005,False,True,True,True
HAIFAS,violation,zob_gda,9,0.0,0.0,0.0,0.0,0.0,False,True,True,True
HAIFAS,feasible,zob_gda,10,-0.449142920483098,0.0,-0.449142920483098,0.0,-0.449142920483098,False,True,True,True
HAIFAS,violation,zob_gda,10,0.0,0.0,0.0,0.0,0.0,False,True,True,True
HAIFAS,feasible,nomad_default,1,0.0,0.0,0.0,0.0,0.0,False,True,True,True
HAIFAS,violation,nomad_default,1,0.0,0.0,0.0,0.0,0.0,False,True,True,True
HAIFAS,feasible,nomad_default,2,0.0,0.0,0.0,0.0,0.0,False,True,True,True
HAIFAS,violation,nomad_default,2,0.0,0.0,0.0,0.0,0.0,False,True,True,True
HAIFAS,feasible,nomad_default,3,0.0,0.0,0.0,0.0,0.0,False,True,True,True
HAIFAS,violation,nomad_default,3,0.0,0.0,0.0,0.0,0.0,False,True,True,True
HAIFAS,feasible,nomad_default,4,0.0,0.0,0.0,0.0,0.0,False,True,True,True
HAIFAS,violation,nomad_default,4,0.0,0.0,0.0,0.0,0.0,False,True,True,True
HAIFAS,feasible,nomad_default,5,0.0,0.0,0.0,0.0,0.0,False,True,True,True
HAIFAS,violation,nomad_default,5,0.0,0.0,0.0,0.0,0.0,False,True,True,True
HAIFAS,feasible,nomad_default,6,0.0,0.0,0.0,0.0,0.0,False,True,True,True
HAIFAS,violation,nomad_default,6,0.0,0.0,0.0,0.0,0.0,False,True,True,True
HAIFAS,feasible,nomad_default,7,0.0,0.0,0.0,0.0,0.0,False,True,True,True
HAIFAS,violation,nomad_default,7,0.0,0.0,0.0,0.0,0.0,False,True,True,True
HAIFAS,feasible,nomad_default,8,0.0,0.0,0.0,0.0,0.0,False,True,True,True
HAIFAS,violation,nomad_default,8,0.0,0.0,0.0,0.0,0.0,False,True,True,True
HAIFAS,feasible,nomad_default,9,0.0,0.0,0.0,0.0,0.0,False,True,True,True
HAIFAS,violation,nomad_default,9,0.0,0.0,0.0,0.0,0.0,False,True,True,True
HAIFAS,feasible,nomad_default,10,0.0,0.0,0.0,0.0,0.0,False,True,True,True
HAIFAS,violation,nomad_default,10,0.0,0.0,0.0,0.0,0.0,False,True,True,True
HAIFAS,feasible,zoagp,1,0.0,0.0,0.0,0.0,0.0,False,True,True,True
HAIFAS,violation,zoagp,1,0.0,0.0,0.0,0.0,0.0,False,True,True,True
HAIFAS,feasible,zominmax,1,0.0,0.0,0.0,0.0,0.0,False,True,True,True
HAIFAS,violation,zominmax,1,0.0,0.0,0.0,0.0,0.0,False,True,True,True
HAIFAS,feasible,zominmax,2,0.0,0.0,0.0,0.0,0.0,False,True,True,True
HAIFAS,violation,zominmax,2,0.0,0.0,0.0,0.0,0.0,False,True,True,True
HAIFAS,feasible,zominmax,3,0.0,0.0,0.0,0.0,0.0,False,True,True,True
HAIFAS,violation,zominmax,3,0.0,0.0,0.0,0.0,0.0,False,True,True,True
HAIFAS,feasible,zominmax,4,0.0,0.0,0.0,0.0,0.0,False,True,True,True
HAIFAS,violation,zominmax,4,0.0,0.0,0.0,0.0,0.0,False,True,True,True
HAIFAS,feasible,zominmax,5,0.0,0.0,0.0,0.0,0.0,False,True,True,True
HAIFAS,violation,zominmax,5,0.0,0.0,0.0,0.0,0.0,False,True,True,True
HAIFAS,feasible,zominmax,6,0.0,0.0,0.0,0.0,0.0,False,True,True,True
HAIFAS,violation,zominmax,6,0.0,0.0,0.0,0.0,0.0,False,True,True,True
HAIFAS,feasible,zominmax,7,0.0,0.0,0.0,0.0,0.0,False,True,True,True
HAIFAS,violation,zominmax,7,0.0,0.0,0.0,0.0,0.0,False,True,True,True
HAIFAS,feasible,zominmax,8,0.0,0.0,0.0,0.0,0.0,False,True,True,True
HAIFAS,violation,zominmax,8,0.0,0.0,0.0,0.0,0.0,False,True,True,True
HAIFAS,feasible,zominmax,9,0.0,0.0,0.0,0.0,0.0,False,True,True,True
HAIFAS,violation,zominmax,9,0.0,0.0,0.0,0.0,0.0,False,True,True,True
HAIFAS,feasible,zominmax,10,0.0,0.0,0.0,0.0,0.0,False,True,True,True
HAIFAS,violation,zominmax,10,0.0,0.0,0.0,0.0,0.0,False,True,True,True
HAIFAS,feasible,szo_conex,1,-0.011755359049207806,0.0,-0.011755359049207806,0.0,-0.011755359049207806,False,True,True,True
HAIFAS,violation,szo_conex,1,0.0,0.0,0.0,0.0,0.0,False,True,True,True
HAIFAS,feasible,szo_conex,2,-0.14867323246193498,0.0,-0.14867323246193498,0.0,-0.14867323246193498,False,True,True,True
HAIFAS,violation,szo_conex,2,0.0,0.0,0.0,0.0,0.0,False,True,True,True
HAIFAS,feasible,szo_conex,3,-0.00032777786183211746,0.0,-0.00032777786183211746,0.0,-0.00032777786183211746,False,True,True,True
HAIFAS,violation,szo_conex,3,0.0,0.0,0.0,0.0,0.0,False,True,True,True
HAIFAS,feasible,szo_conex,4,-3.08096466585096e-05,0.0,-3.08096466585096e-05,0.0,-3.08096466585096e-05,False,True,True,True
HAIFAS,violation,szo_conex,4,0.0,0.0,0.0,0.0,0.0,False,True,True,True
HAIFAS,feasible,szo_conex,5,-0.11855360151522978,0.0,-0.11855360151522978,0.0,-0.11855360151522978,False,True,True,True
HAIFAS,violation,szo_conex,5,0.0,0.0,0.0,0.0,0.0,False,True,True,True
HAIFAS,feasible,szo_conex,6,0.0,0.0,0.0,0.0,0.0,False,True,True,True
HAIFAS,violation,szo_conex,6,0.0,0.0,0.0,0.0,0.0,False,True,True,True
HAIFAS,feasible,szo_conex,7,-0.005041712293409636,0.0,-0.005041712293409636,0.0,-0.005041712293409636,False,True,True,True
HAIFAS,violation,szo_conex,7,0.0,0.0,0.0,0.0,0.0,False,True,True,True
HAIFAS,feasible,szo_conex,8,-0.006936047282095571,0.0,-0.006936047282095571,0.0,-0.006936047282095571,False,True,True,True
HAIFAS,violation,szo_conex,8,0.0,0.0,0.0,0.0,0.0,False,True,True,True
HAIFAS,feasible,szo_conex,9,-0.0016792866138854996,0.0,-0.0016792866138854996,0.0,-0.0016792866138854996,False,True,True,True
HAIFAS,violation,szo_conex,9,0.0,0.0,0.0,0.0,0.0,False,True,True,True
HAIFAS,feasible,szo_conex,10,-0.01802321477671094,0.0,-0.01802321477671094,0.0,-0.01802321477671094,False,True,True,True
HAIFAS,violation,szo_conex,10,0.0,0.0,0.0,0.0,0.0,False,True,True,True
HS117,reference,nomad_default,3,0.1580351090802291,0.0,0.1580351090802291,0.0,0.1580351090802291,False,True,True,True
HS117,feasible,zob_sgda,1,0.9640166894999699,0.0,0.9640166894999699,0.0,0.9640166894999699,False,True,True,True
HS117,violation,zob_sgda,1,1.0,0.0,1.0,0.0,0.0,False,True,True,True
HS117,feasible,zob_sgda,2,0.9642600456383051,0.0,0.9642600456383051,0.0,0.9642600456383051,False,True,True,True
HS117,violation,zob_sgda,2,1.0,0.0,1.0,0.0,0.0,False,True,True,True
HS117,feasible,zob_sgda,3,0.9642283154893369,0.0,0.9642283154893369,0.0,0.9642283154893369,False,True,True,True
HS117,violation,zob_sgda,3,1.0,0.0,1.0,0.0,0.0,False,True,True,True
HS117,feasible,zob_sgda,4,0.9643858752747682,0.0,0.9643858752747682,0.0,0.9643858752747682,False,True,True,True
HS117,violation,zob_sgda,4,1.0,0.0,1.0,0.0,0.0,False,True,True,True
HS117,feasible,zob_sgda,5,0.964587400998732,0.0,0.964587400998732,0.0,0.964587400998732,False,True,True,True
HS117,violation,zob_sgda,5,1.0,0.0,1.0,0.0,0.0,False,True,True,True
HS117,feasible,zob_sgda,6,0.9643778044040866,0.0,0.9643778044040866,0.0,0.9643778044040866,False,True,True,True
HS117,violation,zob_sgda,6,1.0,0.0,1.0,0.0,0.0,False,True,True,True
HS117,feasible,zob_sgda,7,0.9651535999042122,0.0,0.9651535999042122,0.0,0.9651535999042122,False,True,True,True
HS117,violation,zob_sgda,7,1.0,0.0,1.0,0.0,0.0,False,True,True,True
HS117,feasible,zob_sgda,8,0.9639879312447065,0.0,0.9639879312447065,0.0,0.9639879312447065,False,True,True,True
HS117,violation,zob_sgda,8,1.0,0.0,1.0,0.0,0.0,False,True,True,True
HS117,feasible,zob_sgda,9,0.9639617929971086,0.0,0.9639617929971086,0.0,0.9639617929971086,False,True,True,True
HS117,violation,zob_sgda,9,1.0,0.0,1.0,0.0,0.0,False,True,True,True
HS117,feasible,zob_sgda,10,0.9640022487452665,0.0,0.9640022487452665,0.0,0.9640022487452665,False,True,True,True
HS117,violation,zob_sgda,10,1.0,0.0,1.0,0.0,0.0,False,True,True,True
HS117,feasible,zob_gda,1,0.9378403069046859,0.0,0.9378403069046859,0.0,0.9378403069046859,False,True,True,True
HS117,violation,zob_gda,1,1.0,0.0,1.0,0.0,0.0,False,True,True,True
HS117,feasible,zob_gda,2,0.9394214875962046,0.0,0.9394214875962046,0.0,0.9394214875962046,False,True,True,True
HS117,violation,zob_gda,2,1.0,0.0,1.0,0.0,0.0,False,True,True,True
HS117,feasible,zob_gda,3,0.9400565777033716,0.0,0.9400565777033716,0.0,0.9400565777033716,False,True,True,True
HS117,violation,zob_gda,3,1.0,0.0,1.0,0.0,0.0,False,True,True,True
HS117,feasible,zob_gda,4,0.9392638556050713,0.0,0.9392638556050713,0.0,0.9392638556050713,False,True,True,True
HS117,violation,zob_gda,4,1.0,0.0,1.0,0.0,0.0,False,True,True,True
HS117,feasible,zob_gda,5,0.9399628289807335,0.0,0.9399628289807335,0.0,0.9399628289807335,False,True,True,True
HS117,violation,zob_gda,5,1.0,0.0,1.0,0.0,0.0,False,True,True,True
HS117,feasible,zob_gda,6,0.9404483349848715,0.0,0.9404483349848715,0.0,0.9404483349848715,False,True,True,True
HS117,violation,zob_gda,6,1.0,0.0,1.0,0.0,0.0,False,True,True,True
HS117,feasible,zob_gda,7,0.9409106430406644,0.0,0.9409106430406644,0.0,0.9409106430406644,False,True,True,True
HS117,violation,zob_gda,7,1.0,0.0,1.0,0.0,0.0,False,True,True,True
HS117,feasible,zob_gda,8,0.9384307898180064,0.0,0.9384307898180064,0.0,0.9384307898180064,False,True,True,True
HS117,violation,zob_gda,8,1.0,0.0,1.0,0.0,0.0,False,True,True,True
HS117,feasible,zob_gda,9,0.9396246919786011,0.0,0.9396246919786011,0.0,0.9396246919786011,False,True,True,True
HS117,violation,zob_gda,9,1.0,0.0,1.0,0.0,0.0,False,True,True,True
HS117,feasible,zob_gda,10,0.9416394179688774,0.0,0.9416394179688774,0.0,0.9416394179688774,False,True,True,True
HS117,violation,zob_gda,10,1.0,0.0,1.0,0.0,0.0,False,True,True,True
HS117,feasible,nomad_default,1,0.9999833340645516,0.0,0.9999833340645516,0.0,0.9999833340645516,False,True,True,True
HS117,violation,nomad_default,1,1.0,0.0,1.0,0.0,0.0,False,True,True,True
HS117,feasible,nomad_default,2,0.9999540436580034,0.0,0.9999540436580034,0.0,0.9999540436580034,False,True,True,True
HS117,violation,nomad_default,2,1.0,0.0,1.0,0.0,0.0,False,True,True,True
HS117,feasible,nomad_default,3,0.1580351090802291,0.0,0.1580351090802291,0.0,0.1580351090802291,False,True,True,True
HS117,violation,nomad_default,3,1.0,0.0,1.0,0.0,0.0,False,True,True,True
HS117,feasible,nomad_default,4,0.9999800008774621,0.0,0.9999800008774621,0.0,0.9999800008774621,False,True,True,True
HS117,violation,nomad_default,4,1.0,0.0,1.0,0.0,0.0,False,True,True,True
HS117,feasible,nomad_default,5,0.96923076522244,0.0,0.96923076522244,0.0,0.96923076522244,False,True,True,True
HS117,violation,nomad_default,5,1.0,0.0,1.0,0.0,0.0,False,True,True,True
HS117,feasible,nomad_default,6,0.9999800008774621,0.0,0.9999800008774621,0.0,0.9999800008774621,False,True,True,True
HS117,violation,nomad_default,6,1.0,0.0,1.0,0.0,0.0,False,True,True,True
HS117,feasible,nomad_default,7,0.96923076522244,0.0,0.96923076522244,0.0,0.96923076522244,False,True,True,True
HS117,violation,nomad_default,7,1.0,0.0,1.0,0.0,0.0,False,True,True,True
HS117,feasible,nomad_default,8,0.9999825007677793,0.0,0.9999825007677793,0.0,0.9999825007677793,False,True,True,True
HS117,violation,nomad_default,8,1.0,0.0,1.0,0.0,0.0,False,True,True,True
HS117,feasible,nomad_default,9,0.6201133813869718,0.0,0.6201133813869718,0.0,0.6201133813869718,False,True,True,True
HS117,violation,nomad_default,9,1.0,0.0,1.0,0.0,0.0,False,True,True,True
HS117,feasible,nomad_default,10,0.999982084119393,0.0,0.999982084119393,0.0,0.999982084119393,False,True,True,True
HS117,violation,nomad_default,10,1.0,0.0,1.0,0.0,0.0,False,True,True,True
HS117,feasible,zoagp,1,0.8033776923527353,0.0,0.8033776923527353,0.0,0.8033776923527353,False,True,True,True
HS117,violation,zoagp,1,1.0,0.0,1.0,0.0,0.0,False,True,True,True
HS117,feasible,zominmax,1,0.3645500309193049,3.2795203829155764e-05,0.3645500309193049,3.2795203829155764e-05,0.3645500309193049,False,True,True,True
HS117,violation,zominmax,1,1.0,0.0,1.0,0.0,0.0,False,True,True,True
HS117,feasible,zominmax,2,0.31759930770268685,0.0,0.31759930770268685,0.0,0.31759930770268685,False,True,True,True
HS117,violation,zominmax,2,1.0,0.0,1.0,0.0,0.0,False,True,True,True
HS117,feasible,zominmax,3,0.32348721361672317,0.0,0.32348721361672317,0.0,0.32348721361672317,False,True,True,True
HS117,violation,zominmax,3,1.0,0.0,1.0,0.0,0.0,False,True,True,True
HS117,feasible,zominmax,4,0.3535786091921992,0.0,0.3535786091921992,0.0,0.3535786091921992,False,True,True,True
HS117,violation,zominmax,4,1.0,0.0,1.0,0.0,0.0,False,True,True,True
HS117,feasible,zominmax,5,0.33505259570729085,0.0,0.33505259570729085,0.0,0.33505259570729085,False,True,True,True
HS117,violation,zominmax,5,1.0,0.0,1.0,0.0,0.0,False,True,True,True
HS117,feasible,zominmax,6,0.337005957307199,0.0,0.337005957307199,0.0,0.337005957307199,False,True,True,True
HS117,violation,zominmax,6,1.0,0.0,1.0,0.0,0.0,False,True,True,True
HS117,feasible,zominmax,7,0.34766714505472146,0.0,0.34766714505472146,0.0,0.34766714505472146,False,True,True,True
HS117,violation,zominmax,7,1.0,0.0,1.0,0.0,0.0,False,True,True,True
HS117,feasible,zominmax,8,0.3250313509338633,0.0,0.3250313509338633,0.0,0.3250313509338633,False,True,True,True
HS117,violation,zominmax,8,1.0,0.0,1.0,0.0,0.0,False,True,True,True
HS117,feasible,zominmax,9,0.33466876982161115,0.0,0.33466876982161115,0.0,0.33466876982161115,False,True,True,True
HS117,violation,zominmax,9,1.0,0.0,1.0,0.0,0.0,False,True,True,True
HS117,feasible,zominmax,10,0.3089196487995424,0.0,0.3089196487995424,0.0,0.3089196487995424,False,True,True,True
HS117,violation,zominmax,10,1.0,0.0,1.0,0.0,0.0,False,True,True,True
HS117,feasible,szo_conex,1,0.9812277388028823,0.0,0.9812277388028823,0.0,0.9812277388028823,False,True,True,True
HS117,violation,szo_conex,1,1.0,0.0,1.0,0.0,0.0,False,True,True,True
HS117,feasible,szo_conex,2,0.9794715680802548,0.0,0.9794715680802548,0.0,0.9794715680802548,False,True,True,True
HS117,violation,szo_conex,2,1.0,0.0,1.0,0.0,0.0,False,True,True,True
HS117,feasible,szo_conex,3,0.9801501379379362,0.0,0.9801501379379362,0.0,0.9801501379379362,False,True,True,True
HS117,violation,szo_conex,3,1.0,0.0,1.0,0.0,0.0,False,True,True,True
HS117,feasible,szo_conex,4,0.9815940425281392,0.0,0.9815940425281392,0.0,0.9815940425281392,False,True,True,True
HS117,violation,szo_conex,4,1.0,0.0,1.0,0.0,0.0,False,True,True,True
HS117,feasible,szo_conex,5,0.981288763694146,0.0,0.981288763694146,0.0,0.981288763694146,False,True,True,True
HS117,violation,szo_conex,5,1.0,0.0,1.0,0.0,0.0,False,True,True,True
HS117,feasible,szo_conex,6,0.981806569458445,0.0,0.981806569458445,0.0,0.981806569458445,False,True,True,True
HS117,violation,szo_conex,6,1.0,0.0,1.0,0.0,0.0,False,True,True,True
HS117,feasible,szo_conex,7,0.9809705124756819,0.0,0.9809705124756819,0.0,0.9809705124756819,False,True,True,True
HS117,violation,szo_conex,7,1.0,0.0,1.0,0.0,0.0,False,True,True,True
HS117,feasible,szo_conex,8,0.9794255838515304,0.0,0.9794255838515304,0.0,0.9794255838515304,False,True,True,True
HS117,violation,szo_conex,8,1.0,0.0,1.0,0.0,0.0,False,True,True,True
HS117,feasible,szo_conex,9,0.9814296725046666,0.0,0.9814296725046666,0.0,0.9814296725046666,False,True,True,True
HS117,violation,szo_conex,9,1.0,0.0,1.0,0.0,0.0,False,True,True,True
HS117,feasible,szo_conex,10,0.9784916581044913,0.0,0.9784916581044913,0.0,0.9784916581044913,False,True,True,True
HS117,violation,szo_conex,10,1.0,0.0,1.0,0.0,0.0,False,True,True,True
MAKELA3,reference,zob_sgda,101,-9.973267461515752e-05,9.973287200502982e-05,-9.973267461515752e-05,9.973287200502982e-05,-9.973267461515752e-05,False,True,True,True
MAKELA3,feasible,zob_sgda,1,1.2032990662534253,0.0,1.2032990662534253,0.0,1.2032990662534253,False,True,True,True
MAKELA3,violation,zob_sgda,1,9.304459007768896,0.0,9.304459007768896,0.0,0.0,False,True,True,True
MAKELA3,feasible,zob_sgda,2,1.006165110849539,0.0,1.006165110849539,0.0,1.006165110849539,False,True,True,True
MAKELA3,violation,zob_sgda,2,9.378781679391164,0.0,9.378781679391164,0.0,0.0,False,True,True,True
MAKELA3,feasible,zob_sgda,3,1.2018880209008296,0.0,1.2018880209008296,0.0,1.2018880209008296,False,True,True,True
MAKELA3,violation,zob_sgda,3,9.350189213051806,0.0,9.350189213051806,0.0,0.0,False,True,True,True
MAKELA3,feasible,zob_sgda,4,1.0138897617063167,0.0,1.0138897617063167,0.0,1.0138897617063167,False,True,True,True
MAKELA3,violation,zob_sgda,4,9.388631466622831,0.0,9.388631466622831,0.0,0.0,False,True,True,True
MAKELA3,feasible,zob_sgda,5,0.9837703534273758,0.0,0.9837703534273758,0.0,0.9837703534273758,False,True,True,True
MAKELA3,violation,zob_sgda,5,9.248852647309606,0.0,9.248852647309606,0.0,0.0,False,True,True,True
MAKELA3,feasible,zob_sgda,6,1.19163261012633,0.0,1.19163261012633,0.0,1.19163261012633,False,True,True,True
MAKELA3,violation,zob_sgda,6,9.21871921814768,0.0,9.21871921814768,0.0,0.0,False,True,True,True
MAKELA3,feasible,zob_sgda,7,1.3401529349519554,0.0,1.3401529349519554,0.0,1.3401529349519554,False,True,True,True
MAKELA3,violation,zob_sgda,7,9.323434663932899,0.0,9.323434663932899,0.0,0.0,False,True,True,True
MAKELA3,feasible,zob_sgda,8,1.3174508416201822,0.0,1.3174508416201822,0.0,1.3174508416201822,False,True,True,True
MAKELA3,violation,zob_sgda,8,9.302675604657894,0.0,9.302675604657894,0.0,0.0,False,True,True,True
MAKELA3,feasible,zob_sgda,9,1.041199702346225,0.0,1.041199702346225,0.0,1.041199702346225,False,True,True,True
MAKELA3,violation,zob_sgda,9,9.283472132554996,0.0,9.283472132554996,0.0,0.0,False,True,True,True
MAKELA3,feasible,zob_sgda,10,1.1085286415152387,0.0,1.1085286415152387,0.0,1.1085286415152387,False,True,True,True
MAKELA3,violation,zob_sgda,10,9.116477205938429,0.0,9.116477205938429,0.0,0.0,False,True,True,True
MAKELA3,feasible,zob_gda,1,0.009451916667876516,9.61311062871171e-05,0.009451916667876516,9.61311062871171e-05,0.009451916667876516,False,True,True,True
MAKELA3,violation,zob_gda,1,7.668784085551868,0.0,7.668784085551868,0.0,0.0,False,True,True,True
MAKELA3,feasible,zob_gda,2,0.007659662248074765,8.072565153251686e-05,0.007659662248074765,8.072565153251686e-05,0.007659662248074765,False,True,True,True
MAKELA3,violation,zob_gda,2,7.789285990886586,0.0,7.789285990886586,0.0,0.0,False,True,True,True
MAKELA3,feasible,zob_gda,3,0.00761199468423621,9.273845692257193e-05,0.00761199468423621,9.273845692257193e-05,0.00761199468423621,False,True,True,True
MAKELA3,violation,zob_gda,3,8.052453313812185,0.0,8.052453313812185,0.0,0.0,False,True,True,True
MAKELA3,feasible,zob_gda,4,0.004692173258641658,6.981876424197289e-05,0.004692173258641658,6.981876424197289e-05,0.004692173258641658,False,True,True,True
MAKELA3,violation,zob_gda,4,7.968667424339304,0.0,7.968667424339304,0.0,0.0,False,True,True,True
MAKELA3,feasible,zob_gda,5,0.008390365191673542,4.706326569005894e-05,0.008390365191673542,4.706326569005894e-05,0.008390365191673542,False,True,True,True
MAKELA3,violation,zob_gda,5,8.070134727405637,0.0,8.070134727405637,0.0,0.0,False,True,True,True
MAKELA3,feasible,zob_gda,6,0.007075850513710551,6.211306818205316e-05,0.007075850513710551,6.211306818205316e-05,0.007075850513710551,False,True,True,True
MAKELA3,violation,zob_gda,6,8.221862908204102,0.0,8.221862908204102,0.0,0.0,False,True,True,True
MAKELA3,feasible,zob_gda,7,0.00583502772464508,6.969258894249365e-05,0.00583502772464508,6.969258894249365e-05,0.00583502772464508,False,True,True,True
MAKELA3,violation,zob_gda,7,7.545507075043022,0.0,7.545507075043022,0.0,0.0,False,True,True,True
MAKELA3,feasible,zob_gda,8,0.01506097094299041,2.8506486138447687e-06,0.01506097094299041,2.8506486138447687e-06,0.01506097094299041,False,True,True,True
MAKELA3,violation,zob_gda,8,8.077641635939417,0.0,8.077641635939417,0.0,0.0,False,True,True,True
MAKELA3,feasible,zob_gda,9,0.009653493299800807,8.265747968596211e-05,0.009653493299800807,8.265747968596211e-05,0.009653493299800807,False,True,True,True
MAKELA3,violation,zob_gda,9,7.554971671683465,0.0,7.554971671683465,0.0,0.0,False,True,True,True
MAKELA3,feasible,zob_gda,10,0.006401659202947885,6.743292344423272e-05,0.006401659202947885,6.743292344423272e-05,0.006401659202947885,False,True,True,True
MAKELA3,violation,zob_gda,10,7.658585374147288,0.0,7.658585374147288,0.0,0.0,False,True,True,True
MAKELA3,feasible,nomad_default,1,1.1044471396795817e+18,0.0,1.1044471396795817e+18,0.0,1.1044471396795817e+18,True,True,True,True
MAKELA3,violation,nomad_default,1,1e+19,0.0,1e+19,0.0,0.0,True,True,True,True
MAKELA3,feasible,nomad_default,2,7.670459781349632e+18,0.0,7.670459781349632e+18,0.0,7.670459781349632e+18,True,True,True,True
MAKELA3,violation,nomad_default,2,2e+19,0.0,2e+19,0.0,0.0,True,True,True,True
MAKELA3,feasible,nomad_default,3,6.31299185883685e+18,0.0,6.31299185883685e+18,0.0,6.31299185883685e+18,True,True,True,True
MAKELA3,violation,nomad_default,3,1e+19,0.0,1e+19,0.0,0.0,True,True,True,True
MAKELA3,feasible,nomad_default,4,7.312586761488743e+18,0.0,7.312586761488743e+18,0.0,7.312586761488743e+18,True,True,True,True
MAKELA3,violation,nomad_default,4,1e+19,0.0,1e+19,0.0,0.0,True,True,True,True
MAKELA3,feasible,nomad_default,5,90499797366803.53,0.0,90499797366803.53,0.0,90499797366803.53,True,True,True,True
MAKELA3,violation,nomad_default,5,1e+19,0.0,1e+19,0.0,0.0,True,True,True,True
MAKELA3,feasible,nomad_default,6,7.312586761488743e+18,0.0,7.312586761488743e+18,0.0,7.312586761488743e+18,True,True,True,True
MAKELA3,violation,nomad_default,6,1e+19,0.0,1e+19,0.0,0.0,True,True,True,True
MAKELA3,feasible,nomad_default,7,60708262166803.51,0.0,60708262166803.51,0.0,60708262166803.51,True,True,True,True
MAKELA3,violation,nomad_default,7,1e+19,0.0,1e+19,0.0,0.0,True,True,True,True
MAKELA3,feasible,nomad_default,8,1.5206286174871867e+19,0.0,1.5206286174871867e+19,0.0,1.5206286174871867e+19,True,True,True,True
MAKELA3,violation,nomad_default,8,2e+19,0.0,2e+19,0.0,0.0,True,True,True,True
MAKELA3,feasible,nomad_default,9,122006.58470407098,0.0,122006.58470407098,0.0,122006.58470407098,False,True,True,True
MAKELA3,violation,nomad_default,9,1e+18,0.0,1e+18,0.0,0.0,True,True,True,True
MAKELA3,feasible,nomad_default,10,5.345693170488134e+18,0.0,5.345693170488134e+18,0.0,5.345693170488134e+18,True,True,True,True
MAKELA3,violation,nomad_default,10,1e+19,0.0,1e+19,0.0,0.0,True,True,True,True
MAKELA3,feasible,zoagp,1,6.278644741223444e-05,2.916754795847608e-05,6.278644741223444e-05,2.916754795847608e-05,6.278644741223444e-05,False,True,True,True
MAKELA3,violation,zoagp,1,0.1973541033411913,0.0,0.1973541033411913,0.0,0.0,False,True,True,True
MAKELA3,feasible,zominmax,1,0.05975593876127025,4.907661539330295e-05,0.05975593876127025,4.907661539330295e-05,0.05975593876127025,False,True,True,True
MAKELA3,violation,zominmax,1,2.3159619753487872,0.0,2.3159619753487872,0.0,0.0,False,True,True,True
MAKELA3,feasible,zominmax,2,0.3501696012772748,0.0,0.3501696012772748,0.0,0.3501696012772748,False,True,True,True
MAKELA3,violation,zominmax,2,2.940238685676589,0.0,2.940238685676589,0.0,0.0,False,True,True,True
MAKELA3,feasible,zominmax,3,0.2693345311169841,1.9995853688962035e-05,0.2693345311169841,1.9995853688962035e-05,0.2693345311169841,False,True,True,True
MAKELA3,violation,zominmax,3,2.834032816052095,0.0,2.834032816052095,0.0,0.0,False,True,True,True
MAKELA3,feasible,zominmax,4,0.06329799703817303,6.579347493708296e-05,0.06329799703817303,6.579347493708296e-05,0.06329799703817303,False,True,True,True
MAKELA3,violation,zominmax,4,1.2028321096103802,0.0,1.2028321096103802,0.0,0.0,False,True,True,True
MAKELA3,feasible,zominmax,5,0.41153120629465806,0.0,0.41153120629465806,0.0,0.41153120629465806,False,True,True,True
MAKELA3,violation,zominmax,5,2.5270624573248543,0.0,2.5270624573248543,0.0,0.0,False,True,True,True
MAKELA3,feasible,zominmax,6,0.07951610521031251,5.860473329933397e-05,0.07951610521031251,5.860473329933397e-05,0.07951610521031251,False,True,True,True
MAKELA3,violation,zominmax,6,2.3877761049161106,0.0,2.3877761049161106,0.0,0.0,False,True,True,True
MAKELA3,feasible,zominmax,7,0.10527809669606443,8.592968370125677e-05,0.10527809669606443,8.592968370125677e-05,0.10527809669606443,False,True,True,True
MAKELA3,violation,zominmax,7,2.4303370642605118,0.0,2.4303370642605118,0.0,0.0,False,True,True,True
MAKELA3,feasible,zominmax,8,0.4552514886425091,7.419347314198453e-05,0.4552514886425091,7.419347314198453e-05,0.4552514886425091,False,True,True,True
MAKELA3,violation,zominmax,8,1.301991078829512,0.0,1.301991078829512,0.0,0.0,False,True,True,True
MAKELA3,feasible,zominmax,9,0.19503777300365335,0.0,0.19503777300365335,0.0,0.19503777300365335,False,True,True,True
MAKELA3,violation,zominmax,9,2.3017235158062648,0.0,2.3017235158062648,0.0,0.0,False,True,True,True
MAKELA3,feasible,zominmax,10,0.3452948413812919,0.0,0.3452948413812919,0.0,0.3452948413812919,False,True,True,True
MAKELA3,violation,zominmax,10,3.528332084503458,0.0,3.528332084503458,0.0,0.0,False,True,True,True
MAKELA3,violation,szo_conex,1,1.184684895403811,0.8147686400879302,1.184684895403811,0.8147686400879302,0.8147686400879302,False,True,True,True
MAKELA3,violation,szo_conex,2,0.10148925608166158,0.6293417700763503,0.10148925608166158,0.6293417700763503,0.6293417700763503,False,True,True,True
MAKELA3,violation,szo_conex,3,0.2578382196445427,0.8182561843918863,0.2578382196445427,0.8182561843918863,0.8182561843918863,False,True,True,True
MAKELA3,violation,szo_conex,4,0.3088737275818392,0.6543115565773523,0.3088737275818392,0.6543115565773523,0.6543115565773523,False,True,True,True
MAKELA3,violation,szo_conex,5,0.2569672189107552,0.6989315911607427,0.2569672189107552,0.6989315911607427,0.6989315911607427,False,True,True,True
MAKELA3,violation,szo_conex,6,0.8827719476155637,0.6198828107495984,0.8827719476155637,0.6198828107495984,0.6198828107495984,False,True,True,True
MAKELA3,violation,szo_conex,7,2.1921076520291938,0.8061178724238403,2.1921076520291938,0.8061178724238403,0.8061178724238403,False,True,True,True
MAKELA3,violation,szo_conex,8,0.47878928775729646,0.6466210166148264,0.47878928775729646,0.6466210166148264,0.6466210166148264,False,True,True,True
MAKELA3,violation,szo_conex,9,0.39780520083582316,0.6738013485341126,0.39780520083582316,0.6738013485341126,0.6738013485341126,False,True,True,True
MAKELA3,violation,szo_conex,10,0.5238419760199587,0.6754145044074876,0.5238419760199587,0.6754145044074876,0.6754145044074876,False,True,True,True
OPTPRLOC,reference,nomad_default,1,-16.408990578323614,9.278194273123218e-05,-16.408990578323614,9.278194273123218e-05,-16.408990578323614,False,True,True,True
OPTPRLOC,violation,zob_sgda,1,-15.41636774956874,0.008832495339003167,-15.41636774956874,0.008832495339003167,0.008832495339003167,False,True,True,True
OPTPRLOC,violation,zob_sgda,2,-15.761497609047675,0.03240976541150025,-15.761497609047675,0.03240976541150025,0.03240976541150025,False,True,True,True
OPTPRLOC,violation,zob_sgda,3,-15.534879678641937,0.03604164684827069,-15.534879678641937,0.03604164684827069,0.03604164684827069,False,True,True,True
OPTPRLOC,violation,zob_sgda,4,-15.575266336709584,0.01609680000835062,-15.575266336709584,0.01609680000835062,0.01609680000835062,False,True,True,True
OPTPRLOC,violation,zob_sgda,5,-15.46770950803036,0.003602487946654784,-15.46770950803036,0.003602487946654784,0.003602487946654784,False,True,True,True
OPTPRLOC,feasible,zob_sgda,6,-15.770044034715935,0.0,-15.770044034715935,0.0,-15.770044034715935,False,True,True,True
OPTPRLOC,violation,zob_sgda,6,-15.76998570250783,0.0,-15.76998570250783,0.0,0.0,False,True,True,True
OPTPRLOC,violation,zob_sgda,7,-15.403937353113795,0.01948065873642581,-15.403937353113795,0.01948065873642581,0.01948065873642581,False,True,True,True
OPTPRLOC,violation,zob_sgda,8,-15.604702609746704,0.019106030943863126,-15.604702609746704,0.019106030943863126,0.019106030943863126,False,True,True,True
OPTPRLOC,violation,zob_sgda,9,-15.25660028409326,0.01419038346767089,-15.25660028409326,0.01419038346767089,0.01419038346767089,False,True,True,True
OPTPRLOC,violation,zob_sgda,10,-15.591458108216989,0.01626487333784083,-15.591458108216989,0.01626487333784083,0.01626487333784083,False,True,True,True
OPTPRLOC,feasible,zob_gda,1,-14.742978288256483,0.0,-14.742978288256483,0.0,-14.742978288256483,False,True,True,True
OPTPRLOC,violation,zob_gda,1,-14.742792236154598,0.0,-14.742792236154598,0.0,0.0,False,True,True,True
OPTPRLOC,violation,zob_gda,2,-14.542634455768402,0.06462581259927247,-14.542634455768402,0.06462581259927247,0.06462581259927247,False,True,True,True
OPTPRLOC,violation,zob_gda,3,-14.903442701927204,0.05945676553264131,-14.903442701927204,0.05945676553264131,0.05945676553264131,False,True,True,True
OPTPRLOC,violation,zob_gda,4,-15.203976654172932,0.0686859559940803,-15.203976654172932,0.0686859559940803,0.0686859559940803,False,True,True,True
OPTPRLOC,violation,zob_gda,5,-15.145511898611288,0.047989046855619374,-15.145511898611288,0.047989046855619374,0.047989046855619374,False,True,True,True
OPTPRLOC,violation,zob_gda,6,-15.736716725848895,0.058444471542716585,-15.736716725848895,0.058444471542716585,0.058444471542716585,False,True,True,True
OPTPRLOC,violation,zob_gda,7,-15.260209643931288,0.020038080115902013,-15.260209643931288,0.020038080115902013,0.020038080115902013,False,True,True,True
OPTPRLOC,violation,zob_gda,8,-15.034611180730568,0.04467058435656551,-15.034611180730568,0.04467058435656551,0.04467058435656551,False,True,True,True
OPTPRLOC,violation,zob_gda,9,-15.276340847974843,0.05480286495858529,-15.276340847974843,0.05480286495858529,0.05480286495858529,False,True,True,True
OPTPRLOC,violation,zob_gda,10,-15.233762936626578,0.04952615930049594,-15.233762936626578,0.04952615930049594,0.04952615930049594,False,True,True,True
OPTPRLOC,feasible,nomad_default,1,-16.408990578323614,9.278194273123218e-05,-16.408990578323614,9.278194273123218e-05,-16.408990578323614,False,True,True,True
OPTPRLOC,violation,nomad_default,1,-4.220000000000001,0.0,-4.220000000000001,0.0,0.0,False,True,True,True
OPTPRLOC,feasible,nomad_default,2,-16.31214774840662,8.397960305113047e-05,-16.31214774840662,8.397960305113047e-05,-16.31214774840662,False,True,True,True
OPTPRLOC,violation,nomad_default,2,-3.72,0.0,-3.72,0.0,0.0,False,True,True,True
OPTPRLOC,feasible,nomad_default,3,-16.369193787165607,7.437492995191551e-05,-16.369193787165607,7.437492995191551e-05,-16.369193787165607,False,True,True,True
OPTPRLOC,violation,nomad_default,3,-4.350000000000001,0.0,-4.350000000000001,0.0,0.0,False,True,True,True
OPTPRLOC,feasible,nomad_default,4,-16.019130446466015,4.428464283747949e-05,-16.019130446466015,4.428464283747949e-05,-16.019130446466015,False,True,True,True
OPTPRLOC,violation,nomad_default,4,-3.9,0.0,-3.9,0.0,0.0,False,True,True,True
OPTPRLOC,feasible,nomad_default,5,-16.34091894360139,1.2079442430994946e-05,-16.34091894360139,1.2079442430994946e-05,-16.34091894360139,False,True,True,True
OPTPRLOC,violation,nomad_default,5,-15.04889,0.0,-15.04889,0.0,0.0,False,True,True,True
OPTPRLOC,feasible,nomad_default,6,-16.019130446466015,4.428464283747949e-05,-16.019130446466015,4.428464283747949e-05,-16.019130446466015,False,True,True,True
OPTPRLOC,violation,nomad_default,6,-3.9,0.0,-3.9,0.0,0.0,False,True,True,True
OPTPRLOC,feasible,nomad_default,7,-16.34091894360139,1.2079442430994946e-05,-16.34091894360139,1.2079442430994946e-05,-16.34091894360139,False,True,True,True
OPTPRLOC,violation,nomad_default,7,-15.04889,0.0,-15.04889,0.0,0.0,False,True,True,True
OPTPRLOC,feasible,nomad_default,8,-14.527733064060182,5.9152283272936573e-05,-14.527733064060182,5.9152283272936573e-05,-14.527733064060182,False,True,True,True
OPTPRLOC,violation,nomad_default,8,-3.31,0.0,-3.31,0.0,0.0,False,True,True,True
OPTPRLOC,feasible,nomad_default,9,-16.38205384103014,7.289387736878702e-05,-16.38205384103014,7.289387736878702e-05,-16.38205384103014,False,True,True,True
OPTPRLOC,violation,nomad_default,9,-6.33,0.0,-6.33,0.0,0.0,False,True,True,True
OPTPRLOC,feasible,nomad_default,10,-15.618363075325377,1.4947208357556907e-05,-15.618363075325377,1.4947208357556907e-05,-15.618363075325377,False,True,True,True
OPTPRLOC,violation,nomad_default,10,-9.902959999999998,0.0,-9.902959999999998,0.0,0.0,False,True,True,True
OPTPRLOC,violation,zoagp,1,-16.465698741660596,0.05803951004108092,-16.465698741660596,0.05803951004108092,0.05803951004108092,False,True,True,True
OPTPRLOC,violation,zominmax,1,-10.930023828292297,0.11092585263290955,-10.930023828292297,0.11092585263290955,0.11092585263290955,False,True,True,True
OPTPRLOC,violation,zominmax,2,-9.183198878363461,0.005963366645801923,-9.183198878363461,0.005963366645801923,0.005963366645801923,False,True,True,True
OPTPRLOC,violation,zominmax,3,-8.569915289423513,0.0837024350224339,-8.569915289423513,0.0837024350224339,0.0837024350224339,False,True,True,True
OPTPRLOC,violation,zominmax,4,-11.145514054342753,0.08985829255060072,-11.145514054342753,0.08985829255060072,0.08985829255060072,False,True,True,True
OPTPRLOC,violation,zominmax,5,-8.511042944315783,0.05597247732988716,-8.511042944315783,0.05597247732988716,0.05597247732988716,False,True,True,True
OPTPRLOC,violation,zominmax,6,-6.944164880130794,0.06369226861564181,-6.944164880130794,0.06369226861564181,0.06369226861564181,False,True,True,True
OPTPRLOC,violation,zominmax,7,-8.541292500417766,0.07988546470526231,-8.541292500417766,0.07988546470526231,0.07988546470526231,False,True,True,True
OPTPRLOC,violation,zominmax,8,-8.455679446124073,0.07587398269941449,-8.455679446124073,0.07587398269941449,0.07587398269941449,False,True,True,True
OPTPRLOC,violation,zominmax,9,-9.475653439752767,0.04363224733306966,-9.475653439752767,0.04363224733306966,0.04363224733306966,False,True,True,True
OPTPRLOC,violation,zominmax,10,-7.641588758577856,0.0034919153965631464,-7.641588758577856,0.0034919153965631464,0.0034919153965631464,False,True,True,True
OPTPRLOC,violation,szo_conex,1,-6.705237159751704,0.06748504488044897,-6.705237159751704,0.06748504488044897,0.06748504488044897,False,True,True,True
OPTPRLOC,violation,szo_conex,2,-8.149499890873697,0.1639429227549686,-8.149499890873697,0.1639429227549686,0.1639429227549686,False,True,True,True
OPTPRLOC,violation,szo_conex,3,-9.564649913501194,0.12139726749042083,-9.564649913501194,0.12139726749042083,0.12139726749042083,False,True,True,True
OPTPRLOC,violation,szo_conex,4,-6.567987007050076,0.2075640591804654,-6.567987007050076,0.2075640591804654,0.2075640591804654,False,True,True,True
OPTPRLOC,violation,szo_conex,5,-8.996278873834019,0.10919594590024301,-8.996278873834019,0.10919594590024301,0.10919594590024301,False,True,True,True
OPTPRLOC,violation,szo_conex,6,-10.076523311252936,0.08579356176608695,-10.076523311252936,0.08579356176608695,0.08579356176608695,False,True,True,True
OPTPRLOC,violation,szo_conex,7,-10.97264327980496,0.1617817262409668,-10.97264327980496,0.1617817262409668,0.1617817262409668,False,True,True,True
OPTPRLOC,violation,szo_conex,8,-5.27021822825993,0.18249368955528164,-5.27021822825993,0.18249368955528164,0.18249368955528164,False,True,True,True
OPTPRLOC,violation,szo_conex,9,-5.123361381651235,0.07652758193142217,-5.123361381651235,0.07652758193142217,0.07652758193142217,False,True,True,True
OPTPRLOC,violation,szo_conex,10,-7.796413048485336,0.04284528340684121,-7.796413048485336,0.04284528340684121,0.04284528340684121,False,True,True,True
AIRPORT,reference,nomad_default,10,48487.653663395264,9.250134319513473e-05,48487.653663395264,9.250134319513473e-05,48487.653663395264,False,True,True,True
AIRPORT,violation,zob_sgda,1,0.0,1.0,0.0,1.0,1.0,False,True,True,True
AIRPORT,violation,zob_sgda,2,0.0,1.0,0.0,1.0,1.0,False,True,True,True
AIRPORT,violation,zob_sgda,3,0.0,1.0,0.0,1.0,1.0,False,True,True,True
AIRPORT,violation,zob_sgda,4,0.0,1.0,0.0,1.0,1.0,False,True,True,True
AIRPORT,violation,zob_sgda,5,0.0,1.0,0.0,1.0,1.0,False,True,True,True
AIRPORT,violation,zob_sgda,6,0.0,1.0,0.0,1.0,1.0,False,True,True,True
AIRPORT,violation,zob_sgda,7,0.0,1.0,0.0,1.0,1.0,False,True,True,True
AIRPORT,violation,zob_sgda,8,0.0,1.0,0.0,1.0,1.0,False,True,True,True
AIRPORT,violation,zob_sgda,9,0.0,1.0,0.0,1.0,1.0,False,True,True,True
AIRPORT,violation,zob_sgda,10,0.0,1.0,0.0,1.0,1.0,False,True,True,True
AIRPORT,violation,zob_gda,1,0.0,1.0,0.0,1.0,1.0,False,True,True,True
AIRPORT,violation,zob_gda,2,0.0,1.0,0.0,1.0,1.0,False,True,True,True
AIRPORT,violation,zob_gda,3,0.0,1.0,0.0,1.0,1.0,False,True,True,True
AIRPORT,violation,zob_gda,4,0.0,1.0,0.0,1.0,1.0,False,True,True,True
AIRPORT,violation,zob_gda,5,0.0,1.0,0.0,1.0,1.0,False,True,True,True
AIRPORT,violation,zob_gda,6,0.0,1.0,0.0,1.0,1.0,False,True,True,True
AIRPORT,violation,zob_gda,7,0.0,1.0,0.0,1.0,1.0,False,True,True,True
AIRPORT,violation,zob_gda,8,0.0,1.0,0.0,1.0,1.0,False,True,True,True
AIRPORT,violation,zob_gda,9,0.0,1.0,0.0,1.0,1.0,False,True,True,True
AIRPORT,violation,zob_gda,10,0.0,1.0,0.0,1.0,1.0,False,True,True,True
AIRPORT,feasible,nomad_default,1,51210.077,7.764329755651613e-05,51210.077,7.764329755651613e-05,51210.077,False,True,True,True
AIRPORT,violation,nomad_default,1,51466.518099999994,0.0,51466.518099999994,0.0,0.0,False,True,True,True
AIRPORT,feasible,nomad_default,2,51137.88129999993,5.403944879761973e-05,51137.88129999993,5.403944879761973e-05,51137.88129999993,False,True,True,True
AIRPORT,violation,nomad_default,2,52057.87809999992,0.0,52057.87809999992,0.0,0.0,False,True,True,True
AIRPORT,feasible,nomad_default,3,49022.397377650006,2.0499091691409744e-06,49022.397377650006,2.0499091691409744e-06,49022.397377650006,False,True,True,True
AIRPORT,violation,nomad_default,3,51041.8536999999,0.0,51041.8536999999,0.0,0.0,False,True,True,True
AIRPORT,violation,nomad_default,4,50515.15339999998,0.01268617021276596,50515.15339999998,0.01268617021276596,0.01268617021276596,False,True,True,True
AIRPORT,violation,nomad_default,5,42180.13250000002,0.13466836734693877,42180.13250000002,0.13466836734693877,0.13466836734693877,False,True,True,True
AIRPORT,violation,nomad_default,6,50515.15339999998,0.01268617021276596,50515.15339999998,0.01268617021276596,0.01268617021276596,False,True,True,True
AIRPORT,violation,nomad_default,7,42180.13250000002,0.13466836734693877,42180.13250000002,0.13466836734693877,0.13466836734693877,False,True,True,True
AIRPORT,violation,nomad_default,8,51794.88800000003,0.0033396379356930525,51794.88800000003,0.0033396379356930525,0.0033396379356930525,False,True,True,True
AIRPORT,feasible,nomad_default,9,48867.64420552995,6.801613473089062e-05,48867.64420552995,6.801613473089062e-05,48867.64420552995,False,True,True,True
AIRPORT,violation,nomad_default,9,51583.655,0.0,51583.655,0.0,0.0,False,True,True,True
AIRPORT,feasible,nomad_default,10,48487.653663395264,9.250134319513473e-05,48487.653663395264,9.250134319513473e-05,48487.653663395264,False,True,True,True
AIRPORT,violation,nomad_default,10,51211.839700000004,0.0,51211.839700000004,0.0,0.0,False,True,True,True
AIRPORT,violation,zoagp,1,0.0,1.0,0.0,1.0,1.0,False,True,True,True
AIRPORT,violation,zominmax,1,0.0,1.0,0.0,1.0,1.0,False,True,True,True
AIRPORT,violation,zominmax,2,0.0,1.0,0.0,1.0,1.0,False,True,True,True
AIRPORT,violation,zominmax,3,0.0,1.0,0.0,1.0,1.0,False,True,True,True
AIRPORT,violation,zominmax,4,0.0,1.0,0.0,1.0,1.0,False,True,True,True
AIRPORT,violation,zominmax,5,0.0,1.0,0.0,1.0,1.0,False,True,True,True
AIRPORT,violation,zominmax,6,0.0,1.0,0.0,1.0,1.0,False,True,True,True
AIRPORT,violation,zominmax,7,0.0,1.0,0.0,1.0,1.0,False,True,True,True
AIRPORT,violation,zominmax,8,0.0,1.0,0.0,1.0,1.0,False,True,True,True
AIRPORT,violation,zominmax,9,0.0,1.0,0.0,1.0,1.0,False,True,True,True
AIRPORT,violation,zominmax,10,0.0,1.0,0.0,1.0,1.0,False,True,True,True
AIRPORT,violation,szo_conex,1,0.0,1.0,0.0,1.0,1.0,False,True,True,True
AIRPORT,violation,szo_conex,2,0.0,1.0,0.0,1.0,1.0,False,True,True,True
AIRPORT,violation,szo_conex,3,0.0,1.0,0.0,1.0,1.0,False,True,True,True
AIRPORT,violation,szo_conex,4,0.0,1.0,0.0,1.0,1.0,False,True,True,True
AIRPORT,violation,szo_conex,5,0.0,1.0,0.0,1.0,1.0,False,True,True,True
AIRPORT,violation,szo_conex,6,0.0,1.0,0.0,1.0,1.0,False,True,True,True
AIRPORT,violation,szo_conex,7,0.0,1.0,0.0,1.0,1.0,False,True,True,True
AIRPORT,violation,szo_conex,8,0.0,1.0,0.0,1.0,1.0,False,True,True,True
AIRPORT,violation,szo_conex,9,0.0,1.0,0.0,1.0,1.0,False,True,True,True
AIRPORT,violation,szo_conex,10,0.0,1.0,0.0,1.0,1.0,False,True,True,True
HAIFAM,reference,zominmax,4,-0.06720632352965622,0.0,-0.06720632352965622,0.0,-0.06720632352965622,False,True,True,True
HAIFAM,feasible,zob_sgda,1,0.005164507690254505,0.0,0.005164507690254505,0.0,0.005164507690254505,False,True,True,True
HAIFAM,violation,zob_sgda,1,1.0,0.0,1.0,0.0,0.0,False,True,True,True
HAIFAM,feasible,zob_sgda,2,0.005778439600719041,0.0,0.005778439600719041,0.0,0.005778439600719041,False,True,True,True
HAIFAM,violation,zob_sgda,2,1.0,0.0,1.0,0.0,0.0,False,True,True,True
HAIFAM,feasible,zob_sgda,3,0.00445028959417032,0.0,0.00445028959417032,0.0,0.00445028959417032,False,True,True,True
HAIFAM,violation,zob_sgda,3,1.0,0.0,1.0,0.0,0.0,False,True,True,True
HAIFAM,feasible,zob_sgda,4,0.004564934764177811,3.8392527764482684e-05,0.004564934764177811,3.8392527764482684e-05,0.004564934764177811,False,True,True,True
HAIFAM,violation,zob_sgda,4,1.0,0.0,1.0,0.0,0.0,False,True,True,True
HAIFAM,feasible,zob_sgda,5,0.007485739867435116,0.0,0.007485739867435116,0.0,0.007485739867435116,False,True,True,True
HAIFAM,violation,zob_sgda,5,1.0,0.0,1.0,0.0,0.0,False,True,True,True
HAIFAM,feasible,zob_sgda,6,0.005792884248708302,0.0,0.005792884248708302,0.0,0.005792884248708302,False,True,True,True
HAIFAM,violation,zob_sgda,6,1.0,0.0,1.0,0.0,0.0,False,True,True,True
HAIFAM,feasible,zob_sgda,7,0.006983181329544119,0.0,0.006983181329544119,0.0,0.006983181329544119,False,True,True,True
HAIFAM,violation,zob_sgda,7,1.0,0.0,1.0,0.0,0.0,False,True,True,True
HAIFAM,feasible,zob_sgda,8,0.0037344076920712704,0.0,0.0037344076920712704,0.0,0.0037344076920712704,False,True,True,True
HAIFAM,violation,zob_sgda,8,1.0,0.0,1.0,0.0,0.0,False,True,True,True
HAIFAM,feasible,zob_sgda,9,0.00393610654010057,0.0,0.00393610654010057,0.0,0.00393610654010057,False,True,True,True
HAIFAM,violation,zob_sgda,9,1.0,0.0,1.0,0.0,0.0,False,True,True,True
HAIFAM,feasible,zob_sgda,10,0.00600764307863446,0.0,0.00600764307863446,0.0,0.00600764307863446,False,True,True,True
HAIFAM,violation,zob_sgda,10,1.0,0.0,1.0,0.0,0.0,False,True,True,True
HAIFAM,feasible,zob_gda,1,0.0037882874830022645,0.0,0.0037882874830022645,0.0,0.0037882874830022645,False,True,True,True
HAIFAM,violation,zob_gda,1,1.0,0.0,1.0,0.0,0.0,False,True,True,True
HAIFAM,feasible,zob_gda,2,0.0007967346108946477,0.0,0.0007967346108946477,0.0,0.0007967346108946477,False,True,True,True
HAIFAM,violation,zob_gda,2,1.0,0.0,1.0,0.0,0.0,False,True,True,True
HAIFAM,feasible,zob_gda,3,0.0021062633024949567,0.0,0.0021062633024949567,0.0,0.0021062633024949567,False,True,True,True
HAIFAM,violation,zob_gda,3,1.0,0.0,1.0,0.0,0.0,False,True,True,True
HAIFAM,feasible,zob_gda,4,0.004833771187289414,0.0,0.004833771187289414,0.0,0.004833771187289414,False,True,True,True
HAIFAM,violation,zob_gda,4,1.0,0.0,1.0,0.0,0.0,False,True,True,True
HAIFAM,feasible,zob_gda,5,0.0037106015222994754,0.0,0.0037106015222994754,0.0,0.0037106015222994754,False,True,True,True
HAIFAM,violation,zob_gda,5,1.0,0.0,1.0,0.0,0.0,False,True,True,True
HAIFAM,feasible,zob_gda,6,0.0024650976932216184,0.0,0.0024650976932216184,0.0,0.0024650976932216184,False,True,True,True
HAIFAM,violation,zob_gda,6,1.0,0.0,1.0,0.0,0.0,False,True,True,True
HAIFAM,feasible,zob_gda,7,0.0017277760652820995,0.0,0.0017277760652820995,0.0,0.0017277760652820995,False,True,True,True
HAIFAM,violation,zob_gda,7,1.0,0.0,1.0,0.0,0.0,False,True,True,True
HAIFAM,feasible,zob_gda,8,0.005185705023426481,0.0,0.005185705023426481,0.0,0.005185705023426481,False,True,True,True
HAIFAM,violation,zob_gda,8,1.0,0.0,1.0,0.0,0.0,False,True,True,True
HAIFAM,feasible,zob_gda,9,0.0017500848264989932,1.0902051255714791e-05,0.0017500848264989932,1.0902051255714791e-05,0.0017500848264989932,False,True,True,True
HAIFAM,violation,zob_gda,9,1.0,0.0,1.0,0.0,0.0,False,True,True,True
HAIFAM,feasible,zob_gda,10,0.0013704026336694014,0.0,0.0013704026336694014,0.0,0.0013704026336694014,False,True,True,True
HAIFAM,violation,zob_gda,10,1.0,0.0,1.0,0.0,0.0,False,True,True,True
HAIFAM,feasible,nomad_default,1,0.40377067961205,0.0,0.40377067961205,0.0,0.40377067961205,False,True,True,True
HAIFAM,violation,nomad_default,1,1.0,0.0,1.0,0.0,0.0,False,True,True,True
HAIFAM,feasible,nomad_default,2,0.04523748504312,0.0,0.04523748504312,0.0,0.04523748504312,False,True,True,True
HAIFAM,violation,nomad_default,2,1.0,0.0,1.0,0.0,0.0,False,True,True,True
HAIFAM,feasible,nomad_default,3,0.07640029915167,0.0,0.07640029915167,0.0,0.07640029915167,False,True,True,True
HAIFAM,violation,nomad_default,3,1.0,0.0,1.0,0.0,0.0,False,True,True,True
HAIFAM,feasible,nomad_default,4,0.1065145599992,0.0,0.1065145599992,0.0,0.1065145599992,False,True,True,True
HAIFAM,violation,nomad_default,4,1.0,0.0,1.0,0.0,0.0,False,True,True,True
HAIFAM,feasible,nomad_default,5,0.10960889935,0.0,0.10960889935,0.0,0.10960889935,False,True,True,True
HAIFAM,violation,nomad_default,5,1.0,0.0,1.0,0.0,0.0,False,True,True,True
HAIFAM,feasible,nomad_default,6,0.1065145599992,0.0,0.1065145599992,0.0,0.1065145599992,False,True,True,True
HAIFAM,violation,nomad_default,6,1.0,0.0,1.0,0.0,0.0,False,True,True,True
HAIFAM,feasible,nomad_default,7,0.10960889935,0.0,0.10960889935,0.0,0.10960889935,False,True,True,True
HAIFAM,violation,nomad_default,7,1.0,0.0,1.0,0.0,0.0,False,True,True,True
HAIFAM,feasible,nomad_default,8,0.08901833417099,0.0,0.08901833417099,0.0,0.08901833417099,False,True,True,True
HAIFAM,violation,nomad_default,8,1.0,0.0,1.0,0.0,0.0,False,True,True,True
HAIFAM,feasible,nomad_default,9,0.07792291103635,0.0,0.07792291103635,0.0,0.07792291103635,False,True,True,True
HAIFAM,violation,nomad_default,9,1.0,0.0,1.0,0.0,0.0,False,True,True,True
HAIFAM,feasible,nomad_default,10,0.09301308331746,0.0,0.09301308331746,0.0,0.09301308331746,False,True,True,True
HAIFAM,violation,nomad_default,10,1.0,0.0,1.0,0.0,0.0,False,True,True,True
HAIFAM,feasible,zoagp,1,-0.0053584310136264215,8.453364859825828e-05,-0.0053584310136264215,8.453364859825828e-05,-0.0053584310136264215,False,True,True,True
HAIFAM,violation,zoagp,1,1.0,0.0,1.0,0.0,0.0,False,True,True,True
HAIFAM,feasible,zominmax,1,-0.06609459552810967,0.0,-0.06609459552810967,0.0,-0.06609459552810967,False,True,True,True
HAIFAM,violation,zominmax,1,1.0,0.0,1.0,0.0,0.0,False,True,True,True
HAIFAM,feasible,zominmax,2,-0.0627351336121002,4.108258987160558e-05,-0.0627351336121002,4.108258987160558e-05,-0.0627351336121002,False,True,True,True
HAIFAM,violation,zominmax,2,1.0,0.0,1.0,0.0,0.0,False,True,True,True
HAIFAM,feasible,zominmax,3,-0.06480310243239618,0.0,-0.06480310243239618,0.0,-0.06480310243239618,False,True,True,True
HAIFAM,violation,zominmax,3,1.0,0.0,1.0,0.0,0.0,False,True,True,True
HAIFAM,feasible,zominmax,4,-0.06720632352965622,0.0,-0.06720632352965622,0.0,-0.06720632352965622,False,True,True,True
HAIFAM,violation,zominmax,4,1.0,0.0,1.0,0.0,0.0,False,True,True,True
HAIFAM,feasible,zominmax,5,-0.06693827105209878,7.271119332094888e-05,-0.06693827105209878,7.271119332094888e-05,-0.06693827105209878,False,True,True,True
HAIFAM,violation,zominmax,5,1.0,0.0,1.0,0.0,0.0,False,True,True,True
HAIFAM,feasible,zominmax,6,-0.06215590713536676,9.831321529545817e-05,-0.06215590713536676,9.831321529545817e-05,-0.06215590713536676,False,True,True,True
HAIFAM,violation,zominmax,6,1.0,0.0,1.0,0.0,0.0,False,True,True,True
HAIFAM,feasible,zominmax,7,-0.06210768367371012,7.12567802969786e-05,-0.06210768367371012,7.12567802969786e-05,-0.06210768367371012,False,True,True,True
HAIFAM,violation,zominmax,7,1.0,0.0,1.0,0.0,0.0,False,True,True,True
HAIFAM,feasible,zominmax,8,-0.06699639570608791,9.389592800206633e-05,-0.06699639570608791,9.389592800206633e-05,-0.06699639570608791,False,True,True,True
HAIFAM,violation,zominmax,8,1.0,0.0,1.0,0.0,0.0,False,True,True,True
HAIFAM,feasible,zominmax,9,-0.06475476921627567,8.10779780073894e-05,-0.06475476921627567,8.10779780073894e-05,-0.06475476921627567,False,True,True,True
HAIFAM,violation,zominmax,9,1.0,0.0,1.0,0.0,0.0,False,True,True,True
HAIFAM,feasible,zominmax,10,-0.06624361681781919,9.25078791998249e-05,-0.06624361681781919,9.25078791998249e-05,-0.06624361681781919,False,True,True,True
HAIFAM,violation,zominmax,10,1.0,0.0,1.0,0.0,0.0,False,True,True,True
HAIFAM,feasible,szo_conex,1,0.0128447867650267,0.0,0.0128447867650267,0.0,0.0128447867650267,False,True,True,True
HAIFAM,violation,szo_conex,1,1.0,0.0,1.0,0.0,0.0,False,True,True,True
HAIFAM,feasible,szo_conex,2,0.01677741446933101,0.0,0.01677741446933101,0.0,0.01677741446933101,False,True,True,True
HAIFAM,violation,szo_conex,2,1.0,0.0,1.0,0.0,0.0,False,True,True,True
HAIFAM,feasible,szo_conex,3,0.018360045027136146,0.0,0.018360045027136146,0.0,0.018360045027136146,False,True,True,True
HAIFAM,violation,szo_conex,3,1.0,0.0,1.0,0.0,0.0,False,True,True,True
HAIFAM,feasible,szo_conex,4,0.014113542073190497,0.0,0.014113542073190497,0.0,0.014113542073190497,False,True,True,True
HAIFAM,violation,szo_conex,4,1.0,0.0,1.0,0.0,0.0,False,True,True,True
HAIFAM,feasible,szo_conex,5,0.013404004983665679,5.534252265136411e-05,0.013404004983665679,5.534252265136411e-05,0.013404004983665679,False,True,True,True
HAIFAM,violation,szo_conex,5,1.0,0.0,1.0,0.0,0.0,False,True,True,True
HAIFAM,feasible,szo_conex,6,0.023141540838299293,0.0,0.023141540838299293,0.0,0.023141540838299293,False,True,True,True
HAIFAM,violation,szo_conex,6,1.0,0.0,1.0,0.0,0.0,False,True,True,True
HAIFAM,feasible,szo_conex,7,0.01423038872672152,0.0,0.01423038872672152,0.0,0.01423038872672152,False,True,True,True
HAIFAM,violation,szo_conex,7,1.0,0.0,1.0,0.0,0.0,False,True,True,True
HAIFAM,feasible,szo_conex,8,0.013891498862289402,0.0,0.013891498862289402,0.0,0.013891498862289402,False,True,True,True
HAIFAM,violation,szo_conex,8,1.0,0.0,1.0,0.0,0.0,False,True,True,True
HAIFAM,feasible,szo_conex,9,0.015024815654713149,0.0,0.015024815654713149,0.0,0.015024815654713149,False,True,True,True
HAIFAM,violation,szo_conex,9,1.0,0.0,1.0,0.0,0.0,False,True,True,True
HAIFAM,feasible,szo_conex,10,0.012761063496295057,0.0,0.012761063496295057,0.0,0.012761063496295057,False,True,True,True
HAIFAM,violation,szo_conex,10,1.0,0.0,1.0,0.0,0.0,False,True,True,True
HIMMELBI,reference,zob_gda,101,-1735.02178679986,0.0,-1735.02178679986,0.0,-1735.02178679986,False,True,True,True
HIMMELBI,violation,zob_sgda,1,-1680.7908182879903,0.20015136810102624,-1680.7908182879903,0.20015136810102624,0.20015136810102624,False,True,True,True
HIMMELBI,violation,zob_sgda,2,-1680.634236029507,0.19764097669971137,-1680.634236029507,0.19764097669971137,0.19764097669971137,False,True,True,True
HIMMELBI,violation,zob_sgda,3,-1680.852733880561,0.1892194757014252,-1680.852733880561,0.1892194757014252,0.1892194757014252,False,True,True,True
HIMMELBI,violation,zob_sgda,4,-1679.8379573013829,0.1916542008328823,-1679.8379573013829,0.1916542008328823,0.1916542008328823,False,True,True,True
HIMMELBI,violation,zob_sgda,5,-1681.1010476657545,0.1851976444352371,-1681.1010476657545,0.1851976444352371,0.1851976444352371,False,True,True,True
HIMMELBI,violation,zob_sgda,6,-1680.8086919099621,0.1864422377728519,-1680.8086919099621,0.1864422377728519,0.1864422377728519,False,True,True,True
HIMMELBI,violation,zob_sgda,7,-1680.7322909355792,0.1944604756607469,-1680.7322909355792,0.1944604756607469,0.1944604756607469,False,True,True,True
HIMMELBI,violation,zob_sgda,8,-1680.7188598446019,0.19540005438942187,-1680.7188598446019,0.19540005438942187,0.19540005438942187,False,True,True,True
HIMMELBI,violation,zob_sgda,9,-1680.8448643814584,0.18867024056784107,-1680.8448643814584,0.18867024056784107,0.18867024056784107,False,True,True,True
HIMMELBI,violation,zob_sgda,10,-1680.549064137877,0.1785777196127954,-1680.549064137877,0.1785777196127954,0.1785777196127954,False,True,True,True
HIMMELBI,violation,zob_gda,1,-1699.2139576125148,0.17979912301571788,-1699.2139576125148,0.17979912301571788,0.17979912301571788,False,True,True,True
HIMMELBI,violation,zob_gda,2,-1701.206894273715,0.18106511359449995,-1701.206894273715,0.18106511359449995,0.18106511359449995,False,True,True,True
HIMMELBI,violation,zob_gda,3,-1700.465266968683,0.1686308292432113,-1700.465266968683,0.1686308292432113,0.1686308292432113,False,True,True,True
HIMMELBI,violation,zob_gda,4,-1699.973091669049,0.17424221034043608,-1699.973091669049,0.17424221034043608,0.17424221034043608,False,True,True,True
HIMMELBI,violation,zob_gda,5,-1699.895760181717,0.17381496705043978,-1699.895760181717,0.17381496705043978,0.17381496705043978,False,True,True,True
HIMMELBI,violation,zob_gda,6,-1698.8946823023132,0.15971796114537307,-1698.8946823023132,0.15971796114537307,0.15971796114537307,False,True,True,True
HIMMELBI,violation,zob_gda,7,-1699.0287024945035,0.1681266497239018,-1699.0287024945035,0.1681266497239018,0.1681266497239018,False,True,True,True
HIMMELBI,violation,zob_gda,8,-1698.6893441600948,0.1645332550662991,-1698.6893441600948,0.1645332550662991,0.1645332550662991,False,True,True,True
HIMMELBI,violation,zob_gda,9,-1699.7065754825621,0.1667580945745476,-1699.7065754825621,0.1667580945745476,0.1667580945745476,False,True,True,True
HIMMELBI,violation,zob_gda,10,-1699.707508298544,0.1806588838372699,-1699.707508298544,0.1806588838372699,0.1806588838372699,False,True,True,True
HIMMELBI,feasible,nomad_default,1,-1658.3774194181456,3.6740000001280745e-05,-1658.3774194181456,3.6740000001280745e-05,-1658.3774194181456,False,True,True,True
HIMMELBI,violation,nomad_default,1,-1308.0309860666116,0.0,-1308.0309860666116,0.0,0.0,False,True,True,True
HIMMELBI,feasible,nomad_default,2,-1648.0053648716223,0.0,-1648.0053648716223,0.0,-1648.0053648716223,False,True,True,True
HIMMELBI,violation,nomad_default,2,-1200.9329583157246,0.0,-1200.9329583157246,0.0,0.0,False,True,True,True
HIMMELBI,feasible,nomad_default,3,-1660.106961812759,6.371133679579161e-06,-1660.106961812759,6.371133679579161e-06,-1660.106961812759,False,True,True,True
HIMMELBI,violation,nomad_default,3,-1346.8588235916768,0.0,-1346.8588235916768,0.0,0.0,False,True,True,True
HIMMELBI,feasible,nomad_default,4,-1659.9420151224713,4.543695762277089e-05,-1659.9420151224713,4.543695762277089e-05,-1659.9420151224713,False,True,True,True
HIMMELBI,violation,nomad_default,4,-1329.5649430436597,0.0,-1329.5649430436597,0.0,0.0,False,True,True,True
HIMMELBI,feasible,nomad_default,5,-1671.800517845958,4.098397002474021e-05,-1671.800517845958,4.098397002474021e-05,-1671.800517845958,False,True,True,True
HIMMELBI,violation,nomad_default,5,-1153.1138548500428,0.0,-1153.1138548500428,0.0,0.0,False,True,True,True
HIMMELBI,feasible,nomad_default,6,-1659.9420151224713,4.543695762277089e-05,-1659.9420151224713,4.543695762277089e-05,-1659.9420151224713,False,True,True,True
HIMMELBI,violation,nomad_default,6,-1329.5649430436597,0.0,-1329.5649430436597,0.0,0.0,False,True,True,True
HIMMELBI,feasible,nomad_default,7,-1671.800517845958,4.098397002474021e-05,-1671.800517845958,4.098397002474021e-05,-1671.800517845958,False,True,True,True
HIMMELBI,violation,nomad_default,7,-1153.1138548500428,0.0,-1153.1138548500428,0.0,0.0,False,True,True,True
HIMMELBI,feasible,nomad_default,8,-1697.6423705412365,4.7467318953059444e-05,-1697.6423705412365,4.7467318953059444e-05,-1697.6423705412365,False,True,True,True
HIMMELBI,violation,nomad_default,8,-1318.86057204961,0.0,-1318.86057204961,0.0,0.0,False,True,True,True
HIMMELBI,feasible,nomad_default,9,-1683.4441843258462,6.7400000033427756e-06,-1683.4441843258462,6.7400000033427756e-06,-1683.4441843258462,False,True,True,True
HIMMELBI,violation,nomad_default,9,-1195.0118979869685,0.0,-1195.0118979869685,0.0,0.0,False,True,True,True
HIMMELBI,feasible,nomad_default,10,-1666.2737849228263,9.932721667012126e-05,-1666.2737849228263,9.932721667012126e-05,-1666.2737849228263,False,True,True,True
HIMMELBI,violation,nomad_default,10,-1302.1925398976855,0.0,-1302.1925398976855,0.0,0.0,False,True,True,True
HIMMELBI,violation,zoagp,1,-1727.8744569889427,0.3735541908829118,-1727.8744569889427,0.3735541908829118,0.3735541908829118,False,True,True,True
HIMMELBI,violation,zominmax,1,-1733.874958340649,0.043043140725028774,-1733.874958340649,0.043043140725028774,0.043043140725028774,False,True,True,True
HIMMELBI,violation,zominmax,2,-1731.6825611199201,0.04134591535626243,-1731.6825611199201,0.04134591535626243,0.04134591535626243,False,True,True,True
HIMMELBI,violation,zominmax,3,-1731.882893830134,0.04473518478013396,-1731.882893830134,0.04473518478013396,0.04473518478013396,False,True,True,True
HIMMELBI,violation,zominmax,4,-1733.9484489994252,0.030966466155425802,-1733.9484489994252,0.030966466155425802,0.030966466155425802,False,True,True,True
HIMMELBI,violation,zominmax,5,-1731.9421910082292,0.05149419167767597,-1731.9421910082292,0.05149419167767597,0.05149419167767597,False,True,True,True
HIMMELBI,violation,zominmax,6,-1734.6900246232024,0.05065399966827106,-1734.6900246232024,0.05065399966827106,0.05065399966827106,False,True,True,True
HIMMELBI,violation,zominmax,7,-1733.2724613026041,0.06346612118638059,-1733.2724613026041,0.06346612118638059,0.06346612118638059,False,True,True,True
HIMMELBI,violation,zominmax,8,-1735.830224301829,0.0682274744889562,-1735.830224301829,0.0682274744889562,0.0682274744889562,False,True,True,True
HIMMELBI,violation,zominmax,9,-1734.4704960217584,0.04269357619654592,-1734.4704960217584,0.04269357619654592,0.04269357619654592,False,True,True,True
HIMMELBI,violation,zominmax,10,-1733.5498937599693,0.05005875331472336,-1733.5498937599693,0.05005875331472336,0.05005875331472336,False,True,True,True
HIMMELBI,violation,szo_conex,1,-1403.2418357261135,0.7333455420917794,-1403.2418357261135,0.7333455420917794,0.7333455420917794,False,True,True,True
HIMMELBI,violation,szo_conex,2,-1505.9198724901007,0.7891712189608525,-1505.9198724901007,0.7891712189608525,0.7891712189608525,False,True,True,True
HIMMELBI,violation,szo_conex,3,-1530.9982564780662,0.7049333093899807,-1530.9982564780662,0.7049333093899807,0.7049333093899807,False,True,True,True
HIMMELBI,violation,szo_conex,4,-1488.462634478961,0.5577444152632771,-1488.462634478961,0.5577444152632771,0.5577444152632771,False,True,True,True
HIMMELBI,violation,szo_conex,5,-1581.9992599694879,0.7139016506188948,-1581.9992599694879,0.7139016506188948,0.7139016506188948,False,True,True,True
HIMMELBI,violation,szo_conex,6,-1506.686612772876,0.7659221384763726,-1506.686612772876,0.7659221384763726,0.7659221384763726,False,True,True,True
HIMMELBI,violation,szo_conex,7,-1581.7711444166737,0.725810243674782,-1581.7711444166737,0.725810243674782,0.725810243674782,False,True,True,True
HIMMELBI,violation,szo_conex,8,-1126.4093766182525,0.7517761546519991,-1126.4093766182525,0.7517761546519991,0.7517761546519991,False,True,True,True
HIMMELBI,violation,szo_conex,9,-1542.5313219628897,0.7544898106779716,-1542.5313219628897,0.7544898106779716,0.7544898106779716,False,True,True,True
HIMMELBI,violation,szo_conex,10,-1514.9641267039333,0.6113837820542452,-1514.9641267039333,0.6113837820542452,0.6113837820542452,False,True,True,True
MADSSCHJ,reference,zominmax,5,-4552.768312024165,0.0,-4552.768312024165,0.0,-4552.768312024165,False,True,True,True
MADSSCHJ,feasible,zob_sgda,1,-33.09907423498674,0.0,-33.09907423498674,0.0,-33.09907423498674,False,True,True,True
MADSSCHJ,violation,zob_sgda,1,6.371483403730463,0.0,6.371483403730463,0.0,0.0,False,True,True,True
MADSSCHJ,feasible,zob_sgda,2,-33.367344210569776,0.0,-33.367344210569776,0.0,-33.367344210569776,False,True,True,True
MADSSCHJ,violation,zob_sgda,2,5.617444347435597,0.0,5.617444347435597,0.0,0.0,False,True,True,True
MADSSCHJ,feasible,zob_sgda,3,-32.54178063639285,0.0,-32.54178063639285,0.0,-32.54178063639285,False,True,True,True
MADSSCHJ,violation,zob_sgda,3,6.880896054649757,0.0,6.880896054649757,0.0,0.0,False,True,True,True
MADSSCHJ,feasible,zob_sgda,4,-32.005704383251306,0.0,-32.005704383251306,0.0,-32.005704383251306,False,True,True,True
MADSSCHJ,violation,zob_sgda,4,6.5274615287134,0.0,6.5274615287134,0.0,0.0,False,True,True,True
MADSSCHJ,feasible,zob_sgda,5,-32.80793090331003,0.0,-32.80793090331003,0.0,-32.80793090331003,False,True,True,True
MADSSCHJ,violation,zob_sgda,5,6.46615141642211,0.0,6.46615141642211,0.0,0.0,False,True,True,True
MADSSCHJ,feasible,zob_sgda,6,-31.14372369497955,0.0,-31.14372369497955,0.0,-31.14372369497955,False,True,True,True
MADSSCHJ,violation,zob_sgda,6,6.143246107143089,0.0,6.143246107143089,0.0,0.0,False,True,True,True
MADSSCHJ,feasible,zob_sgda,7,-32.99861956205045,0.0,-32.99861956205045,0.0,-32.99861956205045,False,True,True,True
MADSSCHJ,violation,zob_sgda,7,5.199126355434456,0.0,5.199126355434456,0.0,0.0,False,True,True,True
MADSSCHJ,feasible,zob_sgda,8,-32.98541226358214,0.0,-32.98541226358214,0.0,-32.98541226358214,False,True,True,True
MADSSCHJ,violation,zob_sgda,8,5.705433638210877,0.0,5.705433638210877,0.0,0.0,False,True,True,True
MADSSCHJ,feasible,zob_sgda,9,-30.23047454816949,0.0,-30.23047454816949,0.0,-30.23047454816949,False,True,True,True
MADSSCHJ,violation,zob_sgda,9,7.7333400660805225,0.0,7.7333400660805225,0.0,0.0,False,True,True,True
MADSSCHJ,feasible,zob_sgda,10,-31.61677425845858,0.0,-31.61677425845858,0.0,-31.61677425845858,False,True,True,True
MADSSCHJ,violation,zob_sgda,10,5.649870085589442,0.0,5.649870085589442,0.0,0.0,False,True,True,True
MADSSCHJ,feasible,zob_gda,1,-52.907059524313645,0.0,-52.907059524313645,0.0,-52.907059524313645,False,True,True,True
MADSSCHJ,violation,zob_gda,1,5.62477563915074,0.0,5.62477563915074,0.0,0.0,False,True,True,True
MADSSCHJ,feasible,zob_gda,2,-58.46305783108094,0.0,-58.46305783108094,0.0,-58.46305783108094,False,True,True,True
MADSSCHJ,violation,zob_gda,2,6.2563973928121595,0.0,6.2563973928121595,0.0,0.0,False,True,True,True
MADSSCHJ,feasible,zob_gda,3,-51.886188605676146,0.0,-51.886188605676146,0.0,-51.886188605676146,False,True,True,True
MADSSCHJ,violation,zob_gda,3,7.383905992344855,0.0,7.383905992344855,0.0,0.0,False,True,True,True
MADSSCHJ,feasible,zob_gda,4,-58.54622977793215,0.0,-58.54622977793215,0.0,-58.54622977793215,False,True,True,True
MADSSCHJ,violation,zob_gda,4,4.481822833519891,0.0,4.481822833519891,0.0,0.0,False,True,True,True
MADSSCHJ,feasible,zob_gda,5,-50.6711819374262,0.0,-50.6711819374262,0.0,-50.6711819374262,False,True,True,True
MADSSCHJ,violation,zob_gda,5,6.601219466634831,0.0,6.601219466634831,0.0,0.0,False,True,True,True
MADSSCHJ,feasible,zob_gda,6,-54.11837730090972,0.0,-54.11837730090972,0.0,-54.11837730090972,False,True,True,True
MADSSCHJ,violation,zob_gda,6,6.922214661710515,0.0,6.922214661710515,0.0,0.0,False,True,True,True
MADSSCHJ,feasible,zob_gda,7,-52.874732932812364,0.0,-52.874732932812364,0.0,-52.874732932812364,False,True,True,True
MADSSCHJ,violation,zob_gda,7,6.704665647052597,0.0,6.704665647052597,0.0,0.0,False,True,True,True
MADSSCHJ,feasible,zob_gda,8,-57.349135825692336,0.0,-57.349135825692336,0.0,-57.349135825692336,False,True,True,True
MADSSCHJ,violation,zob_gda,8,5.244147045816875,0.0,5.244147045816875,0.0,0.0,False,True,True,True
MADSSCHJ,feasible,zob_gda,9,-52.85931537194415,0.0,-52.85931537194415,0.0,-52.85931537194415,False,True,True,True
MADSSCHJ,violation,zob_gda,9,5.624868086585179,0.0,5.624868086585179,0.0,0.0,False,True,True,True
MADSSCHJ,feasible,zob_gda,10,-54.23383401982983,0.0,-54.23383401982983,0.0,-54.23383401982983,False,True,True,True
MADSSCHJ,violation,zob_gda,10,4.526845902107279,0.0,4.526845902107279,0.0,0.0,False,True,True,True
MADSSCHJ,feasible,nomad_default,1,2e+19,0.0,2e+19,0.0,2e+19,True,True,True,True
MADSSCHJ,violation,nomad_default,1,2e+19,0.0,2e+19,0.0,0.0,True,True,True,True
MADSSCHJ,feasible,nomad_default,2,2e+19,0.0,2e+19,0.0,2e+19,True,True,True,True
MADSSCHJ,violation,nomad_default,2,2e+19,0.0,2e+19,0.0,0.0,True,True,True,True
MADSSCHJ,feasible,nomad_default,3,2e+19,0.0,2e+19,0.0,2e+19,True,True,True,True
MADSSCHJ,violation,nomad_default,3,2e+19,0.0,2e+19,0.0,0.0,True,True,True,True
MADSSCHJ,feasible,nomad_default,4,2e+19,0.0,2e+19,0.0,2e+19,True,True,True,True
MADSSCHJ,violation,nomad_default,4,2e+19,0.0,2e+19,0.0,0.0,True,True,True,True
MADSSCHJ,feasible,nomad_default,5,2e+19,0.0,2e+19,0.0,2e+19,True,True,True,True
MADSSCHJ,violation,nomad_default,5,2e+19,0.0,2e+19,0.0,0.0,True,True,True,True
MADSSCHJ,feasible,nomad_default,6,2e+19,0.0,2e+19,0.0,2e+19,True,True,True,True
MADSSCHJ,violation,nomad_default,6,2e+19,0.0,2e+19,0.0,0.0,True,True,True,True
MADSSCHJ,feasible,nomad_default,7,2e+19,0.0,2e+19,0.0,2e+19,True,True,True,True
MADSSCHJ,violation,nomad_default,7,2e+19,0.0,2e+19,0.0,0.0,True,True,True,True
MADSSCHJ,feasible,nomad_default,8,2e+19,0.0,2e+19,0.0,2e+19,True,True,True,True
MADSSCHJ,violation,nomad_default,8,2e+19,0.0,2e+19,0.0,0.0,True,True,True,True
MADSSCHJ,feasible,nomad_default,9,2e+19,0.0,2e+19,0.0,2e+19,True,True,True,True
MADSSCHJ,violation,nomad_default,9,2e+19,0.0,2e+19,0.0,0.0,True,True,True,True
MADSSCHJ,feasible,nomad_default,10,2e+19,0.0,2e+19,0.0,2e+19,True,True,True,True
MADSSCHJ,violation,nomad_default,10,2e+19,0.0,2e+19,0.0,0.0,True,True,True,True
MADSSCHJ,feasible,zoagp,1,-233.63176450396838,0.0,-233.63176450396838,0.0,-233.63176450396838,False,True,True,True
MADSSCHJ,violation,zoagp,1,-12.22852578759462,0.0,-12.22852578759462,0.0,0.0,False,True,True,True
MADSSCHJ,feasible,zominmax,1,-4530.839326624339,0.0,-4530.839326624339,0.0,-4530.839326624339,False,True,True,True
MADSSCHJ,violation,zominmax,1,-118.13974963881725,0.0,-118.13974963881725,0.0,0.0,False,True,True,True
MADSSCHJ,feasible,zominmax,2,-4533.246615001706,0.0,-4533.246615001706,0.0,-4533.246615001706,False,True,True,True
MADSSCHJ,violation,zominmax,2,-98.95151497488261,0.0,-98.95151497488261,0.0,0.0,False,True,True,True
MADSSCHJ,feasible,zominmax,3,-4503.903689213422,0.0,-4503.903689213422,0.0,-4503.903689213422,False,True,True,True
MADSSCHJ,violation,zominmax,3,-88.43956019017342,0.0,-88.43956019017342,0.0,0.0,False,True,True,True
MADSSCHJ,feasible,zominmax,4,-4505.176583595676,0.0,-4505.176583595676,0.0,-4505.176583595676,False,True,True,True
MADSSCHJ,violation,zominmax,4,-109.07518806685741,0.0,-109.07518806685741,0.0,0.0,False,True,True,True
MADSSCHJ,feasible,zominmax,5,-4552.768312024165,0.0,-4552.768312024165,0.0,-4552.768312024165,False,True,True,True
MADSSCHJ,violation,zominmax,5,-85.19469709242782,0.0,-85.19469709242782,0.0,0.0,False,True,True,True
MADSSCHJ,feasible,zominmax,6,-4507.8893401668165,0.0,-4507.8893401668165,0.0,-4507.8893401668165,False,True,True,True
MADSSCHJ,violation,zominmax,6,-66.13239011413305,0.0,-66.13239011413305,0.0,0.0,False,True,True,True
MADSSCHJ,feasible,zominmax,7,-4512.158336254705,0.0,-4512.158336254705,0.0,-4512.158336254705,False,True,True,True
MADSSCHJ,violation,zominmax,7,-82.28089458626731,0.0,-82.28089458626731,0.0,0.0,False,True,True,True
MADSSCHJ,feasible,zominmax,8,-4525.973676354982,0.0,-4525.973676354982,0.0,-4525.973676354982,False,True,True,True
MADSSCHJ,violation,zominmax,8,-92.61304853832986,0.0,-92.61304853832986,0.0,0.0,False,True,True,True
MADSSCHJ,feasible,zominmax,9,-4509.671750900891,0.0,-4509.671750900891,0.0,-4509.671750900891,False,True,True,True
MADSSCHJ,violation,zominmax,9,-94.22116103584374,0.0,-94.22116103584374,0.0,0.0,False,True,True,True
MADSSCHJ,feasible,zominmax,10,-4552.444914516882,0.0,-4552.444914516882,0.0,-4552.444914516882,False,True,True,True
MADSSCHJ,violation,zominmax,10,-110.00582800783137,0.0,-110.00582800783137,0.0,0.0,False,True,True,True
MADSSCHJ,violation,szo_conex,1,-3.9485645682954833,0.9728815438619055,-3.9485645682954833,0.9728815438619055,0.9728815438619055,False,True,True,True
MADSSCHJ,violation,szo_conex,2,-3.2961043080921986,0.96410870326988,-3.2961043080921986,0.96410870326988,0.96410870326988,False,True,True,True
MADSSCHJ,violation,szo_conex,3,-2.879395605666245,0.9714500381608568,-2.879395605666245,0.9714500381608568,0.9714500381608568,False,True,True,True
MADSSCHJ,violation,szo_conex,4,-3.5407799396087825,0.9687780753028976,-3.5407799396087825,0.9687780753028976,0.9687780753028976,False,True,True,True
MADSSCHJ,violation,szo_conex,5,-3.826043002098853,0.9632237077489897,-3.826043002098853,0.9632237077489897,0.9632237077489897,False,True,True,True
MADSSCHJ,violation,szo_conex,6,-3.3735696947902167,0.9651488507817026,-3.3735696947902167,0.9651488507817026,0.9651488507817026,False,True,True,True
MADSSCHJ,violation,szo_conex,7,-2.912470277603331,0.9661328618958521,-2.912470277603331,0.9661328618958521,0.9661328618958521,False,True,True,True
MADSSCHJ,violation,szo_conex,8,-3.0672885463687067,0.9622389279995721,-3.0672885463687067,0.9622389279995721,0.9622389279995721,False,True,True,True
MADSSCHJ,violation,szo_conex,9,-2.7892012882677157,0.9581453133554981,-2.7892012882677157,0.9581453133554981,0.9581453133554981,False,True,True,True
MADSSCHJ,violation,szo_conex,10,-3.1527003521665597,0.9671780179719793,-3.1527003521665597,0.9671780179719793,0.9671780179719793,False,True,True,True
HAIFAL,reference,szo_conex,10,-0.02570573129967026,0.0,-0.02570573129967026,0.0,-0.02570573129967026,False,True,True,True
HAIFAL,feasible,zob_sgda,1,0.0,0.0,0.0,0.0,0.0,False,True,True,True
HAIFAL,violation,zob_sgda,1,0.0,0.0,0.0,0.0,0.0,False,True,True,True
HAIFAL,feasible,zob_sgda,2,0.0,0.0,0.0,0.0,0.0,False,True,True,True
HAIFAL,violation,zob_sgda,2,0.0,0.0,0.0,0.0,0.0,False,True,True,True
HAIFAL,feasible,zob_sgda,3,0.0,0.0,0.0,0.0,0.0,False,True,True,True
HAIFAL,violation,zob_sgda,3,0.0,0.0,0.0,0.0,0.0,False,True,True,True
HAIFAL,feasible,zob_sgda,4,0.0,0.0,0.0,0.0,0.0,False,True,True,True
HAIFAL,violation,zob_sgda,4,0.0,0.0,0.0,0.0,0.0,False,True,True,True
HAIFAL,feasible,zob_sgda,5,0.0,0.0,0.0,0.0,0.0,False,True,True,True
HAIFAL,violation,zob_sgda,5,0.0,0.0,0.0,0.0,0.0,False,True,True,True
HAIFAL,feasible,zob_sgda,6,0.0,0.0,0.0,0.0,0.0,False,True,True,True
HAIFAL,violation,zob_sgda,6,0.0,0.0,0.0,0.0,0.0,False,True,True,True
HAIFAL,feasible,zob_sgda,7,0.0,0.0,0.0,0.0,0.0,False,True,True,True
HAIFAL,violation,zob_sgda,7,0.0,0.0,0.0,0.0,0.0,False,True,True,True
HAIFAL,feasible,zob_sgda,8,0.0,0.0,0.0,0.0,0.0,False,True,True,True
HAIFAL,violation,zob_sgda,8,0.0,0.0,0.0,0.0,0.0,False,True,True,True
HAIFAL,feasible,zob_sgda,9,0.0,0.0,0.0,0.0,0.0,False,True,True,True
HAIFAL,violation,zob_sgda,9,0.0,0.0,0.0,0.0,0.0,False,True,True,True
HAIFAL,feasible,zob_sgda,10,0.0,0.0,0.0,0.0,0.0,False,True,True,True
HAIFAL,violation,zob_sgda,10,0.0,0.0,0.0,0.0,0.0,False,True,True,True
HAIFAL,feasible,zob_gda,1,0.0,0.0,0.0,0.0,0.0,False,True,True,True
HAIFAL,violation,zob_gda,1,0.0,0.0,0.0,0.0,0.0,False,True,True,True
HAIFAL,feasible,zob_gda,2,0.0,0.0,0.0,0.0,0.0,False,True,True,True
HAIFAL,violation,zob_gda,2,0.0,0.0,0.0,0.0,0.0,False,True,True,True
HAIFAL,feasible,zob_gda,3,0.0,0.0,0.0,0.0,0.0,False,True,True,True
HAIFAL,violation,zob_gda,3,0.0,0.0,0.0,0.0,0.0,False,True,True,True
HAIFAL,feasible,zob_gda,4,0.0,0.0,0.0,0.0,0.0,False,True,True,True
HAIFAL,violation,zob_gda,4,0.0,0.0,0.0,0.0,0.0,False,True,True,True
HAIFAL,feasible,zob_gda,5,0.0,0.0,0.0,0.0,0.0,False,True,True,True
HAIFAL,violation,zob_gda,5,0.0,0.0,0.0,0.0,0.0,False,True,True,True
HAIFAL,feasible,zob_gda,6,0.0,0.0,0.0,0.0,0.0,False,True,True,True
HAIFAL,violation,zob_gda,6,0.0,0.0,0.0,0.0,0.0,False,True,True,True
HAIFAL,feasible,zob_gda,7,0.0,0.0,0.0,0.0,0.0,False,True,True,True
HAIFAL,violation,zob_gda,7,0.0,0.0,0.0,0.0,0.0,False,True,True,True
HAIFAL,feasible,zob_gda,8,0.0,0.0,0.0,0.0,0.0,False,True,True,True
HAIFAL,violation,zob_gda,8,0.0,0.0,0.0,0.0,0.0,False,True,True,True
HAIFAL,feasible,zob_gda,9,0.0,0.0,0.0,0.0,0.0,False,True,True,True
HAIFAL,violation,zob_gda,9,0.0,0.0,0.0,0.0,0.0,False,True,True,True
HAIFAL,feasible,zob_gda,10,0.0,0.0,0.0,0.0,0.0,False,True,True,True
HAIFAL,violation,zob_gda,10,0.0,0.0,0.0,0.0,0.0,False,True,True,True
HAIFAL,feasible,nomad_default,1,0.0,0.0,0.0,0.0,0.0,False,True,True,True
HAIFAL,violation,nomad_default,1,0.0,0.0,0.0,0.0,0.0,False,True,True,True
HAIFAL,feasible,nomad_default,2,0.0,0.0,0.0,0.0,0.0,False,True,True,True
HAIFAL,violation,nomad_default,2,0.0,0.0,0.0,0.0,0.0,False,True,True,True
HAIFAL,feasible,nomad_default,3,0.0,0.0,0.0,0.0,0.0,False,True,True,True
HAIFAL,violation,nomad_default,3,0.0,0.0,0.0,0.0,0.0,False,True,True,True
HAIFAL,feasible,nomad_default,4,0.0,0.0,0.0,0.0,0.0,False,True,True,True
HAIFAL,violation,nomad_default,4,0.0,0.0,0.0,0.0,0.0,False,True,True,True
HAIFAL,feasible,nomad_default,5,0.0,0.0,0.0,0.0,0.0,False,True,True,True
HAIFAL,violation,nomad_default,5,0.0,0.0,0.0,0.0,0.0,False,True,True,True
HAIFAL,feasible,nomad_default,6,0.0,0.0,0.0,0.0,0.0,False,True,True,True
HAIFAL,violation,nomad_default,6,0.0,0.0,0.0,0.0,0.0,False,True,True,True
HAIFAL,feasible,nomad_default,7,0.0,0.0,0.0,0.0,0.0,False,True,True,True
HAIFAL,violation,nomad_default,7,0.0,0.0,0.0,0.0,0.0,False,True,True,True
HAIFAL,feasible,nomad_default,8,0.0,0.0,0.0,0.0,0.0,False,True,True,True
HAIFAL,violation,nomad_default,8,0.0,0.0,0.0,0.0,0.0,False,True,True,True
HAIFAL,feasible,nomad_default,9,0.0,0.0,0.0,0.0,0.0,False,True,True,True
HAIFAL,violation,nomad_default,9,0.0,0.0,0.0,0.0,0.0,False,True,True,True
HAIFAL,feasible,nomad_default,10,0.0,0.0,0.0,0.0,0.0,False,True,True,True
HAIFAL,violation,nomad_default,10,0.0,0.0,0.0,0.0,0.0,False,True,True,True
HAIFAL,feasible,zoagp,1,0.0,0.0,0.0,0.0,0.0,False,True,True,True
HAIFAL,violation,zoagp,1,0.0,0.0,0.0,0.0,0.0,False,True,True,True
HAIFAL,feasible,zominmax,1,0.0,0.0,0.0,0.0,0.0,False,True,True,True
HAIFAL,violation,zominmax,1,0.0,0.0,0.0,0.0,0.0,False,True,True,True
HAIFAL,feasible,zominmax,2,0.0,0.0,0.0,0.0,0.0,False,True,True,True
HAIFAL,violation,zominmax,2,0.0,0.0,0.0,0.0,0.0,False,True,True,True
HAIFAL,feasible,zominmax,3,0.0,0.0,0.0,0.0,0.0,False,True,True,True
HAIFAL,violation,zominmax,3,0.0,0.0,0.0,0.0,0.0,False,True,True,True
HAIFAL,feasible,zominmax,4,-3.55321941995304e-05,5.0168070096790966e-05,-3.55321941995304e-05,5.0168070096790966e-05,-3.55321941995304e-05,False,True,True,True
HAIFAL,violation,zominmax,4,0.0,0.0,0.0,0.0,0.0,False,True,True,True
HAIFAL,feasible,zominmax,5,-4.4453013150965386e-05,6.294163775143474e-05,-4.4453013150965386e-05,6.294163775143474e-05,-4.4453013150965386e-05,False,True,True,True
HAIFAL,violation,zominmax,5,0.0,0.0,0.0,0.0,0.0,False,True,True,True
HAIFAL,feasible,zominmax,6,0.0,0.0,0.0,0.0,0.0,False,True,True,True
HAIFAL,violation,zominmax,6,0.0,0.0,0.0,0.0,0.0,False,True,True,True
HAIFAL,feasible,zominmax,7,-1.150659195893616e-05,2.0645500700835705e-05,-1.150659195893616e-05,2.0645500700835705e-05,-1.150659195893616e-05,False,True,True,True
HAIFAL,violation,zominmax,7,0.0,0.0,0.0,0.0,0.0,False,True,True,True
HAIFAL,feasible,zominmax,8,0.0,0.0,0.0,0.0,0.0,False,True,True,True
HAIFAL,violation,zominmax,8,0.0,0.0,0.0,0.0,0.0,False,True,True,True
HAIFAL,feasible,zominmax,9,-4.2661009506253075e-05,0.0,-4.2661009506253075e-05,0.0,-4.2661009506253075e-05,False,True,True,True
HAIFAL,violation,zominmax,9,0.0,0.0,0.0,0.0,0.0,False,True,True,True
HAIFAL,feasible,zominmax,10,-6.151360888507094e-05,7.552094846668094e-05,-6.151360888507094e-05,7.552094846668094e-05,-6.151360888507094e-05,False,True,True,True
HAIFAL,violation,zominmax,10,0.0,0.0,0.0,0.0,0.0,False,True,True,True
HAIFAL,feasible,szo_conex,1,-0.018957970980688937,0.0,-0.018957970980688937,0.0,-0.018957970980688937,False,True,True,True
HAIFAL,violation,szo_conex,1,0.0,0.0,0.0,0.0,0.0,False,True,True,True
HAIFAL,feasible,szo_conex,2,-0.01802225844881298,0.0,-0.01802225844881298,0.0,-0.01802225844881298,False,True,True,True
HAIFAL,violation,szo_conex,2,0.0,0.0,0.0,0.0,0.0,False,True,True,True
HAIFAL,feasible,szo_conex,3,-0.01972827201002552,0.0,-0.01972827201002552,0.0,-0.01972827201002552,False,True,True,True
HAIFAL,violation,szo_conex,3,0.0,0.0,0.0,0.0,0.0,False,True,True,True
HAIFAL,feasible,szo_conex,4,-0.016899899719860462,0.0,-0.016899899719860462,0.0,-0.016899899719860462,False,True,True,True
HAIFAL,violation,szo_conex,4,0.0,0.0,0.0,0.0,0.0,False,True,True,True
HAIFAL,feasible,szo_conex,5,-0.023211108595430453,0.0,-0.023211108595430453,0.0,-0.023211108595430453,False,True,True,True
HAIFAL,violation,szo_conex,5,0.0,0.0,0.0,0.0,0.0,False,True,True,True
HAIFAL,feasible,szo_conex,6,-0.02243431267015646,0.0,-0.02243431267015646,0.0,-0.02243431267015646,False,True,True,True
HAIFAL,violation,szo_conex,6,0.0,0.0,0.0,0.0,0.0,False,True,True,True
HAIFAL,feasible,szo_conex,7,-0.01719943351059567,0.0,-0.01719943351059567,0.0,-0.01719943351059567,False,True,True,True
HAIFAL,violation,szo_conex,7,0.0,0.0,0.0,0.0,0.0,False,True,True,True
HAIFAL,feasible,szo_conex,8,-0.020677128523223925,0.0,-0.020677128523223925,0.0,-0.020677128523223925,False,True,True,True
HAIFAL,violation,szo_conex,8,0.0,0.0,0.0,0.0,0.0,False,True,True,True
HAIFAL,feasible,szo_conex,9,-0.018025468747824167,0.0,-0.018025468747824167,0.0,-0.018025468747824167,False,True,True,True
HAIFAL,violation,szo_conex,9,0.0,0.0,0.0,0.0,0.0,False,True,True,True
HAIFAL,feasible,szo_conex,10,-0.02570573129967026,0.0,-0.02570573129967026,0.0,-0.02570573129967026,False,True,True,True
HAIFAL,violation,szo_conex,10,0.0,0.0,0.0,0.0,0.0,False,True,True,True
CAMSHAPE,violation,zob_sgda,1,-0.9987832514641716,0.42567435794725433,-0.9987832514641716,0.42567435794725433,0.42567435794725433,False,True,True,True
CAMSHAPE,violation,zob_sgda,2,-1.0000280599927152,0.6128685377175667,-1.0000280599927152,0.6128685377175667,0.6128685377175667,False,True,True,True
CAMSHAPE,violation,zob_sgda,3,-1.0001177390976999,0.49999630813999996,-1.0001177390976999,0.49999630813999996,0.49999630813999996,False,True,True,True
CAMSHAPE,violation,zob_sgda,4,-1.0013717443241688,0.3774281631653625,-1.0013717443241688,0.3774281631653625,0.3774281631653625,False,True,True,True
CAMSHAPE,violation,zob_sgda,5,-0.9999928722485782,0.3128661265351877,-0.9999928722485782,0.3128661265351877,0.3128661265351877,False,True,True,True
CAMSHAPE,violation,zob_sgda,6,-0.9984312109369775,0.5379547910991604,-0.9984312109369775,0.5379547910991604,0.5379547910991604,False,True,True,True
CAMSHAPE,violation,zob_sgda,7,-1.0008743952092964,0.38313022708861677,-1.0008743952092964,0.38313022708861677,0.38313022708861677,False,True,True,True
CAMSHAPE,violation,zob_sgda,8,-1.0004462210443157,0.42541246788922743,-1.0004462210443157,0.42541246788922743,0.42541246788922743,False,True,True,True
CAMSHAPE,violation,zob_sgda,9,-1.000210415973102,0.2995755511520395,-1.000210415973102,0.2995755511520395,0.2995755511520395,False,True,True,True
CAMSHAPE,violation,zob_sgda,10,-0.9979125326544014,0.5654755756857457,-0.9979125326544014,0.5654755756857457,0.5654755756857457,False,True,True,True
CAMSHAPE,violation,zob_gda,1,-1.0005239524603775,0.33245956062287974,-1.0005239524603775,0.33245956062287974,0.33245956062287974,False,True,True,True
CAMSHAPE,violation,zob_gda,2,-1.0003442647988572,0.3520841991633305,-1.0003442647988572,0.3520841991633305,0.3520841991633305,False,True,True,True
CAMSHAPE,violation,zob_gda,3,-0.9995912210651425,0.4275258289639805,-0.9995912210651425,0.4275258289639805,0.4275258289639805,False,True,True,True
CAMSHAPE,violation,zob_gda,4,-0.9999890664904361,0.42025182510938175,-0.9999890664904361,0.42025182510938175,0.42025182510938175,False,True,True,True
CAMSHAPE,violation,zob_gda,5,-0.9997907521324108,0.3037953530133503,-0.9997907521324108,0.3037953530133503,0.3037953530133503,False,True,True,True
CAMSHAPE,violation,zob_gda,6,-1.000714210849734,0.27737052264809026,-1.000714210849734,0.27737052264809026,0.27737052264809026,False,True,True,True
CAMSHAPE,violation,zob_gda,7,-0.9991751583421161,0.31243063944462374,-0.9991751583421161,0.31243063944462374,0.31243063944462374,False,True,True,True
CAMSHAPE,violation,zob_gda,8,-1.0000097307201008,0.22329416469635302,-1.0000097307201008,0.22329416469635302,0.22329416469635302,False,True,True,True
CAMSHAPE,violation,zob_gda,9,-1.000195588264305,0.46867384878036134,-1.000195588264305,0.46867384878036134,0.46867384878036134,False,True,True,True
CAMSHAPE,violation,zob_gda,10,-0.9999643618893981,0.22447034025735438,-0.9999643618893981,0.22447034025735438,0.22447034025735438,False,True,True,True
CAMSHAPE,violation,nomad_default,1,-1.0000449999999999,0.7464926162500003,-1.0000449999999999,0.7464926162500003,0.7464926162500003,False,True,True,True
CAMSHAPE,violation,nomad_default,2,-1.0,0.7499926162500001,-1.0,0.7499926162500001,0.7499926162500001,False,True,True,True
CAMSHAPE,violation,nomad_default,3,-1.0000408333333333,0.7474926211725004,-1.0000408333333333,0.7474926211725004,0.7474926211725004,False,True,True,True
CAMSHAPE,violation,nomad_default,4,-1.0,0.7499926162500001,-1.0,0.7499926162500001,0.7499926162500001,False,True,True,True
CAMSHAPE,violation,nomad_default,5,-1.0,0.7499926162500001,-1.0,0.7499926162500001,0.7499926162500001,False,True,True,True
CAMSHAPE,violation,nomad_default,6,-1.0,0.7499926162500001,-1.0,0.7499926162500001,0.7499926162500001,False,True,True,True
CAMSHAPE,violation,nomad_default,7,-1.0,0.7499926162500001,-1.0,0.7499926162500001,0.7499926162500001,False,True,True,True
CAMSHAPE,violation,nomad_default,8,-1.0,0.7499926162500001,-1.0,0.7499926162500001,0.7499926162500001,False,True,True,True
CAMSHAPE,violation,nomad_default,9,-1.0,0.7499926162500001,-1.0,0.7499926162500001,0.7499926162500001,False,True,True,True
CAMSHAPE,violation,nomad_default,10,-1.0,0.7499926162500001,-1.0,0.7499926162500001,0.7499926162500001,False,True,True,True
CAMSHAPE,violation,zoagp,1,-1.0180533363277597,0.08957135972979374,-1.0180533363277597,0.08957135972979374,0.08957135972979374,False,True,True,True
CAMSHAPE,violation,zominmax,1,-1.0019953580476801,0.4731123441166951,-1.0019953580476801,0.4731123441166951,0.4731123441166951,False,True,True,True
CAMSHAPE,violation,zominmax,2,-1.0014772377399035,0.48521651978020675,-1.0014772377399035,0.48521651978020675,0.48521651978020675,False,True,True,True
CAMSHAPE,violation,zominmax,3,-1.000134104254031,0.5312243318097629,-1.000134104254031,0.5312243318097629,0.5312243318097629,False,True,True,True
CAMSHAPE,violation,zominmax,4,-1.0036502618224812,0.5525878140311484,-1.0036502618224812,0.5525878140311484,0.5525878140311484,False,True,True,True
CAMSHAPE,violation,zominmax,5,-1.0011913137069597,0.5290662670472773,-1.0011913137069597,0.5290662670472773,0.5290662670472773,False,True,True,True
CAMSHAPE,violation,zominmax,6,-1.0003502006228249,0.5485479772866904,-1.0003502006228249,0.5485479772866904,0.5485479772866904,False,True,True,True
CAMSHAPE,violation,zominmax,7,-1.0006215466442892,0.5201437934859735,-1.0006215466442892,0.5201437934859735,0.5201437934859735,False,True,True,True
CAMSHAPE,violation,zominmax,8,-1.0002699116500986,0.5001672396063065,-1.0002699116500986,0.5001672396063065,0.5001672396063065,False,True,True,True
CAMSHAPE,violation,zominmax,9,-1.0009857201376513,0.5031874040712193,-1.0009857201376513,0.5031874040712193,0.5031874040712193,False,True,True,True
CAMSHAPE,violation,zominmax,10,-0.9992337948095196,0.5706451939418449,-0.9992337948095196,0.5706451939418449,0.5706451939418449,False,True,True,True
CAMSHAPE,violation,szo_conex,1,-1.0003068918870854,0.5294376884538856,-1.0003068918870854,0.5294376884538856,0.5294376884538856,False,True,True,True
CAMSHAPE,violation,szo_conex,2,-0.99927929204252,0.5468076638173911,-0.99927929204252,0.5468076638173911,0.5468076638173911,False,True,True,True
CAMSHAPE,violation,szo_conex,3,-1.0003303473319802,0.5535913742160066,-1.0003303473319802,0.5535913742160066,0.5535913742160066,False,True,True,True
CAMSHAPE,violation,szo_conex,4,-1.0002403727462874,0.5632988194920938,-1.0002403727462874,0.5632988194920938,0.5632988194920938,False,True,True,True
CAMSHAPE,violation,szo_conex,5,-1.0010002629097694,0.4736085445636987,-1.0010002629097694,0.4736085445636987,0.4736085445636987,False,True,True,True
CAMSHAPE,violation,szo_conex,6,-0.9994767075643192,0.5656230072021837,-0.9994767075643192,0.5656230072021837,0.5656230072021837,False,True,True,True
CAMSHAPE,violation,szo_conex,7,-0.9999167037051222,0.5601189768645889,-0.9999167037051222,0.5601189768645889,0.5601189768645889,False,True,True,True
CAMSHAPE,violation,szo_conex,8,-1.0001012514504255,0.5551846177151782,-1.0001012514504255,0.5551846177151782,0.5551846177151782,False,True,True,True
CAMSHAPE,violation,szo_conex,9,-1.0003780266340287,0.5629689769327628,-1.0003780266340287,0.5629689769327628,0.5629689769327628,False,True,True,True
CAMSHAPE,violation,szo_conex,10,-0.9990226893293179,0.48954603059253105,-0.9990226893293179,0.48954603059253105,0.48954603059253105,False,True,True,True
ROSEPETAL,reference,zob_sgda,102,-0.0003672828917330537,0.0,-0.0003672828917330537,0.0,-0.0003672828917330537,False,True,True,True
ROSEPETAL,feasible,zob_sgda,1,0.000628431936287023,0.0,0.000628431936287023,0.0,0.000628431936287023,False,True,True,True
ROSEPETAL,violation,zob_sgda,1,0.013170049138030897,0.0,0.013170049138030897,0.0,0.0,False,True,True,True
ROSEPETAL,feasible,zob_sgda,2,0.0006239056671242908,0.0,0.0006239056671242908,0.0,0.0006239056671242908,False,True,True,True
ROSEPETAL,violation,zob_sgda,2,0.013098664110973312,0.0,0.013098664110973312,0.0,0.0,False,True,True,True
ROSEPETAL,feasible,zob_sgda,3,0.0006242795519637016,0.0,0.0006242795519637016,0.0,0.0006242795519637016,False,True,True,True
ROSEPETAL,violation,zob_sgda,3,0.012974960559485271,0.0,0.012974960559485271,0.0,0.0,False,True,True,True
ROSEPETAL,feasible,zob_sgda,4,0.0006283971967685941,0.0,0.0006283971967685941,0.0,0.0006283971967685941,False,True,True,True
ROSEPETAL,violation,zob_sgda,4,0.013155648038195425,0.0,0.013155648038195425,0.0,0.0,False,True,True,True
ROSEPETAL,feasible,zob_sgda,5,0.0006255794318812801,0.0,0.0006255794318812801,0.0,0.0006255794318812801,False,True,True,True
ROSEPETAL,violation,zob_sgda,5,0.01303484529907008,0.0,0.01303484529907008,0.0,0.0,False,True,True,True
ROSEPETAL,feasible,zob_sgda,6,0.0006293771351903378,0.0,0.0006293771351903378,0.0,0.0006293771351903378,False,True,True,True
ROSEPETAL,violation,zob_sgda,6,0.01309683513396355,0.0,0.01309683513396355,0.0,0.0,False,True,True,True
ROSEPETAL,feasible,zob_sgda,7,0.000627060749889648,0.0,0.000627060749889648,0.0,0.000627060749889648,False,True,True,True
ROSEPETAL,violation,zob_sgda,7,0.01310411414075453,0.0,0.01310411414075453,0.0,0.0,False,True,True,True
ROSEPETAL,feasible,zob_sgda,8,0.0006285549314842434,0.0,0.0006285549314842434,0.0,0.0006285549314842434,False,True,True,True
ROSEPETAL,violation,zob_sgda,8,0.01306390638901127,0.0,0.01306390638901127,0.0,0.0,False,True,True,True
ROSEPETAL,feasible,zob_sgda,9,0.0006247936026558342,0.0,0.0006247936026558342,0.0,0.0006247936026558342,False,True,True,True
ROSEPETAL,violation,zob_sgda,9,0.013160065006143536,0.0,0.013160065006143536,0.0,0.0,False,True,True,True
ROSEPETAL,feasible,zob_sgda,10,0.0006277188479863883,0.0,0.0006277188479863883,0.0,0.0006277188479863883,False,True,True,True
ROSEPETAL,violation,zob_sgda,10,0.013018746012929516,0.0,0.013018746012929516,0.0,0.0,False,True,True,True
ROSEPETAL,feasible,zob_gda,1,-4.3588517064515793e-05,0.0,-4.3588517064515793e-05,0.0,-4.3588517064515793e-05,False,True,True,True
ROSEPETAL,violation,zob_gda,1,0.008459330187320148,0.0,0.008459330187320148,0.0,0.0,False,True,True,True
ROSEPETAL,feasible,zob_gda,2,-4.362721774155263e-05,0.0,-4.362721774155263e-05,0.0,-4.362721774155263e-05,False,True,True,True
ROSEPETAL,violation,zob_gda,2,0.00813103462771964,0.0,0.00813103462771964,0.0,0.0,False,True,True,True
ROSEPETAL,feasible,zob_gda,3,-4.371939251868457e-05,0.0,-4.371939251868457e-05,0.0,-4.371939251868457e-05,False,True,True,True
ROSEPETAL,violation,zob_gda,3,0.007207957756489891,0.0,0.007207957756489891,0.0,0.0,False,True,True,True
ROSEPETAL,feasible,zob_gda,4,-4.36583021632987e-05,0.0,-4.36583021632987e-05,0.0,-4.36583021632987e-05,False,True,True,True
ROSEPETAL,violation,zob_gda,4,0.008391323733173719,0.0,0.008391323733173719,0.0,0.0,False,True,True,True
ROSEPETAL,feasible,zob_gda,5,-4.3685139107153144e-05,0.0,-4.3685139107153144e-05,0.0,-4.3685139107153144e-05,False,True,True,True
ROSEPETAL,violation,zob_gda,5,0.007806510143370453,0.0,0.007806510143370453,0.0,0.0,False,True,True,True
ROSEPETAL,feasible,zob_gda,6,-4.3727832177816636e-05,0.0,-4.3727832177816636e-05,0.0,-4.3727832177816636e-05,False,True,True,True
ROSEPETAL,violation,zob_gda,6,0.007680817582541634,0.0,0.007680817582541634,0.0,0.0,False,True,True,True
ROSEPETAL,feasible,zob_gda,7,-4.3806427572707445e-05,0.0,-4.3806427572707445e-05,0.0,-4.3806427572707445e-05,False,True,True,True
ROSEPETAL,violation,zob_gda,7,0.0075509313883186215,0.0,0.0075509313883186215,0.0,0.0,False,True,True,True
ROSEPETAL,feasible,zob_gda,8,-4.3645247746375044e-05,0.0,-4.3645247746375044e-05,0.0,-4.3645247746375044e-05,False,True,True,True
ROSEPETAL,violation,zob_gda,8,0.008360972559590231,0.0,0.008360972559590231,0.0,0.0,False,True,True,True
ROSEPETAL,feasible,zob_gda,9,-4.375911013607002e-05,0.0,-4.375911013607002e-05,0.0,-4.375911013607002e-05,False,True,True,True
ROSEPETAL,violation,zob_gda,9,0.007888015424396192,0.0,0.007888015424396192,0.0,0.0,False,True,True,True
ROSEPETAL,feasible,zob_gda,10,-4.3559434116453045e-05,0.0,-4.3559434116453045e-05,0.0,-4.3559434116453045e-05,False,True,True,True
ROSEPETAL,violation,zob_gda,10,0.008881677390842608,0.0,0.008881677390842608,0.0,0.0,False,True,True,True
ROSEPETAL,violation,nomad_default,1,1.0,1.0,1.0,1.0,1.0,False,True,True,True
ROSEPETAL,violation,nomad_default,2,1.0,1.0,1.0,1.0,1.0,False,True,True,True
ROSEPETAL,violation,nomad_default,3,1.0,1.0,1.0,1.0,1.0,False,True,True,True
ROSEPETAL,violation,nomad_default,4,1.0,1.0,1.0,1.0,1.0,False,True,True,True
ROSEPETAL,violation,nomad_default,5,1.0,1.0,1.0,1.0,1.0,False,True,True,True
ROSEPETAL,violation,nomad_default,6,1.0,1.0,1.0,1.0,1.0,False,True,True,True
ROSEPETAL,violation,nomad_default,7,1.0,1.0,1.0,1.0,1.0,False,True,True,True
ROSEPETAL,violation,nomad_default,8,1.0,1.0,1.0,1.0,1.0,False,True,True,True
ROSEPETAL,violation,nomad_default,9,1.0,1.0,1.0,1.0,1.0,False,True,True,True
ROSEPETAL,violation,nomad_default,10,1.0,1.0,1.0,1.0,1.0,False,True,True,True
ROSEPETAL,feasible,zoagp,1,0.0016183177857104678,0.0,0.0016183177857104678,0.0,0.0016183177857104678,False,True,True,True
ROSEPETAL,violation,zoagp,1,0.013151485076196434,0.0,0.013151485076196434,0.0,0.0,False,True,True,True
ROSEPETAL,violation,zominmax,1,0.9825651588080717,0.9822911253147532,0.9825651588080717,0.9822911253147532,0.9822911253147532,False,True,True,True
ROSEPETAL,violation,zominmax,2,0.9750367388001849,0.9812920115307937,0.9750367388001849,0.9812920115307937,0.9812920115307937,False,True,True,True
ROSEPETAL,violation,zominmax,3,0.9792858214438693,0.9859542943634029,0.9792858214438693,0.9859542943634029,0.9859542943634029,False,True,True,True
ROSEPETAL,violation,zominmax,4,0.9829845319599412,0.9857023532966528,0.9829845319599412,0.9857023532966528,0.9857023532966528,False,True,True,True
ROSEPETAL,violation,zominmax,5,0.9704041810862154,0.9723433667961228,0.9704041810862154,0.9723433667961228,0.9723433667961228,False,True,True,True
ROSEPETAL,violation,zominmax,6,0.9865042694683166,0.9898347794329534,0.9865042694683166,0.9898347794329534,0.9898347794329534,False,True,True,True
ROSEPETAL,violation,zominmax,7,0.9827980156686354,0.9874648614919188,0.9827980156686354,0.9874648614919188,0.9874648614919188,False,True,True,True
ROSEPETAL,violation,zominmax,8,0.9615883141416702,0.9709443825131657,0.9615883141416702,0.9709443825131657,0.9709443825131657,False,True,True,True
ROSEPETAL,violation,zominmax,9,0.982052942658443,0.9866525673312031,0.982052942658443,0.9866525673312031,0.9866525673312031,False,True,True,True
ROSEPETAL,violation,zominmax,10,0.9777933518914594,0.9832275274080634,0.9777933518914594,0.9832275274080634,0.9832275274080634,False,True,True,True
ROSEPETAL,violation,szo_conex,1,0.9948060406334945,0.9896637680764788,0.9948060406334945,0.9896637680764788,0.9896637680764788,False,True,True,True
ROSEPETAL,violation,szo_conex,2,0.9947301072156818,0.9895466273524193,0.9947301072156818,0.9895466273524193,0.9895466273524193,False,True,True,True
ROSEPETAL,violation,szo_conex,3,0.9947165412463548,0.989444079727119,0.9947165412463548,0.989444079727119,0.989444079727119,False,True,True,True
ROSEPETAL,violation,szo_conex,4,0.9948125553640882,0.9896851466389772,0.9948125553640882,0.9896851466389772,0.9896851466389772,False,True,True,True
ROSEPETAL,violation,szo_conex,5,0.9946509472229428,0.9893935724474939,0.9946509472229428,0.9893935724474939,0.9893935724474939,False,True,True,True
ROSEPETAL,violation,szo_conex,6,0.9948692355068226,0.9897704835575682,0.9948692355068226,0.9897704835575682,0.9897704835575682,False,True,True,True
ROSEPETAL,violation,szo_conex,7,0.9947710291875577,0.9895966824489543,0.9947710291875577,0.9895966824489543,0.9895966824489543,False,True,True,True
ROSEPETAL,violation,szo_conex,8,0.9948083527700378,0.9896848467268213,0.9948083527700378,0.9896848467268213,0.9896848467268213,False,True,True,True
ROSEPETAL,violation,szo_conex,9,0.9946713650262518,0.9894272639597171,0.9946713650262518,0.9894272639597171,0.9894272639597171,False,True,True,True
ROSEPETAL,violation,szo_conex,10,0.9947139185805609,0.9894603237871485,0.9947139185805609,0.9894603237871485,0.9894603237871485,False,True,True,True
